name,dietary_type
1% fat buttermilk,Vegetarian
1% fat cottage cheese,Vegetarian
1% low-fat chocolate milk,Vegetarian
1% low-fat milk,Vegetarian
10 bean soup mix,Vegan
10 inch low-fat flour tortillas,Vegan
"10"" pie crust",Vegan
10% cream,Vegetarian
10-inch  deep dish pie crust,Vegan
10-inch baked pie shells,Vegan
10-inch corn tortillas,Vegan
10-inch flour tortilla,Vegan
10-inch flour tortillas,Vegan
10-inch pie shell,Vegan
10-inch sun-dried tomato tortillas,Vegan
10-inch unbaked deep-dish pie shell,Vegan
10-inch whole wheat  tortillas,Vegan
10-minute herb stuffing mix,Vegan
10-minute success rice,Vegan
100 proof vodka,Vegan
100% bran,Vegan
100-calorie honey maid cinnamon graham cracker crisps,Vegetarian
100-calorie snack pack tapioca pudding,Vegan
12-inch flour tortilla,Vegan
12-inch flour tortillas,Vegan
12-inch pizza crust,Vegan
12-inch tortilla,Vegan
13 bean soup mix,Vegan
15 bean mix,Vegan
15 bean soup mix,Vegan
15 inch pizza crusts,Vegan
15% cream,Vegetarian
16 bean mix,Vegan
18% table cream,Vegetarian
2% buttermilk,Vegetarian
2% cheddar cheese,Vegetarian
2% evaporated milk,Vegetarian
2% fat cottage cheese,Vegetarian
2% large-curd cottage cheese,Vegetarian
2% low-fat milk,Vegetarian
2% mexican cheese blend,Vegetarian
2% milk,Vegetarian
2% mozzarella cheese,Vegetarian
3 bean mix,Vegan
3-cheese gourmet cheddar blend cheese,Vegetarian
3-inch pie pastry tart shells,Vegan
3-inch tart shells,Vegan
35 % fresh cream,Vegetarian
35% cream,Vegetarian
4 grain bread flour,Vegan
4% fat cottage cheese,Vegetarian
5% fat ricotta cheese,Vegetarian
5-inch pitas,Vegan
6 cheese zesty mexican cheese blend,Vegetarian
6 inch fat-free whole wheat pita bread,Vegan
6-inch corn tortillas,Vegan
6-inch flour tortillas,Vegan
6-inch pitas,Vegan
6-inch tortillas,Vegan
6-inch whole wheat pitas,Vegan
6-inch whole wheat tortilla,Vegan
7 bean mix,Vegan
7-inch flour tortillas,Vegan
7-up,Vegan
7-up soda,Vegan
70% lean ground beef,Non-Vegetarian
8 inch pie shell,Vegan
8-grain bread,Vegan
8-inch 97% fat free flour tortillas,Vegan
8-inch baked pie shell,Vegan
8-inch double-crust pie shell,Vegan
8-inch fat-free flour tortillas,Vegan
8-inch flour tortillas,Vegan
8-inch graham cracker crust,Vegan
8-inch low-carb whole wheat tortilla,Vegan
8-inch pre-baked crumb crust,Vegan
8-inch ready-made graham cracker crust,Vegan
8-inch unbaked pie shell,Vegan
8-inch whole wheat flour tortillas,Vegan
80% lean ground beef,Non-Vegetarian
85% lean ground beef,Non-Vegetarian
9 in. unbaked pastry shell,Vegan
9 in. unbaked pastry shells,Vegan
9 in.baked pastry shell,Vegan
9 inch cake layers,Vegan
9 inch chocolate cookie crumb crust,Vegan
9 inch pie shell,Vegan
"9"" baked deep dish pie crust",Vegan
"9"" pastry crust with lattice top",Vegan
"9"" pastry pie shells",Vegan
"9"" pie shell",Vegan
"9"" unbaked pie crust",Vegan
"9"" unbaked pie shell",Vegan
"9"" unbaked pie shells",Vegan
9-grain bread,Vegan
9-inch baked pie crust,Vegan
9-inch baked pie crusts,Vegan
9-inch chocolate pie crust,Vegan
9-inch deep dish pie crust,Vegan
9-inch deep dish pie crusts,Vegan
9-inch double-crust pie shells,Vegan
9-inch flour tortillas,Vegan
9-inch graham cracker crust,Vegan
9-inch graham cracker crusts,Vegan
9-inch layers of chocolate cake,Vegan
9-inch low-fat chocolate graham cracker crust,Vegan
9-inch low-fat pie shell,Vegan
9-inch oreo cookie pie crust,Vegan
9-inch pie shell,Vegan
9-inch pie shells,Vegan
9-inch spinach tortillas,Vegan
90% lean ground beef,Non-Vegetarian
92% lean ground beef,Non-Vegetarian
93% lean ground beef,Non-Vegetarian
94% lean ground beef,Non-Vegetarian
95% lean ground beef,Non-Vegetarian
96% lean ground beef,Non-Vegetarian
97% fat-free cooked ham,Non-Vegetarian
97% fat-free shaved leg ham,Non-Vegetarian
97% lean ground beef,Non-Vegetarian
98% fat free broccoli cheese soup,Vegetarian
98% fat free condensed cream of celery soup,Vegetarian
98% fat free cream of broccoli soup,Vegetarian
98% fat-free cheddar cheese soup,Vegetarian
98% fat-free condensed mushroom soup,Vegan
98% fat-free cream of chicken soup,Non-Vegetarian
98% fat-free cream of mushroom soup,Vegetarian
98% fat-free honey ham,Non-Vegetarian
98% lean ground beef,Non-Vegetarian
99% fat free orange flavored yogurt,Vegetarian
a.1. original sauce,Vegan
a.1. steak sauce,Non-Vegetarian
abalone steak,Non-Vegetarian
absinthe,Vegan
absolut citron vodka,Vegan
absolut kurant vodka,Vegan
absolut mandarin vodka,Vegan
absolut vodka,Vegan
aburage,Vegan
accent seasoning,Vegan
aceto balsamico,Vegan
achar,Vegan
achiote,Vegan
achiote oil,Vegan
achiote paste,Vegan
achiote paste cubes,Vegan
achiote powder,Vegan
achiote seeds,Vegan
achute water,Vegan
acid blend,Vegan
acini di pepe pasta,Vegan
ackee,Vegan
acorn,Vegan
acorn meal,Vegan
acorn squash,Vegan
acorns,Vegan
active dry yeast,Vegan
active starter,Vegan
adobo sauce,Vegan
adobo seasoning,Vegan
adolph's meat tenderizer,Non-Vegetarian
advieh-e polo,Vegan
advocaat,Vegan
adzuki beans,Vegan
african bird pepper,Vegan
after dinner mints,Vegan
agar,Vegan
agar-agar,Vegan
agar-agar flakes,Vegan
agave,Vegan
agave nectar,Vegan
agave syrup,Vegan
aged cheddar cheese,Vegetarian
aged white cheddar cheese,Vegetarian
aguardiente,Vegan
agwa cocoa herbal liqueur,Vegan
ahi,Vegan
ahi fillets,Vegan
ahi tuna steaks,Non-Vegetarian
ahmed brand vermicelli,Vegan
aioli,Vegan
aji bell peppers,Vegan
aji panca chile,Vegan
aji panca chilies,Vegan
aji yellow paste,Vegan
aji-no-moto,Vegan
ajies dulces,Vegan
ajinomoto,Vegan
ajmoh seeds,Vegan
ajvar,Vegan
ajwain,Vegan
ajwain seed,Vegan
albacore tuna,Non-Vegetarian
albacore tuna in water,Non-Vegetarian
alcaparrado,Vegan
alcohol,Vegan
ale,Vegan
ale 8 soft drink,Vegan
aleppo pepper,Vegan
alfalfa,Vegan
alfalfa sprout,Vegan
alfalfa sprouts,Vegan
alfredo noodles mix,Vegan
alfredo sauce,Vegan
alfredo sauce mix,Vegan
alfredo sauce with parmesan cheese,Vegetarian
alize gold passion liqueur,Vegan
alize red passion liqueur,Vegan
all beef wieners,Non-Vegetarian
all bran extra fiber cereal,Vegan
all purpose greek seasoning,Vegan
all purpose wine yeast,Vegan
all-bran cereal,Vegan
all-bran cereal with raisins,Vegan
all-fruit jam,Vegan
all-fruit preserves,Vegan
all-purpose flour,Vegan
all-purpose white flour,Vegan
allegro marinade,Vegan
alligator meat,Non-Vegetarian
alligator sausage,Non-Vegetarian
alligator tail steaks,Vegan
allspice,Vegan
allspice berries,Vegan
allspice berry,Vegan
allwhites egg whites,Vegetarian
almond bark,Vegan
almond breeze non-dairy beverage,Vegan
almond brickle chips,Vegan
almond butter,Vegan
almond cookie,Vegan
almond cookies,Vegan
almond emulsion,Vegan
almond essence,Vegan
almond extract,Vegan
almond filling,Vegan
almond flavored liqueur,Vegan
almond flavoring,Vegan
almond flour,Vegan
almond granola,Vegan
almond halve,Vegan
almond halves,Vegan
almond joy candy bars,Vegan
almond liqueur,Vegan
almond meal,Vegan
almond milk,Vegan
almond oil,Vegan
almond paste,Vegan
almond powder,Vegan
almond syrup,Vegan
almond toffee bits,Vegan
almond-flavored liqueur,Vegan
almond-stuffed green olives,Vegan
almonds,Vegan
aloe juice,Vegan
aloe vera gel,Vegan
alouette spinach artichoke spreadable cheese,Vegetarian
alpha-bits cereal,Vegan
alphabet pasta,Vegan
alphabet pasta and vegetable soup,Vegan
alphonso mangoes,Vegan
alpine lace 97% reduced-fat cooked ham,Non-Vegetarian
alpine lace reduced-fat swiss cheese,Vegetarian
alum,Vegan
aluminum foil,Vegan
amaranth,Vegan
amaranth flour,Vegan
amaranth grain,Vegan
amaretti,Vegan
amaretti cookie,Vegan
amaretti cookie crumbs,Vegan
amaretti cookies,Vegan
amarettinis,Vegan
amaretto,Vegan
amaretto cookies,Vegan
amaretto cream liqueur,Vegetarian
amaretto di saronno liqueur,Vegan
amaretto flavored coffee creamer,Vegan
amaretto liqueur,Vegan
amaretto syrup,Vegan
amaretto-flavored coffee,Vegan
amaretto-flavored nondairy liquid creamer,Vegan
amarula cream liqueur,Vegetarian
amber beer,Vegan
amber rum,Vegan
amchoor powder,Vegan
amchur,Vegan
amchur powder,Vegan
american cheese,Vegetarian
american cheese spread,Vegetarian
amish batter,Vegan
amish starter,Vegan
ammonia,Vegan
amul paneer,Vegetarian
anaheim chili,Vegan
anaheim chilies,Vegan
anasazi beans,Vegan
ancho chili,Vegan
ancho chili puree,Vegan
ancho chilies,Vegan
anchovies,Non-Vegetarian
anchovies packed in oil,Non-Vegetarian
anchovy,Non-Vegetarian
anchovy essence,Non-Vegetarian
anchovy fillet,Non-Vegetarian
anchovy fillets,Non-Vegetarian
anchovy packed in oil,Non-Vegetarian
anchovy paste,Non-Vegetarian
anchovy stock cube,Non-Vegetarian
anchovy-stuffed olives,Non-Vegetarian
andes mint baking chips,Vegan
andes mint parfait thins,Vegan
andes mints candies,Vegan
andouille chicken sausage,Non-Vegetarian
andouille sausage,Non-Vegetarian
andouille sausages,Vegan
andouille turkey sausage,Non-Vegetarian
anejo cheese,Vegetarian
angel flake coconut,Vegan
angel food cake,Vegan
angel food cake mix,Vegan
angel hair pasta,Vegan
angel hair pasta with herbs mix,Vegan
angel hair with parmesan cheese pasta roni,Vegetarian
angelica,Vegan
angelica leaf,Vegan
angelica leaves,Vegan
angostura bitters,Vegan
angostura low-sodium worcestershire sauce,Non-Vegetarian
angus steaks,Vegan
animal crackers,Vegan
anise,Vegan
anise extract,Vegan
anise flavoring,Vegan
anise oil,Vegan
anise seed,Vegan
anise seeds,Vegan
anise-flavored liqueur,Vegan
anisette,Vegan
anjou pear,Vegan
anjou pears,Vegan
annatto oil,Vegan
annatto seeds,Vegan
annie's goddess dressing,Vegan
another sweetener,Vegan
antelope cutlets,Vegan
antelope steak,Non-Vegetarian
anthotiro,Vegan
antipasto mix,Vegan
any bottled italian dressing,Vegan
any desired flavoring,Vegan
any desired food coloring,Vegan
appenzeller cheese,Vegetarian
apple,Vegan
apple brandy,Vegan
apple butter,Vegetarian
apple chips,Vegan
apple cider,Vegan
apple cider vinegar,Vegan
apple cinnamon cheerios,Vegan
apple cinnamon granola cereal,Vegan
apple cinnamon quick bread mix,Vegan
apple crumble mix,Vegan
apple fruit filling and topping,Vegan
apple jack,Vegan
apple jacks cereal,Vegan
apple jelly,Vegan
apple juice,Vegan
apple juice concentrate,Vegan
apple liqueur,Vegan
apple peel,Vegan
apple pie,Vegan
apple pie filling,Vegan
apple pie filling with cinnamon,Vegan
apple pie spice,Vegan
apple rings,Vegan
apple schnapps,Vegan
apple sweetened fortified soya milk,Vegan
apple syrup,Vegan
apple tart mix,Vegan
apple vodka,Vegan
apple yogurt,Vegetarian
apple-raspberry juice concentrate,Vegan
apple-smoked bacon,Non-Vegetarian
applejack,Vegan
apples,Vegan
apples for pie,Vegan
apples for pies,Vegan
apples in syrup,Vegan
applesauce,Vegan
apricot,Vegan
apricot baby food,Vegan
apricot brandy,Vegan
apricot conserve,Vegan
apricot filling,Vegan
apricot fruit spread,Vegan
apricot gelatin,Non-Vegetarian
apricot halves,Vegan
apricot halves in juice,Vegan
apricot halves in light syrup,Vegan
apricot jam,Vegan
apricot jell-o,Non-Vegetarian
apricot juice,Vegan
apricot liqueur,Vegan
apricot marmalade,Vegan
apricot nectar,Vegan
apricot preserves,Vegan
apricot puree,Vegan
apricot syrup,Vegan
apricot with tapioca baby food,Vegan
apricot yoghurt,Vegetarian
apricot-pineapple preserves,Vegan
apricots,Vegan
apricots in juice,Vegan
apricots in light syrup,Vegan
apricots in syrup,Vegan
aquavit,Vegan
arabic bread,Vegan
arabic seven spice,Vegan
arabic spices,Vegan
arame seaweed,Vegan
arbol chile,Vegan
arbol chiles,Vegan
arbol chili powder,Vegan
arborio rice,Vegan
arctic char,Vegan
arepa flour,Vegan
argan oil,Vegan
arm roast,Vegan
armagnac,Vegan
aroma seasoning,Vegan
aromatic bitters,Vegan
arrack liqueur,Vegan
arrowroot,Vegan
arrowroot cookies,Vegan
artichoke,Vegan
artichoke and garlic sausage,Non-Vegetarian
artichoke bottom,Vegan
artichoke bottoms,Vegan
artichoke dip,Vegan
artichoke heart,Vegan
artichoke hearts,Vegan
artichoke hearts in brine,Vegan
artichoke hearts packed in oil,Vegan
artichoke pesto,Vegan
artichoke quarters in water,Vegan
artichokes,Vegan
artificial flower,Vegan
artificial sweetener,Vegan
artificial vanilla flavoring,Vegan
artisan bread,Vegan
arugula,Vegan
arugula leaf,Vegan
arugula leaves,Vegan
asadero cheese,Vegetarian
asafoetida powder,Vegan
ascorbic acid,Vegan
asiago 3-cheese blend,Vegetarian
asiago caesar salad dressing,Vegan
asiago cheese,Vegetarian
asiago cheese bagels,Vegetarian
asiago cheese croutons,Vegetarian
asiago cheese rolls,Vegetarian
asiago-parmesan cheese,Vegetarian
asian chili peppers,Vegan
asian chili sauce,Vegan
asian noodles,Vegan
asian pear,Vegan
asian pears,Vegan
asian rice flour,Vegan
asian seasoning,Vegan
asian-style dressing,Vegan
asparagus,Vegan
asparagus spear,Vegan
asparagus spears,Vegan
asparagus tips,Vegan
assorted crudites,Vegan
assorted fresh herb leaves,Vegan
assorted fresh vegetable,Vegan
assorted fresh vegetables,Vegan
assorted herbs,Vegan
asti spumante sparkling wine,Vegan
astragalus root,Vegan
atkins baking mix,Vegan
au gratin potato mix,Vegan
au gratin potatoes,Vegan
au jus mix,Vegan
au jus sauce,Vegan
aubergine,Vegan
aubergines,Vegan
aunt jane's krazy mixed up salt,Vegan
avgolemono sauce,Vegan
avocado,Vegan
avocado dip,Vegan
avocado oil,Vegan
avocados,Vegan
azuki beans,Vegan
b&m baked beans,Vegan
baby apricots,Vegan
baby artichoke,Vegan
baby artichokes,Vegan
baby arugula,Vegan
baby asparagus,Vegan
baby back rib rack,Vegan
baby back rib racks,Vegan
baby back ribs,Vegan
baby banana puree,Vegan
baby beef liver,Non-Vegetarian
baby beets,Vegan
baby bella mushroom,Vegan
baby bella mushrooms,Vegan
baby bok choy,Vegan
baby butter beans,Vegetarian
baby calamari,Non-Vegetarian
baby carrots,Vegan
baby chicken,Non-Vegetarian
baby chickens,Vegan
baby clams,Vegan
baby corn,Vegan
baby dill pickle,Vegan
baby dill pickles,Vegan
baby dou miao,Vegan
baby eggplant,Vegan
baby eggplants,Vegan
baby food,Vegan
baby french beans,Vegan
baby gourmet potato blend,Vegan
baby green pea,Vegan
baby green peas,Vegan
baby greens,Vegan
baby kai lan,Vegan
baby leaf lettuce,Vegan
baby leeks,Vegan
baby lettuces,Vegan
baby lima beans,Vegan
baby marrows,Vegan
baby mustard cress,Vegan
baby octopus,Non-Vegetarian
baby onion,Vegan
baby onions,Vegan
baby oysters,Vegan
baby peas,Vegan
baby plums,Vegan
baby portabella mushrooms,Vegan
baby potatoes,Vegan
baby red peppers,Vegan
baby red potato,Vegan
baby red potatoes,Vegan
baby rocket,Vegan
baby ruth candy bars,Vegan
baby salad leaves,Vegan
baby shrimp,Non-Vegetarian
baby spinach,Vegan
baby spinach leaves,Vegan
baby sweet corn cob,Vegan
baby sweet corn cobs,Vegan
baby swiss cheese,Vegetarian
baby tomatoes,Vegan
baby turnip,Vegan
baby turnips,Vegan
bacardi 151 rum,Vegan
bacardi dark rum,Vegan
bacardi fuzzy navel mix,Vegan
bacardi light rum,Vegan
bacardi limon,Vegan
bacardi o rum,Vegan
bacardi peach red rum,Vegan
back bacon,Non-Vegetarian
back ribs,Vegan
backfin crab meat,Non-Vegetarian
bacon,Non-Vegetarian
bacon bits,Non-Vegetarian
bacon cheddar cheese,Non-Vegetarian
bacon dip,Non-Vegetarian
bacon drippings,Non-Vegetarian
bacon fat,Non-Vegetarian
bacon grease,Non-Vegetarian
bacon piece,Non-Vegetarian
bacon pieces,Non-Vegetarian
bacon ranch dressing,Non-Vegetarian
bacos bacon bits,Non-Vegetarian
badam powder,Vegan
badia complete seasoning,Vegan
bagel,Vegan
bagel chips,Vegan
bagels,Vegan
bagoong,Vegan
baguette,Vegan
baharat,Vegan
baharat spice mix,Vegan
baileys caramel irish cream,Vegetarian
baileys irish cream,Vegetarian
baileys mint chocolate irish cream liqueur,Vegetarian
baileys original irish cream,Vegetarian
baked beans,Vegan
baked beans in tomato sauce,Vegan
baked beans with molasses,Vegan
baked cheese puffs,Vegetarian
baked corn tortilla chips,Vegan
baked potato chips,Vegan
baked tofu,Vegan
baker's angel flake sweetened coconut,Vegan
baker's german's chocolate,Vegan
baker's joy,Vegan
baker's semi-sweet baking chocolate,Vegan
baker's semi-sweet chocolate,Vegan
baker's special dry milk,Vegetarian
baker's unsweetened chocolate square,Vegan
baker's unsweetened chocolate squares,Vegan
baker's yeast,Vegan
baking ammonia,Vegan
baking apple,Vegan
baking apples,Vegan
baking chocolate,Vegan
baking chocolate squares,Vegan
baking cocoa,Vegan
baking hen,Vegan
baking hens,Vegan
baking mix,Vegan
baking potato,Vegan
baking potatoes,Vegan
baking powder,Vegan
baking powder biscuits,Vegan
baking sheet,Vegan
baking soda,Vegan
balkan style yogurt,Vegetarian
ballard cornbread mix,Vegan
balloons,Vegan
baloney,Vegan
balsamic dressing,Vegan
balsamic glaze,Vegan
balsamic syrup,Vegan
balsamic vinaigrette,Vegan
balsamic vinegar,Vegan
bamba,Vegan
bamboo leaves,Vegan
bamboo shoot,Vegan
bamboo shoots,Vegan
bamboo skewer,Vegan
bamboo skewers,Vegan
banana,Vegan
banana baby food,Vegan
banana blossom,Vegan
banana bread,Vegan
banana bread mix,Vegan
banana cake mix,Vegan
banana chips,Vegan
banana cream instant pudding,Vegetarian
banana cream pudding and pie filling mix,Vegetarian
banana extract,Vegan
banana flavoring,Vegan
banana flower,Vegan
banana flowers,Vegan
banana granola,Vegan
banana ice cream,Vegetarian
banana instant pudding,Vegan
banana ketchup,Vegan
banana leaf,Vegan
banana leaves,Vegan
banana liqueur,Vegan
banana milk,Vegetarian
banana muffin mix,Vegan
banana nut bread,Vegan
banana nut cheerios,Vegan
banana nut crunch cereal,Vegan
banana nut muffin mix,Vegan
banana pepper,Vegan
banana pepper juice,Vegan
banana pepper ring,Vegan
banana pepper rings,Vegan
banana peppers,Vegan
banana pulp,Vegan
banana rum,Vegan
banana schnapps,Vegan
banana squash,Vegan
banana syrup,Vegan
banana yogurt,Vegetarian
banana-blueberry yogurt,Vegetarian
banana-flavor brandy,Vegan
bananas,Vegan
bangers,Vegan
bangus,Vegan
barbados molasses,Vegan
barbecue baked beans,Vegan
barbecue potato chips,Vegan
barbecue sauce,Vegan
barbecue sauce concentrate,Vegan
barbecue seasoning,Vegan
barbecue skewers,Vegan
barbecue spice,Vegan
barbecued beef,Non-Vegetarian
barbecued chicken,Non-Vegetarian
barbecued pork,Non-Vegetarian
barberries,Vegan
barilla castellane,Vegan
barilla lasagna,Vegan
barilla linguine,Vegan
barilla mushroom & garlic sauce,Vegan
barilla sweet peppers & garlic sauce,Vegan
barley,Vegan
barley flour,Vegan
barley malt,Vegan
barley malt syrup,Vegan
barley miso,Vegan
barley nugget cereal,Vegan
barley pearls,Vegan
barley rusks,Vegan
barramundi fillets,Vegan
bartlett pear,Vegan
bartlett pears,Vegan
basa fillets,Vegan
basic mayonnaise recipe,Vegetarian
basic meatloaf,Vegan
basic pizza dough,Vegan
basil,Vegan
basil and parmesan tapenade,Vegetarian
basil chiffonade,Vegan
basil leaves,Vegan
basil mayonnaise,Vegetarian
basil oil,Vegan
basil olive oil,Vegan
basil pesto,Vegan
basil seeds,Vegan
basil sprig,Vegan
basil sprigs,Vegan
basil vinaigrette,Vegan
basmati rice,Vegan
basmati rice pilaf,Vegan
bass fillet,Vegan
bass fillets,Vegan
bath soap,Vegan
batter,Vegan
batter frying mix,Vegan
bavarian smoked cheese,Vegetarian
bavarian-style sweet sauerkraut,Vegan
bay bugs,Vegan
bay laurel powder,Vegan
bay leaf,Vegan
bay leaf powder,Vegan
bay leaves,Vegan
bay scallop,Vegan
bay scallops,Vegan
bay shrimp,Non-Vegetarian
bayou blast creole seasoning,Vegan
bean curd,Vegetarian
bean dip,Vegan
bean flour,Vegan
bean liquid,Vegan
bean medley,Vegan
bean paste,Vegan
bean sauce,Vegan
bean sprouts,Vegan
bean stock,Vegan
bean thread noodles,Vegan
bean thread vermicelli,Vegan
bean threads,Vegan
bean with bacon soup,Non-Vegetarian
beans,Vegan
beans and carrots vegetable mix,Vegan
beans in chili sauce,Vegan
bear meat,Non-Vegetarian
bear roast,Vegan
bear shaped graham crackers,Vegan
bear steak,Non-Vegetarian
bearnaise sauce,Vegan
bearnaise sauce mix,Vegan
beaten rice,Vegan
beau monde seasoning,Vegan
beau monde spice,Vegan
beaufort cheese,Vegetarian
beaujolais wine,Vegan
becel margarine,Vegan
becel oil,Vegan
bechamel sauce,Vegan
bee pollen,Vegan
beef,Non-Vegetarian
beef and onion soup mix,Non-Vegetarian
beef baby food,Non-Vegetarian
beef back ribs,Non-Vegetarian
beef bacon,Non-Vegetarian
beef base,Non-Vegetarian
beef blade roast,Non-Vegetarian
beef blade steak,Non-Vegetarian
beef bone,Non-Vegetarian
beef bones,Non-Vegetarian
beef bones with marrow,Non-Vegetarian
beef bouillon,Non-Vegetarian
beef bouillon concentrate,Non-Vegetarian
beef bouillon cube,Non-Vegetarian
beef bouillon cubes,Non-Vegetarian
beef bouillon granules,Non-Vegetarian
beef bouillon paste,Non-Vegetarian
beef bouillon powder,Non-Vegetarian
beef brains,Non-Vegetarian
beef brisket,Non-Vegetarian
beef broth,Non-Vegetarian
beef burgers,Non-Vegetarian
beef caps,Non-Vegetarian
beef cheek,Non-Vegetarian
beef cheeks,Non-Vegetarian
beef chuck,Non-Vegetarian
beef chuck with bone,Non-Vegetarian
beef consomme,Non-Vegetarian
beef consomme soup,Non-Vegetarian
beef cube steak,Non-Vegetarian
beef cube steaks,Non-Vegetarian
beef cutlet,Non-Vegetarian
beef cutlets,Non-Vegetarian
beef double bouillon cubes,Non-Vegetarian
beef drippings,Non-Vegetarian
beef extract,Non-Vegetarian
beef eye round,Non-Vegetarian
beef flank steak,Non-Vegetarian
beef flavored rice-a-roni,Non-Vegetarian
beef gravy,Non-Vegetarian
beef gravy granules,Non-Vegetarian
beef gravy mix,Non-Vegetarian
beef heart,Non-Vegetarian
beef hot dog,Non-Vegetarian
beef hot dogs,Non-Vegetarian
beef hot links,Non-Vegetarian
beef jerky,Non-Vegetarian
beef kabob skewers,Non-Vegetarian
beef kidney,Non-Vegetarian
beef kidneys,Non-Vegetarian
beef kielbasa,Non-Vegetarian
beef liver,Non-Vegetarian
beef loin steaks,Non-Vegetarian
beef marinade,Non-Vegetarian
beef marrow,Non-Vegetarian
beef medallions,Non-Vegetarian
beef mince,Non-Vegetarian
beef neck bone,Non-Vegetarian
beef ravioli,Non-Vegetarian
beef rib,Non-Vegetarian
beef rib eye roast,Non-Vegetarian
beef rib roast,Non-Vegetarian
beef ribs,Non-Vegetarian
beef roast,Non-Vegetarian
beef roast seasoning,Non-Vegetarian
beef round rump roast,Non-Vegetarian
beef round steak,Non-Vegetarian
beef round tip steak,Non-Vegetarian
beef round tip steaks,Non-Vegetarian
beef rump,Non-Vegetarian
beef salami,Non-Vegetarian
beef sausage,Non-Vegetarian
beef sausages,Non-Vegetarian
beef schnitzel,Non-Vegetarian
beef shank,Non-Vegetarian
beef shanks,Non-Vegetarian
beef shins,Non-Vegetarian
beef short rib,Non-Vegetarian
beef short ribs,Non-Vegetarian
beef short ribs with bones,Non-Vegetarian
beef shoulder,Non-Vegetarian
beef silverside,Non-Vegetarian
beef sirloin,Non-Vegetarian
beef sirloin steak,Non-Vegetarian
beef sirloin steaks,Non-Vegetarian
beef sirloin tip,Non-Vegetarian
beef snack sticks,Non-Vegetarian
beef soup mix,Non-Vegetarian
beef steak,Non-Vegetarian
beef steaks,Non-Vegetarian
beef stew,Non-Vegetarian
beef stew meat,Non-Vegetarian
beef stew seasoning,Non-Vegetarian
beef stock,Non-Vegetarian
beef stock cube,Non-Vegetarian
beef stock granules,Non-Vegetarian
beef stock mix,Non-Vegetarian
beef stock powder,Non-Vegetarian
beef stroganoff sauce mix,Non-Vegetarian
beef stuffing mix,Non-Vegetarian
beef suet,Non-Vegetarian
beef t-bone steaks,Non-Vegetarian
beef tail,Non-Vegetarian
beef tamales,Non-Vegetarian
beef taquitos,Non-Vegetarian
beef tenderloin,Non-Vegetarian
beef tenderloin fillets,Non-Vegetarian
beef tenderloin steak,Non-Vegetarian
beef tenderloin steaks,Non-Vegetarian
beef tip roast,Non-Vegetarian
beef tips,Non-Vegetarian
beef tongue,Non-Vegetarian
beef tongues,Non-Vegetarian
beef top round steak,Non-Vegetarian
beef tortellini,Non-Vegetarian
beef tournedos,Non-Vegetarian
beef vegetable and barley soup starter mix,Non-Vegetarian
beef-flavor ramen noodles,Non-Vegetarian
beef-flavored vegetarian seasoning,Vegan
beefsteak tomato,Vegan
beefsteak tomatoes,Vegan
beefy mushroom soup,Vegan
beer,Vegan
beer stick,Vegan
beer sticks,Vegan
beet,Vegan
beet juice,Vegan
beet kvas,Vegan
beet leaf,Vegan
beet leaves,Vegan
beet sugar,Vegan
beet with greens,Vegan
beetroot,Vegan
beetroots,Vegan
beets,Vegan
beets with greens,Vegan
beets with tops,Vegan
bel paese cheese,Vegetarian
belgian chocolate,Vegan
belgian endive,Vegan
bell pepper,Vegan
bell peppers,Vegan
bell's seasoning,Vegan
ben and jerry cherry garcia ice cream,Vegetarian
benedictine,Vegan
benefiber fiber supplement,Vegan
bengal gram dal,Vegan
bengali five-spice mix,Vegan
berbere,Vegan
bergamot leaves,Vegan
bergamot oil,Vegan
bermuda falernum,Vegan
bermuda onion,Vegan
bermuda onions,Vegan
bernsteins light fantastic cheese fantastico salad dressing,Vegetarian
berries,Vegan
berry blue gelatin mix,Non-Vegetarian
berry blue unsweetened kool-aid powdered drink mix,Vegan
berry gelatin,Non-Vegetarian
berry juice,Vegan
berry sugar,Vegan
berry yogurt,Vegetarian
besan,Vegan
besan flour,Vegan
best end of neck welsh lamb,Non-Vegetarian
best foods mayonnaise,Vegetarian
best olive oil,Vegan
better 'n peanut butter spread,Vegetarian
better than bouillon no beef base,Non-Vegetarian
better than cream cheese cream cheese substitute,Vegetarian
betty crocker au gratin potatoes,Vegan
betty crocker chicken helper chicken and herb rice,Non-Vegetarian
betty crocker cinnamon streusel muffin mix,Vegan
betty crocker double chocolate chunk cookie mix,Vegan
betty crocker fluffy white frosting mix,Vegan
betty crocker fudge brownie mix,Vegan
betty crocker lemon ready to spread frosting,Vegan
betty crocker potato buds,Vegan
betty crocker rich & creamy chocolate ready to spread frosting,Vegan
betty crocker suddenly pasta salad classic,Vegan
betty crocker super moist cake mix,Vegan
betty crocker super moist chocolate cake mix,Vegan
betty crocker super moist lemon cake mix,Vegan
betty crocker super moist white cake mix,Vegan
betty crocker super moist yellow cake mix,Vegan
betty crocker yellow cake mix,Vegan
betty crocker's hamburger helper,Vegan
bhutanese red rice,Vegan
bibb lettuce,Vegan
bicarbonate of soda,Vegan
bing cherries,Vegan
bing cherry,Vegan
bird chile,Vegan
bird chiles,Vegan
bird's custard mix,Vegetarian
bird's eye custard,Vegetarian
birds eye chile,Vegan
birds eye chiles,Vegan
birds eye frozen japanese-style vegetables,Vegan
biryani spice mix,Vegan
biscotti,Vegan
biscotti liqueur,Vegan
biscuit,Vegan
biscuit dough,Vegan
biscuit mix,Vegan
biscuits,Vegan
bison meat,Non-Vegetarian
bison new york strip steaks,Non-Vegetarian
bison round roast,Non-Vegetarian
bison tenderloin fillets,Non-Vegetarian
bisquick,Vegan
bisquick baking mix,Vegan
bisquick heart smart mix,Vegan
bisquick reduced-fat baking mix,Vegan
bisto,Vegan
bisto powder,Vegan
bit-o-honey candy bars,Vegetarian
bite size shredded whole wheat cereal,Vegan
bite-size cheddar cheese crackers,Vegetarian
bite-size fresh mozzarella cheese balls,Vegetarian
bitter almond oil,Vegan
bitter chocolate,Vegan
bitter cocoa powder,Vegan
bitter gourd,Vegan
bitter lemon soda,Vegan
bitter melon,Vegan
bitter melons,Vegan
bitters,Vegan
bittersweet baking chocolate,Vegan
bittersweet chocolate,Vegan
bittersweet chocolate chips,Vegan
bittersweet chocolate piece,Vegan
bittersweet chocolate pieces,Vegan
bittersweet chocolate square,Vegan
bittersweet chocolate squares,Vegan
bittersweet dark chocolate,Vegan
bittersweet hot cocoa,Vegan
blachan,Vegan
black and red pepper blend,Vegan
black bean and rice mix,Vegan
black bean dip,Vegan
black bean garlic sauce,Vegan
black bean paste,Vegan
black bean salsa,Vegan
black bean sauce,Vegan
black bean soup,Vegan
black beans,Vegan
black beans with cumin and chili powder,Vegan
black beans with jalapenos and lime juice,Vegan
black beans with lime juice,Vegan
black bread,Vegan
black cardamom pod,Vegan
black cardamom pods,Vegan
black caviar,Vegan
black channa,Vegan
black cherries,Vegan
black cherry gelatin,Non-Vegetarian
black cherry jell-o,Non-Vegetarian
black cherry rum,Vegan
black cod steaks,Vegan
black coffee,Vegan
black cumin,Vegan
black cumin seeds,Vegan
black currant jam,Vegan
black currant jelly,Vegan
black currant liqueur,Vegan
black currant nectar,Vegan
black currant syrup,Vegan
black currant tea bags,Vegan
black currants,Vegan
black decorating gel,Vegan
black food coloring,Vegan
black forest ham,Non-Vegetarian
black fungus mushrooms,Vegan
black gram,Vegan
black gram dal,Vegan
black grapes,Vegan
black greek olive,Vegan
black greek olives,Vegan
black ground cumin,Vegan
black japonica,Vegan
black kale,Vegan
black lentil paste,Vegan
black lentils,Vegan
black licorice,Vegan
black licorice strings,Vegan
black mission fig,Vegan
black mission figs,Vegan
black mushrooms,Vegan
black mustard seeds,Vegan
black olive paste,Vegan
black olives,Vegan
black pepper,Vegan
black pepper boursin cheese,Vegetarian
black peppercorns,Vegan
black plums,Vegan
black pudding,Vegan
black raspberries,Vegan
black rice,Vegan
black salt,Vegan
black sambuca,Vegan
black sesame seed,Vegan
black sesame seeds,Vegan
black soy,Vegan
black soy sauce,Vegan
black soybeans,Vegan
black sticky rice,Vegan
black tea,Vegan
black tea bags,Vegan
black tea leaves,Vegan
black treacle,Vegan
black truffle,Vegan
black truffles,Vegan
black turtle beans,Vegan
black vinegar,Vegan
black vodka,Vegan
black walnut,Vegan
black walnut flavoring,Vegan
black walnuts,Vegan
black-eyed peas,Vegan
black-eyed peas with jalapenos,Vegan
blackberries,Vegan
blackberries packed in water,Vegan
blackberry,Vegan
blackberry all-fruit spread,Vegan
blackberry brandy,Vegan
blackberry creme yogurt,Vegetarian
blackberry gelatin,Non-Vegetarian
blackberry jam,Vegan
blackberry jell-o,Non-Vegetarian
blackberry jelly,Vegan
blackberry juice,Vegan
blackberry liqueur,Vegan
blackberry pie filling,Vegan
blackberry preserves,Vegan
blackberry schnapps,Vegan
blackberry sherbet,Vegan
blackberry spreadable fruit,Vegan
blackberry syrup,Vegan
blackberry wine,Vegan
blackberry yogurt,Vegetarian
blackcurrant tea bags,Vegan
blackened chicken seasoning,Non-Vegetarian
blackened fish seasoning,Non-Vegetarian
blackened steak seasoning,Non-Vegetarian
blackening seasoning,Vegan
blackfish fillet,Vegan
blackstrap molasses,Vegan
blade pot roast,Vegan
blade roast,Vegan
blade steak,Non-Vegetarian
blade steaks,Vegan
blanched almond,Vegan
blanched almonds,Vegan
blanched slivered almond,Vegan
blanched slivered almonds,Vegan
bleach,Vegan
bleached all purpose flour,Vegan
bleached sultana raisins,Vegan
blended oatmeal,Vegan
blended red chili sauce,Vegan
blended scotch whisky,Vegan
bleu cheese salad dressing,Vegetarian
bleu cheese spread,Vegetarian
bleu de basque,Vegan
bleu de bresse cheese,Vegetarian
blintzes,Vegan
blood orange,Vegan
blood orange italian soda,Vegan
blood orange juice,Vegan
"blood orange, juice of",Vegan
blood oranges,Vegan
"blood oranges, juice of",Vegan
blood pudding sausage,Non-Vegetarian
blood sausage,Non-Vegetarian
bloody mary mix,Vegan
bloomers chile spice,Vegan
blt seasoning,Vegan
blue candy melts,Vegan
blue cheese,Vegetarian
blue cheese dressing,Vegetarian
blue cheese dressing mix,Vegetarian
blue cheese-stuffed olives,Vegetarian
blue corn tortilla chips,Vegan
blue corn tortillas,Vegan
blue cornmeal,Vegan
blue crab meat,Non-Vegetarian
blue crabs,Vegan
blue curacao,Vegan
blue curacao syrup,Vegan
blue food coloring,Vegan
blue gatorade,Vegan
blue grapes,Vegan
blue grenadier fillets,Vegan
blue hawaiian maui schnapps,Vegan
blue mussels,Vegan
blue plums,Vegan
blue potatoes,Vegan
blue-eye cod fillet,Vegan
blueberries,Vegan
blueberries in heavy syrup,Vegan
blueberries in light syrup,Vegan
blueberry bagels,Vegan
blueberry filling,Vegan
blueberry gelatin,Non-Vegetarian
blueberry ice cream,Vegetarian
blueberry jam,Vegan
blueberry juice,Vegan
blueberry liqueur,Vegan
blueberry muffin mix,Vegan
blueberry pie filling,Vegan
blueberry preserves,Vegan
blueberry sauce,Vegan
blueberry schnapps,Vegan
blueberry sorbet,Vegan
blueberry tea bags,Vegan
blueberry vinegar,Vegan
blueberry vodka,Vegan
blueberry wine,Vegan
blueberry yogurt,Vegetarian
blueberry-flavored syrup,Vegan
bluefish,Vegan
bluefish fillet,Vegan
bluefish fillets,Vegan
blush wine,Vegan
blush wine vinaigrette dressing,Vegan
boar,Non-Vegetarian
bob evans sausage,Non-Vegetarian
bob's red mill gluten-free all-purpose baking flour,Vegan
boboli pizza crust,Vegan
boboli pizza crusts,Vegan
boboli thin pizza shell,Vegan
boboli whole wheat pizza crust,Vegan
boca meatless ground burger,Vegan
bocconcini,Vegan
bock beer,Vegan
bockwurst,Vegan
boil-in-the-bag brown rice,Vegan
boil-in-the-bag rice,Vegan
boiled ham,Non-Vegetarian
boiled potatoes,Vegan
boiling onions,Vegan
boiling potato,Vegan
boiling potatoes,Vegan
boiling water,Vegan
bok choy,Vegan
bolillos rolls,Vegan
bologna,Non-Vegetarian
bologna sausage,Non-Vegetarian
bolognese sauce,Vegan
bombay duck,Non-Vegetarian
bon appetit seasoning mix,Vegan
bone-in beef rib roast,Non-Vegetarian
bone-in ham,Non-Vegetarian
bone-in pork roast,Non-Vegetarian
boned lamb,Non-Vegetarian
boned leg of veal,Non-Vegetarian
boned veal breasts,Non-Vegetarian
boneless atlantic salmon fillet,Non-Vegetarian
boneless beef brisket,Non-Vegetarian
boneless beef chuck,Non-Vegetarian
boneless beef chuck roast,Non-Vegetarian
boneless beef chuck shoulder pot roast,Non-Vegetarian
boneless beef chuck steak,Non-Vegetarian
boneless beef chuck steaks,Non-Vegetarian
boneless beef cube,Non-Vegetarian
boneless beef cubes,Non-Vegetarian
boneless beef loin,Non-Vegetarian
boneless beef rib roast,Non-Vegetarian
boneless beef ribs,Non-Vegetarian
boneless beef roast,Non-Vegetarian
boneless beef round steak,Non-Vegetarian
boneless beef rump roast,Non-Vegetarian
boneless beef shank,Non-Vegetarian
boneless beef short rib,Non-Vegetarian
boneless beef short ribs,Non-Vegetarian
boneless beef shoulder,Non-Vegetarian
boneless beef sirloin,Non-Vegetarian
boneless beef steak,Non-Vegetarian
boneless beef steaks,Non-Vegetarian
boneless beef tenderloin,Non-Vegetarian
boneless beef top loin steak,Non-Vegetarian
boneless beef top loin steaks,Non-Vegetarian
boneless beef top round,Non-Vegetarian
boneless beef top round steak,Non-Vegetarian
boneless beef top round steaks,Non-Vegetarian
boneless beef top sirloin steak,Non-Vegetarian
boneless beef top sirloin steaks,Non-Vegetarian
boneless blade steaks,Vegan
boneless boston pork roast,Non-Vegetarian
boneless bottom round roast,Vegan
boneless butterfly pork loin chop,Non-Vegetarian
boneless butterfly pork loin chops,Non-Vegetarian
boneless center cut pork chop,Non-Vegetarian
boneless center cut pork chops,Non-Vegetarian
boneless center cut pork loin roast,Non-Vegetarian
boneless chicken,Non-Vegetarian
boneless chicken breast,Non-Vegetarian
boneless chicken breast half,Non-Vegetarian
boneless chicken breast halves,Non-Vegetarian
boneless chicken breasts,Non-Vegetarian
boneless chicken thighs,Non-Vegetarian
boneless chuck roast,Vegan
boneless country-style ribs,Vegan
boneless cross-rib roast,Vegan
boneless duck breast,Non-Vegetarian
boneless duck breast halves,Non-Vegetarian
boneless duck breasts,Non-Vegetarian
boneless duck leg,Non-Vegetarian
boneless duck meat,Non-Vegetarian
boneless eye of round beef steak,Non-Vegetarian
boneless fish fillet,Non-Vegetarian
boneless fish fillets,Non-Vegetarian
boneless ham,Non-Vegetarian
boneless lamb,Non-Vegetarian
boneless lamb loin,Non-Vegetarian
boneless lamb roast,Non-Vegetarian
boneless lamb shoulder,Non-Vegetarian
boneless lamb stewing meat,Non-Vegetarian
boneless lean beef,Non-Vegetarian
boneless lean lamb,Non-Vegetarian
boneless lean pork,Non-Vegetarian
boneless leg of lamb,Non-Vegetarian
boneless pork,Non-Vegetarian
boneless pork blade roast,Non-Vegetarian
boneless pork butt,Non-Vegetarian
boneless pork butt shank steaks,Non-Vegetarian
boneless pork chop,Non-Vegetarian
boneless pork chops,Non-Vegetarian
boneless pork cushion roast,Non-Vegetarian
boneless pork cutlets,Non-Vegetarian
boneless pork filets,Non-Vegetarian
boneless pork loin,Non-Vegetarian
boneless pork loin chop,Non-Vegetarian
boneless pork loin chops,Non-Vegetarian
boneless pork loin roast,Non-Vegetarian
boneless pork loin steaks,Non-Vegetarian
boneless pork rib roast,Non-Vegetarian
boneless pork ribs,Non-Vegetarian
boneless pork roast,Non-Vegetarian
boneless pork shoulder,Non-Vegetarian
boneless pork sirloin,Non-Vegetarian
boneless pork sirloin tip roast,Non-Vegetarian
boneless pork steaks,Non-Vegetarian
boneless pork top loin,Non-Vegetarian
boneless rib-eye,Vegan
boneless rib-eye roast,Vegan
boneless rib-eye steak,Non-Vegetarian
boneless rib-eye steaks,Vegan
boneless rib-eyes,Vegan
boneless ribs,Vegan
boneless round roast,Vegan
boneless round steak,Non-Vegetarian
boneless salmon fillet,Non-Vegetarian
boneless salmon fillets,Non-Vegetarian
boneless shell steak,Non-Vegetarian
boneless short ribs,Vegan
boneless sirloin,Vegan
boneless sirloin pork chop,Non-Vegetarian
boneless sirloin pork chops,Non-Vegetarian
boneless sirloin steak,Non-Vegetarian
boneless sirloin steaks,Vegan
boneless sirloin tip roast,Vegan
boneless skinless chicken,Non-Vegetarian
boneless skinless chicken breast,Non-Vegetarian
boneless skinless chicken breast half,Non-Vegetarian
boneless skinless chicken breast halves,Non-Vegetarian
boneless skinless chicken breasts,Non-Vegetarian
boneless skinless chicken breasts in teriyaki sauce,Non-Vegetarian
boneless skinless chicken cutlet,Non-Vegetarian
boneless skinless chicken cutlets,Non-Vegetarian
boneless skinless chicken legs,Non-Vegetarian
boneless skinless chicken pieces,Non-Vegetarian
boneless skinless chicken thighs,Non-Vegetarian
boneless skinless cod,Vegan
boneless skinless duck breast halves,Non-Vegetarian
boneless skinless duck breasts,Non-Vegetarian
boneless skinless pheasant breasts,Vegan
boneless skinless pink salmon,Non-Vegetarian
boneless skinless salmon,Non-Vegetarian
boneless skinless salmon fillet,Non-Vegetarian
boneless skinless salmon fillets,Non-Vegetarian
boneless skinless smoked chicken breasts,Non-Vegetarian
boneless skinless turkey thighs,Non-Vegetarian
boneless skinned chicken breast,Non-Vegetarian
boneless skinned chicken breasts,Non-Vegetarian
boneless steak,Non-Vegetarian
boneless strip steaks,Vegan
boneless turkey breast,Non-Vegetarian
boneless turkey breast half,Non-Vegetarian
boneless turkey breast halves,Non-Vegetarian
boneless veal loin,Non-Vegetarian
boneless veal rump roast,Non-Vegetarian
boneless veal shoulder,Non-Vegetarian
boneless veal steaks,Non-Vegetarian
boneless venison sirloin,Non-Vegetarian
boneless white fish,Non-Vegetarian
boniato,Vegan
bonito flakes,Vegan
bonito stock,Vegan
bonito tuna,Non-Vegetarian
boone's farm strawberry hill wine,Vegan
borage,Vegan
borage leaves,Vegan
borax,Vegan
borlotti beans,Vegan
bosc pear,Vegan
bosc pears,Vegan
boston baked pork and beans,Non-Vegetarian
boston butt,Vegan
boston lettuce,Vegan
boston lettuce leaf,Vegan
boston lettuce leaves,Vegan
bottled chili sauce,Vegan
bottled clam broth,Non-Vegetarian
bottled clam juice,Non-Vegetarian
bottled garlic,Vegan
bottled hot pepper sauce,Vegan
bottled lemon juice,Vegan
bottled vinaigrette dressing,Vegan
bottled water,Vegan
bottlegourd,Vegan
bottom round beef roast,Non-Vegetarian
bottom round steak,Non-Vegetarian
bottom round steaks,Vegan
boucheron cheese,Vegetarian
boudin sausages,Vegan
bouillon,Vegan
bouillon cube,Vegan
bouillon cubes,Vegan
boule,Vegan
bouquet garni,Vegan
bourbon,Vegan
bourbon biscuits,Vegan
bourbon grilling sauce,Vegan
bourbon vanilla,Vegan
bourbon whiskey,Vegan
boursin cheese,Vegetarian
bovril powder,Vegan
bow tie pasta,Vegan
boysenberries,Vegan
boysenberry jam,Vegan
boysenberry syrup,Vegan
braeburn apple,Vegan
braeburn apples,Vegan
braggs amino acids,Vegan
braggs aminos,Vegan
braggs liquid aminos,Vegan
bran buds,Vegan
bran flakes,Vegan
bran flour,Vegan
bran-rich flour,Vegan
brandewijn,Vegan
brandied hard sauce,Vegan
brandied peaches,Vegan
brandy,Vegan
brandy extract,Vegan
brandy flavoring,Vegan
branston pickle,Vegan
bratwurst,Non-Vegetarian
bratwursts,Vegan
braunschweiger liver sausage,Non-Vegetarian
braunschweiger sausage,Non-Vegetarian
brazil nut,Vegan
brazil nuts,Vegan
bread,Vegan
bread and butter pickle juice,Vegetarian
bread and butter pickles,Vegetarian
bread bowl,Vegan
bread bowls,Vegan
bread cubes,Vegan
bread dough,Vegan
bread dressing,Vegan
bread enhancer,Vegan
bread flour,Vegan
bread improver,Vegan
bread machine dough,Vegan
bread machine flour,Vegan
bread machine quick-acting active dry yeast,Vegan
bread machine yeast,Vegan
bread mix,Vegan
bread mix for the bread machine,Vegan
bread pizza crust,Vegan
bread pudding,Vegan
bread round,Vegan
bread rounds,Vegan
bread spices,Vegan
bread stuffing mix,Vegan
breadcrumbs,Vegan
breaded chicken cutlets,Non-Vegetarian
breaded chicken nuggets,Non-Vegetarian
breaded chicken patties,Non-Vegetarian
breaded chicken tenders,Non-Vegetarian
breaded fish fillet,Non-Vegetarian
breaded fish fillets,Non-Vegetarian
breaded shrimp,Non-Vegetarian
breadfruit,Vegan
breading,Vegan
breadstick,Vegan
breadsticks,Vegan
breakfast cereal,Vegan
breakfast cookie,Vegan
breakfast sausage,Non-Vegetarian
breakfast sausage links,Non-Vegetarian
breakfast sausage patties,Non-Vegetarian
breakstone's sour cream,Vegetarian
bream,Vegan
breasts of veal,Non-Vegetarian
bresaola,Vegan
brewed black tea,Vegan
brewed chocolate almond flavored coffee,Vegan
brewed cinnamon hazelnut coffee,Vegan
brewed coffee,Vegan
brewed cranberry tea,Vegan
brewed decaffeinated coffee,Vegan
brewed espresso,Vegan
brewed green tea,Vegan
brewed hibiscus tea,Vegan
brewed orange spice tea,Vegan
brewed tea,Vegan
brewer's yeast,Vegan
brick cheese,Vegetarian
brickle bits,Vegan
brie cheese,Vegetarian
brie round,Vegetarian
brine,Vegan
brine-cured black olives,Vegan
brinjal,Vegan
brinjals,Vegan
brioche bread,Vegan
brioche rolls,Vegan
briskets,Vegan
bristol cream,Vegetarian
broad bean,Vegan
broad beans,Vegan
broad egg noodle,Vegetarian
broad egg noodles,Vegetarian
broccoflower,Vegan
broccoli,Vegan
broccoli and cheese flavored rice mix,Vegan
broccoli carrots and water chestnut mix,Vegan
broccoli cheese soup,Vegetarian
broccoli coleslaw mix,Vegan
broccoli floret,Vegan
broccoli florets,Vegan
broccoli raab,Vegan
broccoli rabe,Vegan
broccoli slaw mix,Vegan
broccoli spear,Vegan
broccoli spears,Vegan
broccoli sprouts,Vegan
broccoli stem,Vegan
broccoli stems,Vegan
broccolini,Vegan
broccosprouts,Vegan
broiler,Vegan
broiler chicken,Non-Vegetarian
broiler chickens,Vegan
broiler-fryer chicken,Non-Vegetarian
broiler-fryer chickens,Vegan
broken pretzel,Vegan
broken pretzels,Vegan
bronze scuppernongs,Vegan
bronzino,Vegan
broth,Vegan
broth seasonings,Vegan
brown ale,Vegan
brown and serve rolls,Vegan
brown and serve sausages,Vegan
brown and wild rice mix,Vegan
brown basmati rice,Vegan
brown bean sauce,Vegan
brown beans,Vegan
brown bouquet sauce,Vegan
brown bread,Vegan
brown breadcrumbs,Vegan
brown button mushroom,Vegan
brown button mushrooms,Vegan
brown cardamom pods,Vegan
brown flour,Vegan
brown gravy,Vegan
brown gravy mix,Vegan
brown lentils,Vegan
brown mustard,Vegan
brown mustard seeds,Vegan
brown onion,Vegan
brown onion soup mix,Vegan
brown onions,Vegan
brown paper bag,Vegan
brown paper bags,Vegan
brown rice,Vegan
brown rice flour,Vegan
brown rice miso,Vegan
brown rice pancake mix,Vegan
brown rice pasta,Vegan
brown rice syrup,Vegan
brown rice udon noodles,Vegan
brown rice vinegar,Vegan
brown sauce,Vegan
brown sesame seed,Vegan
brown sesame seeds,Vegan
brown stock,Vegan
brown sugar,Vegan
brown sugar baked beans,Vegan
brown sugar cinnamon syrup,Vegan
brown sugar cubes,Vegan
brown sugar ham,Non-Vegetarian
brown sugar substitute,Vegan
brown sugar twin,Vegan
brownberry herb stuffing mix,Vegan
brownie,Vegan
brownie mix,Vegan
brownie mix with walnuts,Vegan
brownies,Vegan
browning sauce,Vegan
brummel and brown spread,Vegan
brussels sprout,Vegan
brussels sprouts,Vegan
brut champagne,Vegan
bubblegum,Vegan
bucatini pasta,Vegan
buckwheat flakes,Vegan
buckwheat flour,Vegan
buckwheat groats,Vegan
buckwheat honey,Vegetarian
buckwheat noodle,Vegan
buckwheat noodles,Vegan
buckwheat pancake mix,Vegan
bud light beer,Vegan
buddig beef,Non-Vegetarian
budweiser beer,Vegan
buffalo,Vegan
buffalo flank steak,Non-Vegetarian
buffalo mozzarella,Vegetarian
buffalo roast,Vegan
buffalo steaks,Vegan
buffalo stew meat,Non-Vegetarian
buffalo wing sauce,Vegan
buffalo wings seasoning blend,Vegan
bugles nacho flavor snacks,Vegan
bugles original flavor snacks,Vegan
bulb of garlic,Vegan
bulbs of garlic,Vegan
bulbs shallots,Vegan
bulgar wheat,Vegan
bulgarian yogurt,Vegetarian
bulgur,Vegan
bulgur wheat,Vegan
bulk italian sausage,Non-Vegetarian
bulk pork sausage,Non-Vegetarian
bulk sausage,Non-Vegetarian
bull testicles,Vegan
bulls eye bold barbecue sauce,Vegan
bumble bee oysters,Vegan
bun,Vegan
bunny tracks ice cream,Vegetarian
buns,Vegan
burata cheese,Vegetarian
burdock root,Vegan
burghul,Vegan
burgundy cooking wine,Vegan
burgundy snails,Vegan
burgundy wine,Vegan
burnet root,Vegan
burnt sugar flavoring,Vegan
burrata cheese,Vegetarian
burrito seasoning mix,Vegan
burrito-size flour tortilla,Vegan
burrito-size flour tortillas,Vegan
burrito-size whole wheat tortilla,Vegan
burrito-size whole wheat tortillas,Vegan
burritos,Vegan
bush beans,Vegan
bush tomatoes,Vegan
bush's red beans,Vegan
bushmills whiskey,Vegan
butter,Vegetarian
butter beans,Vegetarian
butter brickle,Vegetarian
butter brickle ice cream,Vegetarian
butter buds,Vegetarian
butter cake mix with pudding,Vegetarian
butter chicken paste,Non-Vegetarian
butter cookie,Vegetarian
butter cookies,Vegetarian
butter croissants,Vegetarian
butter flavor crisco,Vegetarian
butter flavor extract,Vegetarian
butter flavor shortening,Vegetarian
butter flavored cracker,Vegetarian
butter flavored crackers,Vegetarian
butter flavoring,Vegetarian
butter lettuce,Vegetarian
butter lettuce leaf,Vegetarian
butter lettuce leaves,Vegetarian
butter mints,Vegetarian
butter peas,Vegetarian
butter pecan cake mix,Vegetarian
butter pecan flavoring,Vegetarian
butter pecan ice cream,Vegetarian
butter pound cake,Vegetarian
butter powder,Vegetarian
butter recipe cake mix,Vegetarian
butter rum syrup,Vegetarian
butter substitute,Vegetarian
butter toffee peanuts,Vegetarian
butter-flavored cooking spray,Vegetarian
butter-flavored cracker crumbs,Vegetarian
butter-flavored liqueur,Vegetarian
butter-flavored oil,Vegetarian
butter-flavored salt,Vegetarian
butter-flavored sprinkles,Vegetarian
butter-nut flavoring,Vegetarian
butter-rum flavoring,Vegetarian
butterball boneless breast of turkey,Non-Vegetarian
butterball fat free turkey,Non-Vegetarian
buttercream frosting,Vegan
buttercup squash,Vegan
buttered bread crumb,Vegan
buttered bread crumbs,Vegan
butterfinger bar,Vegan
butterfinger bb's,Vegan
butterfinger candy bar,Vegan
butterfinger candy bars,Vegan
butterfish,Vegan
butterfish fillets,Vegan
butterflied leg of lamb,Non-Vegetarian
butterfly pork chops,Non-Vegetarian
butterhead lettuce,Vegan
butterkase cheese,Vegetarian
buttermilk,Vegetarian
buttermilk baking mix,Vegetarian
buttermilk biscuit,Vegetarian
buttermilk biscuit mix,Vegetarian
buttermilk biscuits,Vegetarian
buttermilk dressing,Vegetarian
buttermilk pancake mix,Vegetarian
buttermilk ranch dressing,Vegetarian
buttermilk ranch salad dressing mix,Vegetarian
buttermilk-mayonnaise dressing mix,Vegetarian
butternut flavoring,Vegan
butternut pumpkin,Vegan
butternut snap biscuits,Vegan
butternut squash,Vegan
butternut squash seeds,Vegan
butternut squash soup,Vegan
butterscotch baking bits,Vegan
butterscotch cake mix,Vegan
butterscotch candies,Vegan
butterscotch candy,Vegan
butterscotch caramel sauce,Vegan
butterscotch chips,Vegan
butterscotch extract,Vegan
butterscotch flavoring,Vegan
butterscotch pudding,Vegan
butterscotch pudding mix,Vegan
butterscotch schnapps,Vegan
butterscotch sundae sauce,Vegan
butterscotch syrup,Vegan
butterscotch topping,Vegan
buttery cracker,Vegan
buttery crackers,Vegan
button mushroom,Vegan
button mushrooms,Vegan
cabana,Vegan
cabbage,Vegan
cabbage and carrot coleslaw mix,Vegan
cabbage coleslaw blend,Vegan
cabbage kimchi,Vegan
cabbage leaf,Vegan
cabbage leaves,Vegan
cabernet sauvignon wine,Vegan
cacao,Vegan
cachaca,Vegan
cacio di roma cheese,Vegetarian
caciocavallo,Vegan
cactus pieces,Vegan
cadbury caramello chocolate bars,Vegan
cadbury flake chocolate bar,Vegan
caerphilly cheese,Vegetarian
caesar ranch mayonnaise,Vegetarian
caesar salad dressing,Vegan
caesar salad dressing mix,Vegan
caesar-flavor croutons,Vegan
caffeine-free herbal berry tea bags,Vegan
caffeine-free instant coffee,Vegan
cajun blackened spice mix,Vegan
cajun butter injectable marinade,Vegetarian
cajun mustard,Vegan
cajun seasoning,Vegan
cajun spices,Vegan
cajun-louisiana seasoning blend,Vegan
cajun-style rice,Vegan
cajun-style sausage,Non-Vegetarian
cajun-style stewed tomatoes,Vegan
cake,Vegan
cake crumbs,Vegan
cake decorating gel,Vegan
cake decorations,Vegan
cake doughnuts,Vegan
cake flour,Vegan
cake mix,Vegan
cake tofu,Vegan
cake yeast,Vegan
cake-and-pastry flour,Vegan
calabaza squash,Vegan
calamari,Non-Vegetarian
calamari steak,Non-Vegetarian
calamari steaks,Non-Vegetarian
calcium powder,Vegan
calendula flowers,Vegan
calf liver,Non-Vegetarian
calf meat,Non-Vegetarian
california avocado,Vegan
california avocados,Vegan
california black figs,Vegan
california dried fig,Vegan
california dried figs,Vegan
california walnut,Vegan
california walnuts,Vegan
california-blend frozen vegetables,Vegan
calimyrna fig,Vegan
calimyrna figs,Vegan
callaloo,Vegan
calrose rice,Vegan
calvados,Vegan
cambozola cheese,Vegetarian
camembert cheese,Vegetarian
cameo apples,Vegan
camomile tea,Vegan
camomile tea bags,Vegan
camp coffee,Vegan
campanelle pasta,Vegan
campari,Vegan
campari tomatoes,Vegan
campbell southwest-style pepper jack soup,Vegan
campbell's cheddar cheese soup,Vegetarian
campbell's chicken gumbo soup,Non-Vegetarian
campbell's chicken soup,Non-Vegetarian
campbell's chunky beef with country vegetables soup,Non-Vegetarian
campbell's chunky ready to serve vegetable soup,Vegan
campbell's condensed beef broth,Non-Vegetarian
campbell's condensed chicken broth,Non-Vegetarian
campbell's condensed cream of asparagus soup,Vegetarian
campbell's condensed cream of celery soup,Vegetarian
campbell's condensed tomato soup,Vegan
campbell's condensed vegetable soup,Vegan
campbell's cream of chicken soup,Non-Vegetarian
campbell's cream of mushroom soup,Vegetarian
campbell's cream of shrimp soup,Non-Vegetarian
campbell's creamy ranchero tomato soup,Vegan
campbell's french onion soup,Vegan
campbell's golden mushroom soup,Vegan
campbell's half-fat condensed cream of mushroom soup,Vegetarian
campbell's healthy request cream of broccoli soup,Vegetarian
campbell's nacho cheese soup,Vegetarian
campbell's ready to serve minestrone soup,Vegan
campbell's split pea soup,Vegan
campbell's tomato soup,Vegan
campbell's tomato zest soup,Vegan
campbells condensed creamy verde soup,Vegan
campden tablets,Vegan
canada dry ginger ale,Vegan
canadian bacon,Non-Vegetarian
canadian cheddar cheese,Vegetarian
canadian rye whisky,Vegan
canary beans,Vegan
candied almonds,Vegan
candied apricots,Vegan
candied cherries,Vegan
candied cherry,Vegan
candied citron peel,Vegan
candied citrus peel,Vegan
candied clementine,Vegan
candied fruit,Vegan
candied ginger,Vegan
candied green cherries,Vegan
candied jalapeno peppers,Vegan
candied lemon peel,Vegan
candied mint leaves,Vegan
candied orange,Vegan
candied orange peel,Vegan
candied peanuts,Vegan
candied pecans,Vegan
candied peel,Vegan
candied pineapple,Vegan
candied red cherries,Vegan
candied tangerine zest,Vegan
candied violet,Vegan
candied violets,Vegan
candied walnuts,Vegan
candied yams,Vegan
candies,Vegan
candlenuts,Vegan
candles,Vegan
candy,Vegan
candy bar,Vegan
candy bars,Vegan
candy cane,Vegan
candy canes,Vegan
candy coated chocolate eggs,Vegan
candy coating,Vegan
candy corn,Vegan
candy covered plain chocolate candies,Vegan
candy hearts,Vegan
candy lemon slices,Vegan
candy molds,Vegan
candy oil,Vegan
candy orange slices,Vegan
candy pumpkins,Vegan
candy sprinkles,Vegan
candy valentine hearts,Vegan
candy-coated chocolates,Vegan
candy-covered almonds,Vegan
cane syrup,Vegan
canistel,Vegan
canned anchovy fillet,Non-Vegetarian
canned anchovy fillets,Non-Vegetarian
canned apricots,Vegan
canned artichoke bottoms in water,Vegan
canned artichoke heart,Vegan
canned artichoke hearts,Vegan
canned asparagus,Vegan
canned baby clams,Vegan
canned beef broth,Non-Vegetarian
canned beets,Vegan
canned black beans,Vegan
canned blueberries,Vegan
canned broth,Vegan
canned candied yams,Vegan
canned cannellini,Vegan
canned carrots,Vegan
canned cherry pie filling,Vegan
canned chick-peas,Vegan
canned chicken,Non-Vegetarian
canned chicken breast meat,Non-Vegetarian
canned chicken broth,Non-Vegetarian
canned chili,Vegan
canned chili peppers,Vegan
canned chilies,Vegan
canned chipotle chile,Vegan
canned chipotle chile puree,Vegan
canned chipotle chiles,Vegan
canned chocolate pie filling,Vegan
canned chow mein,Vegan
canned clams,Vegan
canned consomme,Vegan
canned corn,Vegan
canned corn kernel,Vegan
canned corn kernels,Vegan
canned corn niblet,Vegan
canned corn niblets,Vegan
canned crabmeat,Vegan
canned cranberries,Vegan
canned cranberry sauce,Vegan
canned crushed pineapple,Vegan
canned deviled ham,Non-Vegetarian
canned diced green chiles,Vegan
canned diced potatoes,Vegan
canned flaked ham,Non-Vegetarian
canned french snails,Vegan
canned fruit,Vegan
canned green beans,Vegan
canned ham,Non-Vegetarian
canned italian tomatoes,Vegan
canned jalapeno pepper,Vegan
canned jalapeno peppers,Vegan
canned jalapeno slices,Vegan
canned kidney beans,Non-Vegetarian
canned lemon pie filling,Vegan
canned lobster,Non-Vegetarian
canned lychees,Vegan
canned mandarin oranges,Vegan
canned mango,Vegan
canned milk,Vegetarian
canned mushroom,Vegan
canned mushroom slices,Vegan
canned mushrooms,Vegan
canned navy beans,Vegan
canned oysters,Vegan
canned peach halves,Vegan
canned peaches,Vegan
canned pears,Vegan
canned peas,Vegan
canned pimiento,Vegan
canned pineapple,Vegan
canned pineapple chunk,Vegan
canned pineapple chunks,Vegan
canned pineapple juice,Vegan
canned pink salmon,Non-Vegetarian
canned pinto beans,Vegan
canned plum tomatoes,Vegan
canned pumpkin,Vegan
canned pumpkin puree,Vegan
canned red beans,Vegan
canned red kidney beans,Non-Vegetarian
canned red salmon,Non-Vegetarian
canned salmon,Non-Vegetarian
canned salt-reduced spaghetti,Vegan
canned sauerkraut,Vegan
canned shrimp,Non-Vegetarian
canned sliced apples,Vegan
canned sliced potatoes,Vegan
canned snails,Vegan
canned solid-pack pumpkin,Vegan
canned sour cherries,Vegan
canned spaghetti and sauce,Vegan
canned spaghetti in tomato sauce,Vegan
canned spinach,Vegan
canned stewed tomatoes,Vegan
canned strawberries in syrup,Vegan
canned sweet potatoes,Vegan
canned tomatillos,Vegan
canned tomato,Vegan
canned tomato sauce,Vegan
canned tomatoes,Vegan
canned tuna,Non-Vegetarian
canned unsweetened coconut milk,Vegan
canned vegetable broth,Vegan
canned vegetables,Vegan
canned white beans,Vegan
canned whole cranberry sauce,Vegan
canned whole kernel corn,Vegan
canned whole potatoes,Vegan
canned whole tomatoes,Vegan
cannellini,Vegan
cannellini beans,Vegan
cannelloni tubes,Vegan
canning salt,Vegan
cannoli cones,Vegan
cannoli shells,Vegan
cannonball cabbage,Vegan
canola margarine,Vegan
canola oil,Vegan
canola oil cooking spray,Vegan
canola oil mayonnaise,Vegetarian
cantal cheese,Vegetarian
cantaloupe,Vegan
cantaloupe ball,Vegan
cantaloupe balls,Vegan
cantaloupe sherbet,Vegan
cantaloupes,Vegan
canton ginger and cognac liqueur,Vegan
cantonese roast pork,Non-Vegetarian
cantonese sauce,Vegan
cap'n crunch cereal,Vegan
capacola ham,Non-Vegetarian
capacola sausage,Non-Vegetarian
cape gooseberries,Vegan
capellini,Vegan
caper berries,Vegan
caper juice,Vegan
caperberries,Vegan
capers,Vegan
capers in brine,Vegan
capers packed in salt,Vegan
capicola,Vegan
capicola-mozzarella roll,Vegetarian
caponata,Vegan
capons,Vegan
cappelletti pasta,Vegan
cappuccino chips,Vegan
caprino cheese,Vegetarian
capsicum,Vegan
capsicum salsa,Vegan
capsicums,Vegan
captain morgan parrot bay coconut rum,Vegan
captain morgan silver spiced rum,Vegan
captain morgan's spiced rum,Vegan
carambola,Vegan
carambolas,Vegan
caramel,Vegan
caramel apple dip,Vegan
caramel candies,Vegan
caramel candy,Vegan
caramel coffee syrup,Vegan
caramel coloring,Vegan
caramel corn,Vegan
caramel extract,Vegan
caramel filled hersheys chocolate kisses,Vegan
caramel flavored cake mix,Vegan
caramel flavoring,Vegan
caramel ice cream topping,Vegetarian
caramel icing,Vegan
caramel liqueur,Vegan
caramel popped popcorn,Vegan
caramel pudding mix,Vegan
caramel sauce,Vegan
caramel squares,Vegan
caramel sundae syrup,Vegan
caramel syrup,Vegan
caramel topping,Vegan
caramel yogurt,Vegetarian
caramel-filled chocolate easter eggs,Vegetarian
caramel-flavored bits,Vegan
caramel-swirl ice cream,Vegetarian
caramelized onion,Vegan
caramels,Vegan
caraway powder,Vegan
caraway seed,Vegan
caraway seeds,Vegan
carb clever sliced peaches,Vegan
carbonated beverage,Vegan
carbonated beverages,Vegan
carbonated chocolate soda,Vegan
carbonated lemon-lime beverage,Vegan
carbonated lemonade,Vegan
carbonated water,Vegan
carbquik baking mix,Vegan
cardamom,Vegan
cardamom pod,Vegan
cardamom pods,Vegan
cardamom powder,Vegan
cardamom seed,Vegan
cardamom seeds,Vegan
cardamoms,Vegan
caribbean jerk marinade,Vegan
caribbean jerk seasoning,Vegan
caribe chile pepper,Vegan
caribou,Vegan
caribou roast,Vegan
carnaroli rice,Vegan
carnation evaporated milk,Vegetarian
carnation instant breakfast no-sugar-added french vanilla mix,Vegan
carnation instant milk,Vegetarian
carob chips,Vegan
carob chocolate bar,Vegan
carob powder,Vegan
carom seeds,Vegan
carp,Vegan
carrot,Vegan
carrot baby food,Vegan
carrot cake mix,Vegan
carrot curls,Vegan
carrot juice,Vegan
carrot sticks,Vegan
carrots,Vegan
casaba melon,Vegan
cascabel chiles,Vegan
cashew halves,Vegan
cashew milk,Vegan
cashew nuts,Vegan
cashew nuts paste,Vegan
cashew pieces,Vegan
cashews,Vegan
casing,Vegan
casings,Vegan
cassava,Vegan
cassava meal,Vegan
casserole mince,Vegan
cassia,Vegan
cassia buds,Vegan
cassia chips,Vegan
cassis de bordeaux,Vegan
caster,Vegan
caster sugar,Vegan
castor oil,Vegan
catalina dressing,Vegan
catfish,Vegan
catfish fillet,Vegan
catfish fillets,Vegan
catfish meat,Non-Vegetarian
catfish nuggets,Vegan
catnip,Vegan
catsup,Vegan
cauliflower,Vegan
cauliflower floret,Vegan
cauliflower florets,Vegan
cauliflower head,Vegan
cauliflower heads,Vegan
cauliflower stem,Vegan
cavatappi pasta,Vegan
cavatelli,Vegan
cavenders all purpose greek seasoning,Vegan
cavenders salt-free all purpose greek seasoning,Vegan
caviar,Vegan
cavolo nero,Vegan
cayenne,Vegan
cayenne pepper,Vegan
cayenne pepper sauce,Vegan
cayenne powder,Vegan
cedar plank,Vegan
cedar planks,Vegan
celeriac,Vegan
celery,Vegan
celery & leaves,Vegan
celery & tops,Vegan
celery heart,Vegan
celery hearts,Vegan
celery leaves,Vegan
celery powder,Vegan
celery rib,Vegan
celery ribs,Vegan
celery root,Vegan
celery salt,Vegan
celery sauce,Vegan
celery seed,Vegan
celery seeds,Vegan
celery soup,Vegan
celery top,Vegan
celery tops,Vegan
cellophane noodle,Vegan
cellophane noodles,Vegan
center-cut bacon,Non-Vegetarian
center-cut pork chops,Non-Vegetarian
center-cut pork loin,Non-Vegetarian
center-cut pork loin chop,Non-Vegetarian
center-cut pork loin chops,Non-Vegetarian
cento italian tomatoes,Vegan
cepe mushrooms,Vegan
cereal,Vegan
cereal bars,Vegan
cereal flake,Vegan
cereal flakes,Vegan
certo,Vegan
ceylon tea bag,Vegan
chablis,Vegan
chai concentrate,Vegan
chai latte concentrate,Vegan
chai tea,Vegan
chai tea mix,Vegan
chai tea teabags,Vegan
chaimen,Vegan
challah,Vegan
challah bread crumbs,Vegan
challah bread rolls,Vegan
chambord raspberry liquor,Vegan
chamomile flowers,Vegan
chamomile tea bag,Vegan
chamomile tea bags,Vegan
champagne,Vegan
champagne biscuits,Vegan
champagne dressing,Vegan
champagne grapes,Vegan
champagne vinegar,Vegan
champagne yeast,Vegan
champignon mushrooms,Vegan
chana,Vegan
chana dal powder,Vegan
channa dal,Vegan
chanterelle mushroom,Vegan
chanterelle mushrooms,Vegan
chapati,Vegan
chapati flour,Vegan
char siu pork,Non-Vegetarian
char siu sauce,Vegan
charcoal,Vegan
chard leaves,Vegan
chardonnay wine,Vegan
charmagaj paste,Vegan
charmagaz,Vegan
charoli nuts,Vegan
chat masala,Vegan
chayote,Vegan
chayotes,Vegan
cheddar and american blend cheese,Vegetarian
cheddar and colby cheese,Vegetarian
cheddar and monterey jack blend cheese,Vegetarian
cheddar bratwursts,Vegetarian
cheddar cheese,Vegetarian
cheddar cheese bread,Vegetarian
cheddar cheese cube,Vegetarian
cheddar cheese cubes,Vegetarian
cheddar cheese dip,Vegetarian
cheddar cheese powder,Vegetarian
cheddar cheese sauce,Vegetarian
cheddar cheese soup,Vegetarian
cheddar cheese spread,Vegetarian
cheddar french-fried onions,Vegetarian
cheddar garlic biscuit mix,Vegetarian
cheddar pasta sauce mix,Vegetarian
cheddarwurst,Vegan
cheemo perogies,Vegan
cheerios toasted oat cereal,Vegan
cheerwine soft drink,Vegan
cheese,Vegetarian
cheese and salsa dip,Vegetarian
cheese blintzes,Vegetarian
cheese cracker crumbs,Vegetarian
cheese crackers,Vegetarian
cheese curds,Vegetarian
cheese flavored popped popcorn,Vegetarian
cheese nips,Vegetarian
cheese pasta sauce,Vegetarian
cheese pastry,Vegetarian
cheese pizza,Vegetarian
cheese pizza mix,Vegetarian
cheese popcorn seasoning,Vegetarian
cheese ravioli,Vegetarian
cheese sauce,Vegetarian
cheese sauce mix,Vegetarian
cheese slice,Vegetarian
cheese slices,Vegetarian
cheese soup,Vegetarian
cheese spread,Vegetarian
cheese sticks,Vegetarian
cheese tortellini,Vegetarian
cheese wheel,Vegetarian
cheese whiz,Vegetarian
cheese-filled egg tortellini,Vegetarian
cheese-filled tortellini,Vegetarian
cheese-flavored granule,Vegetarian
cheese-flavored spaghetti sauce,Vegetarian
cheese-stuffed jalapeno peppers,Vegetarian
cheese-stuffed manicotti,Vegetarian
cheese-stuffed shells,Vegetarian
cheesecake,Vegan
cheesecake filling,Vegan
cheesecake flavor instant pudding and pie filling,Vegan
cheesecake flavor instant pudding and pie filling mix,Vegan
cheesecake mix,Vegan
cheesecloth,Vegan
cheetos cheese curls,Vegetarian
cheez whiz,Vegan
cheez-it crackers,Vegan
cheez-it white cheddar crackers,Vegetarian
chef boyardee spaghetti & meatballs,Vegan
cherimoya,Vegan
chermoula,Vegan
cherries,Vegan
cherries in juice,Vegan
cherries in syrup,Vegan
cherry 7-up,Vegan
cherry 7-up soda,Vegan
cherry brandy,Vegan
cherry cake mix,Vegan
cherry chip cake mix,Vegan
cherry chips,Vegan
cherry cola,Vegan
cherry drink mix,Vegan
cherry extract,Vegan
cherry flavored liqueur,Vegan
cherry frosting,Vegan
cherry fruit spread,Vegan
cherry gelatin,Non-Vegetarian
cherry heering,Vegan
cherry ice cream,Vegetarian
cherry jam,Vegan
cherry jell-o,Non-Vegetarian
cherry juice,Vegan
cherry kijafa wine,Vegan
cherry kool-aid,Vegan
cherry pepper,Vegan
cherry peppers,Vegan
cherry pie filling,Vegan
cherry powdered drink mix,Vegan
cherry preserves,Vegan
cherry pulp,Vegan
cherry ripe candy bars,Vegan
cherry schnapps,Vegan
cherry soda,Vegan
cherry syrup,Vegan
cherry tomatoes,Vegan
cherry vodka,Vegan
cherry wine,Vegan
cherry yogurt,Vegetarian
cherry-cranberry pie filling,Vegan
cherry-flavored dried cranberries,Vegan
cherrystone clams,Vegan
chervil,Vegan
cheshire cheese,Vegetarian
chestnut flour,Vegan
chestnut meats,Vegan
chestnut mushrooms,Vegan
chestnut puree,Vegan
chestnuts,Vegan
chevre cheese,Vegetarian
chevre cheese with herbs,Vegetarian
chevre cheese with peppers,Vegetarian
chewing gum,Vegan
chex cereal,Vegan
chex mix sweet and salty trail mix,Vegan
chi chi's restaurante fiesta seasoning mix,Vegan
chia powder,Vegan
chia seeds,Vegan
chianti wine,Vegan
chicken,Non-Vegetarian
chicken & herb classico rice-a-roni,Non-Vegetarian
chicken a 'la king,Non-Vegetarian
chicken and broccoli flavor rice-a-roni,Non-Vegetarian
chicken and corn soup,Non-Vegetarian
chicken and garlic rice,Non-Vegetarian
chicken and herb couscous mix,Non-Vegetarian
chicken and rice soup,Non-Vegetarian
chicken and roasted garlic ravioli,Non-Vegetarian
chicken and turkey sausage,Non-Vegetarian
chicken and wild rice soup,Non-Vegetarian
chicken and wild rice soup mix,Non-Vegetarian
chicken back,Non-Vegetarian
chicken backs and necks,Non-Vegetarian
chicken bacon,Non-Vegetarian
chicken base,Non-Vegetarian
chicken bone,Non-Vegetarian
chicken bones,Non-Vegetarian
chicken bouillon,Non-Vegetarian
chicken bouillon concentrate,Non-Vegetarian
chicken bouillon cube,Non-Vegetarian
chicken bouillon cubes,Non-Vegetarian
chicken bouillon granule,Non-Vegetarian
chicken bouillon granules,Non-Vegetarian
chicken bouillon mix,Non-Vegetarian
chicken bouillon powder,Non-Vegetarian
chicken breast,Non-Vegetarian
chicken breast fillet,Non-Vegetarian
chicken breast fillets,Non-Vegetarian
chicken breast half,Non-Vegetarian
chicken breast halve,Non-Vegetarian
chicken breast halves,Non-Vegetarian
chicken breast tenders,Non-Vegetarian
chicken breasts,Non-Vegetarian
chicken breasts marinated in tandoori paste,Non-Vegetarian
chicken broth,Non-Vegetarian
chicken broth soup,Non-Vegetarian
chicken broth with roasted garlic,Non-Vegetarian
chicken carcass,Non-Vegetarian
chicken carcasses,Non-Vegetarian
chicken cheese enchilada soup,Non-Vegetarian
chicken chilli,Non-Vegetarian
chicken chunks,Non-Vegetarian
chicken coating mix,Non-Vegetarian
chicken consomme,Non-Vegetarian
chicken curry powder,Non-Vegetarian
chicken cutlet,Non-Vegetarian
chicken cutlets,Non-Vegetarian
chicken drummettes,Non-Vegetarian
chicken drumstick,Non-Vegetarian
chicken drumsticks,Non-Vegetarian
chicken fat,Non-Vegetarian
chicken feet,Non-Vegetarian
chicken fillet,Non-Vegetarian
chicken fillets,Non-Vegetarian
chicken flavor instant bouillon,Non-Vegetarian
chicken flavor stuffing mix,Non-Vegetarian
chicken flavored bullion cube,Non-Vegetarian
chicken flavored bullion cubes,Non-Vegetarian
chicken frankfurters,Non-Vegetarian
chicken giblets,Non-Vegetarian
chicken gizzard,Non-Vegetarian
chicken gizzards,Non-Vegetarian
chicken gravy,Non-Vegetarian
chicken gravy mix,Non-Vegetarian
chicken gumbo soup,Non-Vegetarian
chicken halves,Non-Vegetarian
chicken heart,Non-Vegetarian
chicken hot dogs,Non-Vegetarian
chicken in a biscuit crackers,Non-Vegetarian
chicken leg,Non-Vegetarian
chicken leg meat,Non-Vegetarian
chicken leg quarter,Non-Vegetarian
chicken leg quarters,Non-Vegetarian
chicken legs,Non-Vegetarian
chicken legs with thigh,Non-Vegetarian
chicken legs-thighs,Non-Vegetarian
chicken liver,Non-Vegetarian
chicken livers,Non-Vegetarian
chicken meat,Non-Vegetarian
chicken mesquite marinade,Non-Vegetarian
chicken mid-joint wings,Non-Vegetarian
chicken mushroom soup,Non-Vegetarian
chicken neck,Non-Vegetarian
chicken noodle soup,Non-Vegetarian
chicken noodle soup mix,Non-Vegetarian
chicken parts,Non-Vegetarian
chicken piece,Non-Vegetarian
chicken pieces,Non-Vegetarian
chicken portions,Non-Vegetarian
chicken quarters,Non-Vegetarian
chicken ravioli,Non-Vegetarian
chicken rice pilaf mix,Non-Vegetarian
chicken rice soup,Non-Vegetarian
chicken rice-a-roni,Non-Vegetarian
chicken salad,Non-Vegetarian
chicken salt,Non-Vegetarian
chicken sausage,Non-Vegetarian
chicken scallops,Non-Vegetarian
chicken schnitzels,Non-Vegetarian
chicken seasoning,Non-Vegetarian
chicken seitan strips,Vegan
chicken soup,Non-Vegetarian
chicken soup base,Non-Vegetarian
chicken soup powder,Non-Vegetarian
chicken stew,Non-Vegetarian
chicken stock,Non-Vegetarian
chicken stock cube,Non-Vegetarian
chicken stock cubes,Non-Vegetarian
chicken stock paste,Non-Vegetarian
chicken stock powder,Non-Vegetarian
chicken stove top stuffing mix,Non-Vegetarian
chicken strips,Non-Vegetarian
chicken stuffing mix,Non-Vegetarian
chicken tamales,Non-Vegetarian
chicken taquitos,Non-Vegetarian
chicken tenderloins,Non-Vegetarian
chicken tenders,Non-Vegetarian
chicken thigh,Non-Vegetarian
chicken thigh fillet,Non-Vegetarian
chicken thigh fillets,Non-Vegetarian
chicken thigh pieces,Non-Vegetarian
chicken thighs,Non-Vegetarian
chicken wing sauce,Non-Vegetarian
chicken wings,Non-Vegetarian
chicken-apple sausages,Non-Vegetarian
chicken-filled tortellini,Non-Vegetarian
chicken-flavor oriental noodles,Non-Vegetarian
chicken-flavored ramen noodles,Non-Vegetarian
chicken-flavored vegetarian seasoning,Vegan
chicken-spinach sausages,Non-Vegetarian
chickle,Vegan
chickpea flour,Vegan
chickpea rice miso,Vegan
chickpea sprouts,Vegan
chickpeas,Vegan
chicory lettuce,Vegan
chihuahua cheese,Vegetarian
chile,Vegan
chile con queso,Vegan
chile jelly,Vegan
chile pepper jam,Vegan
chile powder,Vegan
chile puree,Vegan
chile salsa,Vegan
chile sauce with garlic,Vegan
chile tepins,Vegan
chile-infused tequila,Vegan
chiles de arbol,Vegan
chiles guajillos,Vegan
chili,Vegan
chili base,Vegan
chili bean,Vegan
chili bean paste,Vegan
chili bean sauce,Vegan
chili beans,Vegan
chili beans with chipotle pepper,Vegan
chili beef soup,Non-Vegetarian
chili con carne,Vegan
chili con carne with beans,Vegan
chili flakes,Vegan
chili hot beans,Vegan
chili hot mix,Vegan
chili oil,Vegan
chili paste,Vegan
chili paste with garlic,Vegan
chili paste with garlic and ginger,Vegan
chili paste with soybean,Vegan
chili paste with soybean oil,Vegan
chili pepper,Vegan
chili pepper flakes,Vegan
chili pepper pasta,Vegan
chili peppers,Vegan
chili pods,Vegan
chili powder,Vegan
chili sauce,Vegan
chili sauce mix,Vegan
chili seasoning mix,Vegan
chili starter,Vegan
chili vinegar,Vegan
chili with beans,Vegan
chili with beef and beans,Non-Vegetarian
chili with chicken and beans,Non-Vegetarian
chili without beans,Vegan
chili-flavored olive oil,Vegan
chili-flavored ramen noodles,Vegan
chili-garlic sauce,Vegan
chili-infused vodka,Vegan
chili-ready tomatoes,Vegan
chili-style ground beef,Non-Vegetarian
chilies,Vegan
chimayo chili powder,Vegan
chimichurri sauce,Vegan
china grass,Vegan
chinese barbecue pork,Non-Vegetarian
chinese barbecue sauce,Vegan
chinese barbecued duck,Non-Vegetarian
chinese bean garlic sauce,Vegan
chinese bean paste,Vegan
chinese bellflower,Vegan
chinese black mushrooms,Vegan
chinese cabbage,Vegan
chinese celery,Vegan
chinese chili sauce,Vegan
chinese chives,Vegan
chinese dry marinade,Vegan
chinese duck sauce,Non-Vegetarian
chinese egg noodles,Vegetarian
chinese eggplant,Vegan
chinese eggplants,Vegan
chinese five spice powder,Vegan
chinese hot mustard,Vegan
chinese jujube,Vegan
chinese jujubes,Vegan
chinese mustard,Vegan
chinese mustard pickle,Vegan
chinese noodles,Vegan
chinese pancakes,Vegan
chinese pea pod,Vegan
chinese pea pods,Vegan
chinese radishes,Vegan
chinese red peppers,Vegan
chinese red sauce,Vegan
chinese red vinegar,Vegan
chinese rice wine,Vegan
chinese salt,Vegan
chinese sausage,Non-Vegetarian
chinese sesame paste,Vegan
chinese vegetables,Vegan
chinese wheat noodles,Vegan
chinese white rice vinegar,Vegan
chinese white rice wine,Vegan
chinese wine,Vegan
chinkiang vinegar,Vegan
chipits,Vegan
chipolata sausages,Vegan
chipotle barbecue sauce,Vegan
chipotle cheddar cheese,Vegetarian
chipotle chile,Vegan
chipotle chile in adobo,Vegan
chipotle chiles,Vegan
chipotle chiles in adobo,Vegan
chipotle chili mayonnaise,Vegetarian
chipotle chili sauce,Vegan
chipotle chili seasoning,Vegan
chipotle garnishing sauce,Vegan
chipotle hot sauce,Vegan
chipotle mustard,Vegan
chipotle paste,Vegan
chipotle pepper,Vegan
chipotle pepper tortilla,Vegan
chipotle peppers,Vegan
chipotle salsa,Vegan
chipotle-flavored marinade,Vegan
chipped beef,Non-Vegetarian
chips,Vegan
chitterlings,Non-Vegetarian
chive & onion cream cheese,Vegetarian
chive and onion soft cream cheese spread,Vegetarian
chive blossoms,Vegan
chives,Vegan
choco-bake,Vegan
chocolate,Vegan
chocolate abuelita,Vegan
chocolate almond bark,Vegan
chocolate almond milk,Vegan
chocolate and mint cookies,Vegan
chocolate animal crackers,Vegan
chocolate bar,Vegan
chocolate bar with almonds,Vegan
chocolate bark,Vegan
chocolate bars,Vegan
chocolate bars with almonds,Vegan
chocolate bars with almonds and toffee,Vegan
chocolate biscuit,Vegan
chocolate biscuits,Vegan
chocolate buttercream icing,Vegan
chocolate cake,Vegan
chocolate cake doughnuts,Vegan
chocolate cake layers,Vegan
chocolate cake mix,Vegan
chocolate cake mix with pudding,Vegan
chocolate candy bar,Vegan
chocolate candy bars,Vegan
chocolate candy melts,Vegan
chocolate candy with almonds,Vegan
chocolate caramel coffee creamer,Vegan
chocolate caramel-covered wafers,Vegan
chocolate chex,Vegan
chocolate chip cookie,Vegan
chocolate chip cookie mix,Vegan
chocolate chip cookies,Vegan
chocolate chip ice cream,Vegetarian
chocolate chips,Vegan
chocolate chunk brownie mix,Vegan
chocolate chunks,Vegan
chocolate coins,Vegan
chocolate cookie crumb,Vegan
chocolate cookie crumbs,Vegan
chocolate cookie pie crust,Vegan
chocolate cookies,Vegan
chocolate cool whip,Vegan
chocolate covered peanut brittle,Vegan
chocolate cream,Vegetarian
chocolate cream liqueur,Vegetarian
chocolate cream-filled chocolate sandwich cookies,Vegetarian
chocolate crumb crust,Vegan
chocolate crumb crusts,Vegan
chocolate crumb pie shell,Vegan
chocolate cupcake,Vegan
chocolate cupcakes,Vegan
chocolate curls,Vegan
chocolate digestive biscuits,Vegan
chocolate dipped pecans,Vegan
chocolate egg,Vegetarian
chocolate eggs,Vegetarian
chocolate extract,Vegan
chocolate flavor instant pudding and pie filling mix,Vegan
chocolate flavored coffee,Vegan
chocolate flavored syrup,Vegan
chocolate flavoring,Vegan
chocolate frogs,Vegan
chocolate frosting,Vegan
chocolate frozen yogurt,Vegetarian
chocolate fudge cake,Vegan
chocolate fudge frosting,Vegan
chocolate fudge frosting mix,Vegan
chocolate fudge ice cream,Vegetarian
chocolate fudge instant pudding mix,Vegan
chocolate fudge pudding mix,Vegan
chocolate fudge topping,Vegan
chocolate gelato,Vegan
chocolate glaze,Vegan
chocolate graham cracker,Vegan
chocolate graham cracker crumbs,Vegan
chocolate graham cracker squares,Vegan
chocolate graham crackers,Vegan
chocolate graham wafer pie crust,Vegan
chocolate hazelnut chocolate chip biscuits,Vegan
chocolate hazelnut spread,Vegan
chocolate ice cream,Vegetarian
chocolate ice cream cones,Vegetarian
chocolate ice cream topping,Vegetarian
chocolate icing,Vegan
chocolate instant breakfast drink mix,Vegan
chocolate instant pudding,Vegan
chocolate kisses with almonds,Vegan
chocolate leaves,Vegan
chocolate liqueur,Vegan
chocolate liqueur cups,Vegan
chocolate malt powder,Vegan
chocolate marshmallows,Non-Vegetarian
chocolate milk,Vegetarian
chocolate mint kisses,Vegan
chocolate mint sandwich cookie,Vegan
chocolate mint wafers,Vegan
chocolate mousse mix,Vegan
chocolate pastry cream,Vegetarian
chocolate peanut butter,Vegetarian
chocolate piece,Vegan
chocolate pieces,Vegan
chocolate pound cake,Vegan
chocolate protein powder,Vegan
chocolate pudding,Vegan
chocolate pudding mix,Vegan
chocolate raspberry mousse mix,Vegan
chocolate reddi-wip topping,Vegan
chocolate ripple biscuits,Vegan
chocolate ripple ice cream,Vegetarian
chocolate rosettes,Vegan
chocolate sandwich style cookies,Vegan
chocolate sauce,Vegan
chocolate shavings,Vegan
chocolate sorbet,Vegan
chocolate sour cream frosting,Vegetarian
chocolate soymilk,Vegan
chocolate spread,Vegan
chocolate sprinkles,Vegan
chocolate square,Vegan
chocolate squares,Vegan
chocolate star,Vegan
chocolate stars,Vegan
chocolate stick,Vegan
chocolate sticks,Vegan
chocolate stout,Vegan
chocolate sundae syrup,Vegan
chocolate swiss rolls,Vegetarian
chocolate syrup,Vegan
chocolate truffle,Vegan
chocolate truffle coffee,Vegan
chocolate truffles,Vegan
chocolate turtle chex mix,Vegan
chocolate vodka,Vegan
chocolate wafer,Vegan
chocolate wafer cookie,Vegan
chocolate wafer cookies,Vegan
chocolate wafer crumbs,Vegan
chocolate wafer pie crust,Vegan
chocolate wafers,Vegan
chocolate whey protein powder,Vegetarian
chocolate whipped cream,Vegetarian
chocolate with fruit and nuts,Vegan
chocolate yogurt,Vegetarian
chocolate-cherry ice cream,Vegetarian
chocolate-coated biscuits,Vegan
chocolate-coated honeycomb candy,Vegan
chocolate-covered almonds,Vegan
chocolate-covered brazil nuts,Vegan
chocolate-covered caramel candie,Vegan
chocolate-covered caramel candies,Vegan
chocolate-covered cherries,Vegan
chocolate-covered cherry,Vegan
chocolate-covered coffee beans,Vegan
chocolate-covered english toffee bar,Vegan
chocolate-covered english toffee bars,Vegan
chocolate-covered espresso beans,Vegan
chocolate-covered graham cracker cookies,Vegan
chocolate-covered macaroons,Vegan
chocolate-covered mint candies,Vegan
chocolate-covered nuts,Vegan
chocolate-covered peanut butter cups,Vegetarian
chocolate-covered peanuts,Vegan
chocolate-covered pretzels,Vegan
chocolate-covered raisins,Vegan
chocolate-covered toffee bits,Vegan
chocolate-covered wafers,Vegan
chocolate-flavor crisp rice cereal,Vegan
chocolate-flavor nestle nesquik powder,Vegan
chocolate-flavored candy coating,Vegan
chocolate-flavored liqueur,Vegan
chocolate-flavored liquid stevia,Vegan
chocolate-flavored pie crusts,Vegan
chokecherries,Vegan
chokecherry juice,Vegan
chokos,Vegan
cholesterol-free egg noodles,Vegetarian
cholesterol-free egg substitute,Vegetarian
cholesterol-free fat free egg substitute,Vegetarian
cholesterol-free margarine,Vegan
cholesterol-free oil,Vegan
cholesterol-free reduced-calorie mayonnaise,Vegetarian
chop suey vegetables,Vegan
chopped clams with juice,Vegan
chopped coconut,Vegan
chopped maple walnuts,Vegan
chopped mixed candied fruits and peels,Vegan
chopped pimiento,Vegan
chopped tomato,Vegan
chopped tomatoes,Vegan
chorizo sausage,Non-Vegetarian
chorizo sausages,Vegan
chow chow,Vegan
chow mein noodles,Vegan
choy sum,Vegan
christophene,Vegan
chuck,Vegan
chuck arm pot roast,Vegan
chuck eye steak,Non-Vegetarian
chuck roast,Vegan
chuck steak,Non-Vegetarian
chuck steaks,Vegan
chung choi,Vegan
chunk chicken,Non-Vegetarian
chunk light tuna,Non-Vegetarian
chunk pineapple,Vegan
chunk tuna,Non-Vegetarian
chunky applesauce,Vegan
chunky garden combination pasta sauce,Vegan
chunky marinara sauce,Vegan
chunky peanut butter,Vegetarian
chunky picante sauce,Vegan
chunky salsa,Vegan
chunky tomato pasta sauce,Vegan
chunky turkey pot pie soup,Non-Vegetarian
chutney,Vegan
chutney sauce,Vegan
ciabatta,Vegan
ciabatta roll,Vegan
ciabatta rolls,Vegan
ciclon,Vegan
cider,Vegan
cider vinegar,Vegan
cilantro,Vegan
cilantro chutney,Vegan
cilantro leaf,Vegan
cilantro leaves,Vegan
cilantro leaves and stems,Vegan
cilantro lime salad dressing,Vegan
cilantro paste,Vegan
cilantro roots,Vegan
cilantro salsa,Vegan
cilantro stems,Vegan
cinnamon,Vegan
cinnamon apple tea bag,Vegan
cinnamon apple tea bags,Vegan
cinnamon applesauce,Vegan
cinnamon bagel chips,Vegan
cinnamon baking chips,Vegan
cinnamon bark,Vegan
cinnamon biscuits,Vegan
cinnamon cappuccino instant coffee mix,Vegan
cinnamon chex cereal,Vegan
cinnamon crumb cake mix,Vegan
cinnamon dolce syrup,Vegan
cinnamon doughnuts,Vegan
cinnamon extract,Vegan
cinnamon flav-r-bite,Vegan
cinnamon goldfish graham snacks,Vegan
cinnamon graham cracker crumbs,Vegan
cinnamon graham crackers,Vegan
cinnamon ice cream,Vegetarian
cinnamon oil,Vegan
cinnamon raisin bagel,Vegan
cinnamon raisin bread,Vegan
cinnamon raisin english muffin,Vegan
cinnamon roll dough,Vegan
cinnamon rolls,Vegan
cinnamon schnapps,Vegan
cinnamon spread,Vegan
cinnamon stick,Vegan
cinnamon stick candies,Vegan
cinnamon sticks,Vegan
cinnamon streusel topping,Vegan
cinnamon sugar,Vegan
cinnamon syrup,Vegan
cinnamon tea bags,Vegan
cinnamon toast crunch cereal,Vegan
cinnamon vodka,Vegan
cinnamon yogurt,Vegetarian
cinnamon-nutmeg ice creme,Vegan
cinnamon-raisin bread,Vegan
cinnamon-sugar mixture,Vegan
cinnamon-swirl bread,Vegan
cipollini onion,Vegan
cipollini onions,Vegan
citric acid,Vegan
citron,Vegan
citronge,Vegan
citrus fruit,Vegan
citrus juice,Vegan
citrus peel,Vegan
citrus peels,Vegan
citrus ponzu soy sauce,Vegan
citrus punch,Vegan
citrus slices,Vegan
citrus vinaigrette dressing,Vegan
citrus zest,Vegan
citrus-infused rum,Vegan
citrus-infused vodka,Vegan
clam,Non-Vegetarian
clam base,Non-Vegetarian
clam broth,Non-Vegetarian
clam chowder,Non-Vegetarian
clam juice,Non-Vegetarian
clamato juice,Vegan
clams,Vegan
clams in shell,Vegan
claret wine,Vegan
clarified butter,Vegetarian
classico alfredo with sun dried tomatoes,Vegan
classico sun dried tomato and basil pasta sauce,Vegan
classico tomato and basil pasta sauce,Vegan
clay flower pots,Vegan
clean jars,Vegan
cleaner,Vegan
clear beef broth,Non-Vegetarian
clear broth,Vegan
clear creme de menthe,Vegan
clear honey,Vegetarian
clear jel,Vegan
clementine,Vegan
clementine juice,Vegan
clementine zest,Vegan
clementines,Vegan
"clementines, juice and zest of",Vegan
"clementines, zest of",Vegan
cling peach halves,Vegan
cloth,Vegan
clotted cream,Vegetarian
cloud ear mushrooms,Vegan
cloudberries,Vegan
cloudberry jam,Vegan
clove,Vegan
clove oil,Vegan
clove powder,Vegan
cloves,Vegan
club crackers,Vegan
"club house ""lagrille"" vegetable seasoning",Vegan
club house greek seasoning,Vegan
club soda,Vegan
clubhouse spicy pepper medley,Vegan
coarse black pepper,Vegan
coarse grain mustard,Vegan
coarse ground beef,Non-Vegetarian
coarse ground pepper,Vegan
coarse salt,Vegan
coarse sea salt,Vegan
coarse sugar,Vegan
coarse unseasoned bread crumbs,Vegan
coarse wheat flour,Vegan
coarse-ground mustard,Vegan
coating mix,Vegan
coca-cola,Vegan
coca-cola classic,Vegan
cochineal,Vegan
cockles,Vegan
cocktail bread,Vegan
cocktail frankfurters,Vegan
cocktail franks,Vegan
cocktail onion,Vegan
cocktail onions,Vegan
cocktail smoked sausage links,Non-Vegetarian
coco lopez,Vegan
coco pops cereal,Vegan
cocoa,Vegan
cocoa butter,Vegetarian
cocoa krispies,Vegan
cocoa krispies cereal,Vegan
cocoa nibs,Vegan
cocoa pebbles cereal,Vegan
cocoa powder,Vegan
cocoa puffs cereal,Vegan
coconut,Vegan
coconut aminos,Vegan
coconut biscuits,Vegan
coconut butter,Vegan
coconut cake mix,Vegan
coconut cookies,Vegan
coconut cream,Vegan
coconut cream cheese frosting,Vegan
coconut cream pina colada mix,Vegan
coconut cream powder,Vegan
coconut cream pudding mix,Vegan
coconut essence,Vegan
coconut extract,Vegan
coconut fat,Vegan
coconut flakes,Vegan
coconut flavoring,Vegan
coconut flour,Vegan
coconut frosting,Vegan
coconut gel,Vegan
coconut in heavy syrup,Vegan
coconut juice,Vegan
coconut liqueur,Vegan
coconut macaroons,Vegan
coconut meat,Non-Vegetarian
coconut milk,Vegan
coconut milk powder,Vegan
coconut oil,Vegan
coconut paste,Vegan
coconut pecan frosting,Vegan
coconut pudding mix,Vegan
coconut rum,Vegan
coconut sorbet,Vegan
coconut sugar,Vegan
coconut sugar crystals,Vegan
coconut syrup,Vegan
coconut vinegar,Vegan
coconut water,Vegan
coconut yogurt,Vegan
coconuts,Vegan
"coconuts, milk of",Vegan
cod,Vegan
cod fish fillet,Non-Vegetarian
cod fish fillets,Non-Vegetarian
cod steaks,Vegan
coddled egg,Vegetarian
codfish roe,Vegan
coffee,Vegan
coffee and chicory blend,Vegan
coffee beans,Vegan
coffee creamer,Vegan
coffee extract,Vegan
coffee filter,Vegan
coffee frozen yogurt,Vegetarian
coffee ice cream,Vegetarian
coffee ice cubes,Vegan
coffee liqueur,Vegan
coffee syrup,Vegan
coffee tequila,Vegan
coffee-flavor soymilk,Vegan
coffee-flavored liqueur,Vegan
coffee-flavored syrup,Vegan
coffee-infused vodka,Vegan
coffee-mate,Vegan
coffee-mate cinnamon vanilla liquid creamer,Vegan
coffee-mate fat free powder,Vegan
coffee-mate irish cream powder,Vegetarian
coffee-mate italian sweet creme,Vegan
cognac,Vegan
cointreau liqueur,Vegan
coke,Vegan
coke zero,Vegan
cola,Vegan
cola drink,Vegan
cola-flavored carbonated beverage,Vegan
colby,Vegan
colby cheese,Vegetarian
colby-monterey jack cheese,Vegetarian
cold cuts,Vegan
cold water,Vegan
cold-pressed oil,Vegan
coleman's dry mustard,Vegan
coleslaw,Vegan
coleslaw dressing,Vegan
coleslaw mix,Vegan
collard greens,Vegan
colored crystal sugar,Vegan
colored miniature marshmallows,Non-Vegetarian
colored sprinkles,Vegan
colored sugar sprinkle,Vegan
comice pear,Vegan
comice pears,Vegan
comino,Vegan
commercial low-sodium chicken broth,Non-Vegetarian
commercial sour cream,Vegetarian
complete caesar salad in a bag,Vegan
complete pancake and waffle mix,Vegan
compressed yeast,Vegan
compressed yeast cake,Vegan
compressed yeast cakes,Vegan
comstock brand pie filling,Vegan
comte cheese,Vegetarian
concentrated tomato paste,Vegan
conch,Vegan
conchiglie,Vegan
concord grapes,Vegan
condensed bean with bacon soup,Non-Vegetarian
condensed beef broth,Non-Vegetarian
condensed beef consomme,Non-Vegetarian
condensed beef vegetable barley soup,Non-Vegetarian
condensed broccoli cheddar cheese soup,Vegetarian
condensed cheddar cheese soup,Vegetarian
condensed chicken and wild rice soup,Non-Vegetarian
condensed chicken broth,Non-Vegetarian
condensed chicken broth with garlic & herbs,Non-Vegetarian
condensed chicken gumbo soup,Non-Vegetarian
condensed chicken noodle soup,Non-Vegetarian
condensed chicken vegetable soup,Non-Vegetarian
condensed chicken with rice soup,Non-Vegetarian
condensed cream of asparagus soup,Vegetarian
condensed cream of broccoli soup,Vegetarian
condensed cream of celery soup,Vegetarian
condensed cream of chicken soup,Non-Vegetarian
condensed cream of chicken with herbs soup,Non-Vegetarian
condensed cream of mushroom & garlic soup,Vegetarian
condensed cream of mushroom soup,Vegetarian
condensed cream of potato soup,Vegetarian
condensed cream of tomato soup,Vegetarian
condensed fat-free reduced-sodium beef broth,Non-Vegetarian
condensed french onion soup,Vegan
condensed golden corn soup,Vegan
condensed golden mushroom soup,Vegan
condensed milk,Vegetarian
condensed minestrone soup,Vegan
condensed mushroom soup,Vegan
condensed new england clam chowder,Non-Vegetarian
condensed potato soup,Vegan
condensed pumpkin soup,Vegan
condensed reduced-sodium chicken noodle soup,Non-Vegetarian
condensed spicy tomato soup,Vegan
condensed tomato soup,Vegan
condensed tomato soup with basil & oregano,Vegan
condensed tomato soup with roasted garlic and herbs,Vegan
condensed vegetable beef soup,Non-Vegetarian
condensed vegetable broth,Vegan
condiments,Vegan
confectioner's coating,Vegan
confectioners' sugar,Vegan
consomme,Vegan
contadina diced tomatoes,Vegan
contadina tomato paste,Vegan
contadina tomato sauce,Vegan
converted long grain rice,Vegan
converted rice,Vegan
converted white rice,Vegan
cooked angel hair pasta,Vegan
cooked bacon,Non-Vegetarian
cooked barley,Vegan
cooked basmati rice,Vegan
cooked beef,Non-Vegetarian
cooked beets,Vegan
cooked boneless beef roast,Non-Vegetarian
cooked boneless skinless chicken breast,Non-Vegetarian
cooked boneless skinless chicken breasts,Non-Vegetarian
cooked bow tie pasta,Vegan
cooked broccoli,Vegan
cooked brown and wild rice mix,Vegan
cooked brown rice,Vegan
cooked cavatappi,Vegan
cooked chicken,Non-Vegetarian
cooked chicken breast,Non-Vegetarian
cooked chicken breast half,Non-Vegetarian
cooked chicken breast halves,Non-Vegetarian
cooked chicken breast strips,Non-Vegetarian
cooked chicken breasts,Non-Vegetarian
cooked converted rice,Vegan
cooked corkscrew macaroni,Vegan
cooked corned beef,Non-Vegetarian
cooked couscous,Vegan
cooked crab meat,Non-Vegetarian
cooked dark chicken meat,Non-Vegetarian
cooked dark turkey meat,Non-Vegetarian
cooked ditalini,Vegan
cooked duck,Non-Vegetarian
cooked egg noodles,Vegetarian
cooked elbow macaroni,Vegan
cooked extra lean ground beef,Non-Vegetarian
cooked farfalle pasta,Vegan
cooked fettuccine,Vegan
cooked glutinous rice,Vegan
cooked grits,Vegan
cooked ground beef,Non-Vegetarian
cooked ham,Non-Vegetarian
cooked ham shank,Non-Vegetarian
cooked italian chicken breasts,Non-Vegetarian
cooked italian sausage,Non-Vegetarian
cooked japanese-style rice,Vegan
cooked jasmine rice,Vegan
cooked lamb,Non-Vegetarian
cooked large macaroni shells,Vegan
cooked lasagna noodles,Vegan
cooked lean beef,Non-Vegetarian
cooked lean ground beef,Non-Vegetarian
cooked lean ground turkey,Non-Vegetarian
cooked lentils,Vegan
cooked linguine,Vegan
cooked lobster meat,Non-Vegetarian
cooked long-grain brown rice,Vegan
cooked long-grain rice,Vegan
cooked macaroni,Vegan
cooked medium-grain rice,Vegan
cooked minute rice,Vegan
cooked noodles,Vegan
cooked oatmeal,Vegan
cooked oats,Vegan
cooked orzo pasta,Vegan
cooked pasta,Vegan
cooked pasta shells,Vegan
cooked pearl barley,Vegan
cooked penne,Vegan
cooked pork,Non-Vegetarian
cooked pot roast,Vegan
cooked pumpkin,Vegan
cooked quinoa,Vegan
cooked radiatore,Vegan
cooked rice,Vegan
cooked rigatoni pasta,Vegan
cooked rotini,Vegan
cooked salad macaroni,Vegan
cooked salmon,Non-Vegetarian
cooked sausage,Non-Vegetarian
cooked scallops,Vegan
cooked short-grain brown rice,Vegan
cooked short-grain rice,Vegan
cooked short-grain white rice,Vegan
cooked shrimp,Non-Vegetarian
cooked small shell pasta,Vegan
cooked soba noodles,Vegan
cooked spaghetti,Vegan
cooked spanish rice,Vegan
cooked spiral shaped pasta,Vegan
cooked sticky rice,Vegan
cooked sushi rice,Vegan
cooked sweet potato,Vegan
cooked sweet potatoes,Vegan
cooked tri-colored pasta,Vegan
cooked turkey,Non-Vegetarian
cooked turkey bacon,Non-Vegetarian
cooked turkey breast,Non-Vegetarian
cooked turkey sausage,Non-Vegetarian
cooked vermicelli,Vegan
cooked white chicken meat,Non-Vegetarian
cooked white rice,Vegan
cooked whole grain brown rice,Vegan
cooked whole wheat couscous,Vegan
cooked whole wheat noodles,Vegan
cooked whole wheat penne,Vegan
cooked whole wheat spaghetti,Vegan
cooked wild rice,Vegan
cooked yellow rice,Vegan
cooked ziti,Vegan
cookie,Vegan
cookie crumbs,Vegan
cookie cutter,Vegan
cookie cutters,Vegan
cookie dough,Vegan
cookie dough ice cream,Vegetarian
cookie mix,Vegan
cookies,Vegan
cookies & cream ice cream,Vegetarian
cookies 'n' creme nuggets,Vegan
cooking apple,Vegan
cooking apples,Vegan
cooking fat,Vegan
cooking oil,Vegan
cooking onion,Vegan
cooking onions,Vegan
cooking sherry,Vegan
cooking spray,Vegan
cooking wine,Vegan
cool ranch doritos,Vegan
cool whip,Vegan
cool whip free,Vegan
cool whip lite,Vegan
cool whip topping,Vegan
cool whip whipped topping,Vegan
cooper sharp cheese,Vegetarian
coors beer,Vegan
copha,Vegan
copper river salmon,Non-Vegetarian
coriander,Vegan
coriander leaves,Vegan
coriander paste,Vegan
coriander powder,Vegan
coriander root,Vegan
coriander roots,Vegan
coriander seed,Vegan
coriander seeds,Vegan
coriander sprig,Vegan
coriander sprigs,Vegan
coriander-cumin powder,Vegan
corkscrew macaroni,Vegan
corn,Vegan
corn and black bean salsa,Vegan
corn and tomato salsa,Vegan
corn beef hash,Non-Vegetarian
corn cakes,Vegan
corn chex,Vegan
corn chips,Vegan
corn chowder,Vegan
corn cobs,Vegan
corn flake crumbs,Vegan
corn flakes,Vegan
corn flakes cereal,Vegan
corn husk,Vegan
corn husks,Vegan
corn kernel,Vegan
corn kernels,Vegan
corn mixed with chopped peppers,Vegan
corn muffin mix,Vegan
corn muffins,Vegan
corn niblets,Vegan
corn nuts,Vegan
corn oil,Vegan
corn oil margarine,Vegan
corn on the cob,Vegan
corn pops cereal,Vegan
corn puffs,Vegan
corn syrup,Vegan
corn thins,Vegan
corn tortilla,Vegan
corn tortilla chips,Vegan
corn tortilla mix,Vegan
corn tortilla strips,Vegan
corn tortillas,Vegan
cornbread,Vegan
cornbread batter,Vegan
cornbread cubes,Vegan
cornbread mix,Vegan
cornbread muffins,Vegan
cornbread stuffing mix,Vegan
cornbread-muffin mix,Vegan
corned beef,Non-Vegetarian
corned beef brisket,Non-Vegetarian
corned beef spread,Non-Vegetarian
cornflour,Vegan
cornichon,Vegan
cornichons,Vegan
cornish hen,Vegan
cornish hens,Vegan
cornmeal,Vegan
cornmeal mix,Vegan
cornmeal pizza crust,Vegan
cornstarch,Vegan
cornstarch paste,Vegan
corona beer,Vegan
cortland apples,Vegan
cos lettuce,Vegan
cotija cheese,Vegetarian
cottage cheese,Vegetarian
cottage cheese with chives,Vegetarian
cottage roll,Vegan
cotto salami,Non-Vegetarian
cotton ball,Vegan
cotton balls,Vegan
cotton string,Vegan
country biscuits,Vegan
country bob all purpose sauce,Vegan
country bread,Vegan
country cream gravy,Vegetarian
country gravy mix,Vegan
country ham,Non-Vegetarian
country pork strips,Non-Vegetarian
country ribs,Vegan
country sausage,Non-Vegetarian
country time lemonade mix,Vegan
country-style beef ribs,Non-Vegetarian
country-style boneless pork ribs,Non-Vegetarian
country-style dijon mustard,Vegan
country-style pork ribs,Non-Vegetarian
country-style spareribs,Vegan
courgette,Vegan
courgettes,Vegan
court bouillon,Vegan
couscous,Vegan
crab,Non-Vegetarian
crab base,Non-Vegetarian
crab boil,Non-Vegetarian
crab boil seasoning,Non-Vegetarian
crab cakes,Non-Vegetarian
crab claw meat,Non-Vegetarian
crab claws,Non-Vegetarian
crab delights imitation crab,Non-Vegetarian
crab dip,Non-Vegetarian
crab legs,Non-Vegetarian
crab roe,Non-Vegetarian
crab salad,Non-Vegetarian
crab shells,Non-Vegetarian
crabapple,Vegan
crabapples,Vegan
crabmeat,Vegan
crabs,Vegan
crabsticks,Vegan
cracked black pepper,Vegan
cracked bulgur wheat,Vegan
cracked farro,Vegan
cracked ice,Vegan
cracked pepper,Vegan
cracked wheat,Vegan
cracked-wheat bread,Vegan
cracker,Vegan
cracker barrel cheese,Vegetarian
cracker barrel sharp cheddar cheese,Vegetarian
cracker crumb,Vegan
cracker crumbs,Vegan
cracker girl all-purpose seasoning,Vegan
cracker meal,Vegan
crackers,Vegan
cracklin' oat bran cereal,Vegan
cracklings,Vegan
craisins,Vegan
cranberries,Vegan
cranberry almond crunch cereal,Vegan
cranberry beans,Vegan
cranberry chutney,Vegan
cranberry gelatin,Non-Vegetarian
cranberry horseradish,Vegan
cranberry jam,Vegan
cranberry jell-o gelatin,Non-Vegetarian
cranberry jelly,Vegan
cranberry juice,Vegan
cranberry juice cocktail,Vegan
cranberry juice concentrate,Vegan
cranberry lemonade,Vegan
cranberry liqueur,Vegan
cranberry macadamia nut cereal,Vegan
cranberry muffin mix,Vegan
cranberry orange sauce,Vegan
cranberry quick bread mix,Vegan
cranberry sauce,Vegan
cranberry shallot relish,Vegan
cranberry vodka,Vegan
cranberry wine,Vegan
cranberry-apple juice,Vegan
cranberry-blackberry juice,Vegan
cranberry-cinnamon bread,Vegan
cranberry-flavored beer,Vegan
cranberry-flavored tea bags,Vegan
cranberry-grape juice,Vegan
cranberry-orange quick bread mix,Vegan
cranberry-orange relish,Vegan
cranberry-orange sauce,Vegan
cranberry-orange spread,Vegan
cranberry-peach juice,Vegan
cranberry-raspberry drink,Vegan
cranberry-raspberry juice,Vegan
cranberry-strawberry drink,Vegan
crappie fillets,Vegan
crawfish,Vegan
crawfish meat,Non-Vegetarian
crawfish tail,Vegan
crawfish tail meat,Non-Vegetarian
crawfish tails,Vegan
crayfish,Vegan
crayfish tail,Vegan
crayfish tails,Vegan
crazy salt,Vegan
cream,Vegetarian
cream cheese,Vegetarian
cream cheese dip,Vegetarian
cream cheese frosting,Vegetarian
cream cheese spread,Vegetarian
cream cheese with chives,Vegetarian
cream cheese with chives and onions,Vegetarian
cream cheese with garlic,Vegetarian
cream cheese with garlic and herbs,Vegetarian
cream cheese with green onion,Vegetarian
cream cheese with herbs,Vegetarian
cream cheese with pineapple,Vegetarian
cream cheese with tomato and basil,Vegetarian
cream cheese with vegetables,Vegetarian
cream crackers,Vegetarian
cream flour,Vegetarian
cream of asparagus soup,Vegetarian
cream of broccoli soup,Vegetarian
cream of broccoli soup mix,Vegetarian
cream of celery soup,Vegetarian
cream of chicken and broccoli soup,Non-Vegetarian
cream of chicken and mushroom soup,Non-Vegetarian
cream of chicken dijon soup,Non-Vegetarian
cream of chicken soup,Non-Vegetarian
cream of chicken soup mix,Non-Vegetarian
cream of coconut,Vegan
cream of corn soup,Vegetarian
cream of mushroom soup,Vegetarian
cream of mushroom soup mix,Vegetarian
cream of onion soup,Vegetarian
cream of potato soup,Vegetarian
cream of rice,Vegan
cream of roasted chicken with herbs soup,Non-Vegetarian
cream of shrimp soup,Non-Vegetarian
cream of spinach soup mix,Vegetarian
cream of tartar,Vegetarian
cream of tomato soup,Vegetarian
cream of wheat,Vegetarian
cream of wild mushroom soup,Vegetarian
cream sherry,Vegetarian
cream soda,Vegetarian
cream soup,Vegetarian
cream-filled chocolate sandwich cookies,Vegetarian
cream-style corn,Vegetarian
cream-style cottage cheese,Vegetarian
cream-style sweet corn,Vegetarian
creamed chipped beef,Non-Vegetarian
creamed coconut,Vegan
creamed corn,Vegan
creamed honey,Vegetarian
creamed horseradish,Vegan
creamed shortening,Vegan
creamed spinach,Vegan
creamy chicken verde soup,Non-Vegetarian
creamy chocolate fudge frosting mix,Vegan
creamy dill mustard,Vegan
creamy garlic dressing,Vegan
creamy italian dressing,Vegan
creamy milk,Vegetarian
creamy onion dressing,Vegan
creamy peanut butter,Vegetarian
creamy portabella mushroom soup,Vegan
creamy pureed horseradish,Vegan
crema,Vegan
creme anglaise,Vegan
creme de almond,Vegan
creme de banane,Vegan
creme de cacao,Vegan
creme de cassis,Vegan
creme de coconut,Vegan
creme de menthe,Vegan
creme de menthe baking chips,Vegan
creme de menthe coffee syrup,Vegan
creme de menthe thin candies,Vegan
creme de noyaux,Vegan
creme fraiche,Vegan
creme yvette,Vegan
cremini mushroom,Vegan
cremini mushroom caps,Vegan
cremini mushrooms,Vegan
cremora,Vegan
crenshaw melon,Vegan
creole mustard,Vegan
creole seasoning,Vegan
creole spices,Vegan
crepe,Vegan
crepes,Vegan
crescent roll,Vegan
crescent roll dough,Vegan
crescent rolls,Vegan
crevettes,Vegan
crisco,Vegan
crisco all-vegetable shortening,Vegan
crisco all-vegetable shortening sticks,Vegan
crisco baking sticks all-vegetable shortening,Vegan
crisco baking sticks butter flavor all-vegetable shortening,Vegetarian
crisco cooking oil,Vegan
crisco original no-stick cooking spray,Vegan
crisco shortening,Vegan
crisp bacon,Non-Vegetarian
crisp chow mein noodles,Vegan
crisp red apple,Vegan
crisp red apples,Vegan
crisp rice cereal,Vegan
crisp salad green,Vegan
crispbread,Vegan
crispix cereal,Vegan
crispy brown rice cereal,Vegan
crispy fried chicken skin and fat,Non-Vegetarian
crispy lettuce wraps,Vegan
crispy rice cereal,Vegan
crispy wheat cereal squares,Vegan
crocodile filets,Vegan
croissant,Vegan
croissant dough,Vegan
croissants,Vegan
crookneck yellow squash,Vegan
cross-rib roasts,Vegan
crostini,Vegan
crouton,Vegan
croutons,Vegan
crowder peas,Vegan
crown royal whiskey,Vegan
crumb cake mix,Vegan
crumb topping,Vegan
crumb-nut cheesecake crust,Vegan
crumpets,Vegan
crunch bars,Vegan
crunchy breakfast cereal,Vegan
crunchy cheetos cheese-flavored snacks,Vegetarian
crunchy peanut butter,Vegetarian
crunchy sweetened corn and oat cereal,Vegan
crushed pineapple,Vegan
crushed pineapple in juice,Vegan
crushed pineapple in syrup,Vegan
crushed pineapple with juice,Vegan
crushed plum tomatoes,Vegan
crushed red pepper flakes,Vegan
crushed tomatoes,Vegan
crushed tomatoes in puree,Vegan
crushed unsweetened pineapple,Vegan
crusts of bread,Vegan
crusty bread,Vegan
crusty bread rolls,Vegan
crusty cobb loaf,Vegan
crusty hamburger bun,Vegan
crusty italian bread,Vegan
crystal farms monterey jack cheese,Vegetarian
crystal farms shredded cheddar cheese,Vegetarian
crystal hot sauce,Vegan
crystal light orange drink mix,Vegan
crystal light peach tea drink mix,Vegan
crystal light powdered drink mix,Vegan
crystal light raspberry lemonade mix,Vegan
crystal light raspberry powdered drink mix,Vegan
crystal light ready-to-drink raspberry ice,Vegan
crystal light strawberry kiwi powdered drink mix,Vegan
crystal light sugar free low calorie lemonade mix,Vegan
crystallized cherries,Vegan
crystallized ginger,Vegan
crystallized melon pieces,Vegan
crystallized pineapple,Vegan
cuban bread,Vegan
cubanelle pepper,Vegan
cubanelle peppers,Vegan
cube steak,Non-Vegetarian
cube steaks,Vegan
cubed ham,Non-Vegetarian
cucumber,Vegan
cucumber juice,Vegan
cucumber liquid,Vegan
cucumber ranch salad dressing,Vegan
cucumber relish,Vegan
cucumber salad dressing,Vegan
cucumber-dill salad dressing,Vegan
cucumbers,Vegan
cucuzza,Vegan
cuervo especial gold,Vegan
cuervo tequila,Vegan
cuitlacoche,Vegan
culantro,Vegan
cultured buttermilk,Vegetarian
cumin,Vegan
cumin coriander powder,Vegan
cumin powder,Vegan
cumin seed,Vegan
cumin seeds,Vegan
cupcake,Vegan
cupcake liners,Vegan
cupcakes,Vegan
curacao,Vegan
curcumae,Vegan
curd cheese,Vegetarian
curds,Vegan
curing salt,Vegan
curly endive lettuce,Vegan
currant jelly,Vegan
currant juice,Vegan
currants,Vegan
curry,Vegan
curry and rice soup mix,Vegan
curry leaf,Vegan
curry leaves,Vegan
curry paste,Vegan
curry powder,Vegan
curry rice mix,Vegan
curry sauce,Vegan
curry sauce mix,Vegan
cushaw,Vegan
custard,Vegetarian
custard mix,Vegetarian
custard powder,Vegetarian
cut green beans,Vegan
cut wax beans,Vegan
cut yams in syrup,Vegan
cuttlefish,Vegan
dahl,Vegan
daikon radish,Vegan
daikon radishes,Vegan
daikon sprouts,Vegan
daiquiri mix,Vegan
dairy creamer,Vegan
dairy eggnog,Vegan
dairy free chocolate ice cream,Vegetarian
dairy-free margarine,Vegan
dal,Vegan
dale's steak seasoning,Non-Vegetarian
damsons,Vegan
dandelion flowers,Vegan
dandelion greens,Vegan
dandelion root,Vegan
"danish ""fars"" meatballs",Vegan
danish blue cheese,Vegetarian
dannon light & fit lemon chiffon yogurt,Vegetarian
darjeeling tea,Vegan
darjeeling tea bags,Vegan
dark amber maple syrup,Vegan
dark baking chocolate,Vegan
dark beer,Vegan
dark brown sugar,Vegan
dark cherries,Vegan
dark cherries in heavy syrup,Vegan
dark chicken meat,Non-Vegetarian
dark chili powder,Vegan
dark chocolate,Vegan
dark chocolate bar,Vegan
dark chocolate bars,Vegan
dark chocolate brownie mix,Vegan
dark chocolate cake mix,Vegan
dark chocolate chips,Vegan
dark chocolate confectionary coating,Vegan
dark chocolate couverture,Vegan
dark chocolate frosting,Vegan
dark chocolate kisses,Vegan
dark chocolate melts,Vegan
dark chocolate roasted almonds,Vegan
dark chocolate shavings,Vegan
dark chocolate squares,Vegan
dark chocolate syrup,Vegan
dark chocolate wafers,Vegan
dark chocolate-covered cherries,Vegan
dark chocolate-covered cranberries,Vegan
dark cocoa,Vegan
dark cooking chocolate,Vegan
dark corn syrup,Vegan
dark creme de cacao,Vegan
dark jamaican rum,Vegan
dark karo syrup,Vegan
dark mexican beer,Vegan
dark miso,Vegan
dark molasses,Vegan
dark muscovado sugar,Vegan
dark mustard,Vegan
dark raisin,Vegan
dark raisins,Vegan
dark red kidney beans,Non-Vegetarian
dark roast coffee,Vegan
dark roux,Vegan
dark rum,Vegan
dark rye,Vegan
dark rye bread,Vegan
dark rye flour,Vegan
dark seedless raisins,Vegan
dark semi-sweet chocolate,Vegan
dark sesame oil,Vegan
dark soy sauce,Vegan
dark soya sauce,Vegan
dark sweet cherries,Vegan
dark sweet cherry,Vegan
dark sweet red cherries,Vegan
dark turkey meat,Non-Vegetarian
dark unsweetened cocoa,Vegan
dark vegetable stock powder,Vegan
dasheen leaves,Vegan
dashi,Vegan
dashi powder,Vegan
dashi stock,Vegan
dashida,Vegan
date bread mix,Vegan
date filling,Vegan
date honey,Vegetarian
date spread,Vegan
date sugar,Vegan
date syrup,Vegan
dates,Vegan
day-old french bread,Vegan
day-old white bread,Vegan
daylily flower buds,Vegan
daylily flowers,Vegan
de-fatted beef broth,Non-Vegetarian
de-fatted chicken broth,Non-Vegetarian
de-fatted chicken stock,Non-Vegetarian
decaffeinated espresso,Vegan
decaffeinated green tea bags,Vegan
decaffeinated green tea leaves,Vegan
decaffeinated tea bag,Vegan
decaffeinated tea bags,Vegan
decorating gel,Vegan
decorative candies,Vegan
decorator sugar,Vegan
deep dish pie shell,Vegan
deep dish pie shells,Vegan
deep fat,Vegan
deep fried dried onions,Vegan
deep frying oil,Vegan
deer,Vegan
deer chops,Vegan
deer heart,Vegan
deer liver,Non-Vegetarian
deer roast,Vegan
deer tenderloins,Vegan
dehydrated mixed vegetables,Vegan
dehydrated mushroom pieces,Vegan
dehydrated onion,Vegan
dehydrated soup greens,Vegan
dehydrated spinach flakes,Vegan
del monte crushed tomatoes with mild green chilies,Vegan
del monte savory sides santa fe corn,Vegan
del monte zesty jalapeno pepper diced tomato,Vegan
deli chicken,Non-Vegetarian
deli corned beef,Non-Vegetarian
deli ham,Non-Vegetarian
deli maple-glazed turkey breast,Non-Vegetarian
deli maple-smoked turkey,Non-Vegetarian
deli peppered turkey breast,Non-Vegetarian
deli roast beef,Non-Vegetarian
deli turkey,Non-Vegetarian
delicata squash,Vegan
delmonico steaks,Vegan
delmonte ketchup,Vegan
delmonte stewed tomatoes,Vegan
deluxe peanut butter brownie mix,Vegetarian
demerara sugar,Vegan
demi-glace,Vegan
dense bread,Vegan
desiccated coconut,Vegan
desiccated unsweetened coconut,Vegan
desired pasta,Vegan
dessert apples,Vegan
dessert crepes,Vegan
dessert pears,Vegan
dessert tofu,Vegan
dessert topping,Vegan
devil's food cake mix,Vegan
devil's food cake mix with pudding,Vegan
deviled ham,Non-Vegetarian
dewberries,Vegan
dhaniya powder,Vegan
diamond walnuts,Vegan
diana honey garlic sauce,Vegetarian
diana western smokehouse sauce,Vegan
diced fire-roasted tomatoes,Vegan
diced green chilies,Vegan
diced green chilis,Vegan
diced onion,Vegan
diced onions,Vegan
diced pickled jalapeno,Vegan
diced pimento,Vegan
diced pimentos,Vegan
diced tomato,Vegan
diced tomatoes,Vegan
diced tomatoes in tomato puree,Vegan
diced tomatoes with balsamic vinegar basil and oil,Vegan
diced tomatoes with basil and garlic,Vegan
diced tomatoes with basil and oregano,Vegan
diced tomatoes with basil oregano and garlic,Vegan
diced tomatoes with chiles and cilantro,Vegan
diced tomatoes with chipotle peppers,Vegan
diced tomatoes with garlic and olive oil,Vegan
diced tomatoes with garlic and oregano,Vegan
diced tomatoes with green chilies,Vegan
diced tomatoes with green pepper and onion,Vegan
diced tomatoes with green pepper celery and onion,Vegan
diced tomatoes with jalapenos,Vegan
diced tomatoes with juice,Vegan
diced tomatoes with lime and cilantro,Vegan
diced tomatoes with mild green chilies,Vegan
diced tomatoes with onion garlic and basil,Vegan
diced tomatoes with seasonings,Vegan
diced tomatoes with sweet onions,Vegan
diced tomatoes with sweet onions and roasted garlic,Vegan
diet 7-up,Vegan
diet cherry soda,Vegan
diet coke,Vegan
diet cola,Vegan
diet cream soda,Vegetarian
diet dr. pepper soda,Vegan
diet fudge topping,Vegan
diet ginger ale,Vegan
diet ginger beer,Vegan
diet grapefruit soda,Vegan
diet jelly crystals,Vegan
diet lemon-lime soda,Vegan
diet lemonade,Vegan
diet mountain dew soda,Vegan
diet orange soda,Vegan
diet pepsi,Vegan
diet root beer,Vegan
diet soda,Vegan
diet sprite,Vegan
diet v8 splash,Vegan
digestive biscuit,Vegan
digestive biscuits,Vegan
dijon mustard,Vegan
dijon-horseradish mustard,Vegan
dijon-style mustard,Vegan
dijonnaise mustard,Vegan
dill,Vegan
dill dip,Vegan
dill flowers,Vegan
dill leaves,Vegan
dill pickle,Vegan
dill pickle cubes,Vegan
dill pickle relish,Vegan
dill pickle slices,Vegan
dill pickle spear,Vegan
dill pickle spears,Vegan
dill pickles,Vegan
dill relish,Vegan
dill sauce,Vegan
dill seasoning mix,Vegan
dill seed,Vegan
dill seeds,Vegan
dill sprigs,Vegan
dill vinegar,Vegan
dill weed,Vegan
ding dong chocolate snack cakes,Vegan
dinner roll,Vegan
dinner rolls,Vegan
dip mix,Vegan
dippers,Vegan
dipping chocolate,Vegan
dipping sauce,Vegan
dirty rice mix,Vegan
disaronno liquor,Vegan
discos,Vegan
dish detergent,Vegan
disposable spoons,Vegan
distilled vinegar,Vegan
distilled water,Vegan
distilled white vinegar,Vegan
ditali pasta,Vegan
ditalini,Vegan
dog food,Vegan
dolcelatte,Vegan
dole almond,Vegan
dole banana,Vegan
dole classic coleslaw,Vegan
dole italian salad variety,Vegan
dole mediterranean salad blend,Vegan
dole pineapple,Vegan
dole pineapple chunks,Vegan
dole pineapple slices,Vegan
dooley liqueur,Vegan
doritos,Vegan
dory fillets,Vegan
double bouillon cubes,Vegan
double chocolate brownie mix,Vegan
double cream,Vegetarian
double cream brie cheese,Vegetarian
double crust,Vegan
double crust classic crisco pie crust,Vegan
double crust pie crust,Vegan
double crust pie crusts,Vegan
double devon cream,Vegetarian
double gloucester cheese,Vegetarian
double whipping cream,Vegetarian
double-acting baking powder,Vegan
double-action baking powder,Vegan
dough enhancer,Vegan
doughnut,Vegan
doughnut holes,Vegan
doughnuts,Vegan
dove breasts,Vegan
dove dark chocolate miniatures,Vegan
dove milk chocolate,Vegetarian
dove milk chocolate miniatures,Vegetarian
doves,Vegan
dr. pepper cola,Vegan
dragees,Vegan
drambuie,Vegan
dream whip,Vegan
dream whip topping mix,Vegan
dried anaheim chiles,Vegan
dried ancho chile,Vegan
dried ancho chile powder,Vegan
dried ancho chiles,Vegan
dried ancho pepper,Vegan
dried ancho peppers,Vegan
dried anchovies,Non-Vegetarian
dried anchovy,Non-Vegetarian
dried angelica root,Vegan
dried anise,Vegan
dried apple,Vegan
dried apple ring,Vegan
dried apple rings,Vegan
dried apples,Vegan
dried apricot,Vegan
dried apricot halves,Vegan
dried apricots,Vegan
dried arbol chile,Vegan
dried arbol chiles,Vegan
dried baby lima beans,Vegan
dried banana,Vegan
dried banana pieces,Vegan
dried bananas,Vegan
dried barberries,Vegan
dried basil,Vegan
dried basil leaves,Vegan
dried bay leaf,Vegan
dried bay leaves,Vegan
dried bean curd skin,Vegetarian
dried bean mix,Vegan
dried beans,Vegan
dried beef,Non-Vegetarian
dried bird's eye chile,Vegan
dried bird's eye chiles,Vegan
dried black beans,Vegan
dried black figs,Vegan
dried black fungus,Vegan
dried black mushrooms,Vegan
dried black trumpet mushrooms,Vegan
dried black turtle bean,Vegan
dried black turtle beans,Vegan
dried black-eyed peas,Vegan
dried blueberries,Vegan
dried borlotti beans,Vegan
dried bread,Vegan
dried breadcrumbs,Vegan
dried broad beans,Vegan
dried brown lentils,Vegan
dried butter beans,Vegetarian
dried calimyrna fig,Vegan
dried calimyrna figs,Vegan
dried cannellini beans,Vegan
dried carrots,Vegan
dried cascabel chiles,Vegan
dried cayenne pepper,Vegan
dried cayenne peppers,Vegan
dried celery flakes,Vegan
dried celery leaves,Vegan
dried cepes,Vegan
dried chamomile,Vegan
dried cherries,Vegan
dried chervil,Vegan
dried chestnuts,Vegan
dried chile de arbol,Vegan
dried chile pequins,Vegan
dried chili,Vegan
dried chili pepper flakes,Vegan
dried chili pods,Vegan
dried chilies,Vegan
dried chinese mushrooms,Vegan
dried chipotle chile,Vegan
dried chipotle chiles,Vegan
dried chipotle pepper,Vegan
dried chipotle peppers,Vegan
dried chipotle powder,Vegan
dried chives,Vegan
dried cilantro,Vegan
dried coconut,Vegan
dried coriander,Vegan
dried coriander leaves,Vegan
dried corn kernels,Vegan
dried cracked corn,Vegan
dried craisin,Vegan
dried craisins,Vegan
dried cranberries,Vegan
dried cranberry beans,Vegan
dried currant,Vegan
dried currants,Vegan
dried curry leaves,Vegan
dried dates,Vegan
dried dill,Vegan
dried dill seed,Vegan
dried dill weed,Vegan
dried elderberries,Vegan
dried epazote,Vegan
dried fava beans,Vegan
dried fennel,Vegan
dried fennel seed,Vegan
dried fenugreek leaves,Vegan
dried fig,Vegan
dried figs,Vegan
dried fine herb,Vegan
dried fine herbs,Vegan
dried fish flakes,Non-Vegetarian
dried fruit,Vegan
dried fruits,Vegan
dried funghi porcini,Vegan
dried garbanzo beans,Vegan
dried garlic,Vegan
dried garlic flakes,Vegan
dried ghost chilies,Vegan
dried ginger,Vegan
dried ginger sesame blend,Vegan
dried great northern beans,Vegan
dried greek oregano,Vegan
dried green beans,Vegan
dried green chilies,Vegan
dried green onion flakes,Vegan
dried ground cayenne,Vegan
dried guajillo chile,Vegan
dried guajillo chiles,Vegan
dried guajillo chilies,Vegan
dried habanero chile,Vegan
dried habanero chiles,Vegan
dried haricot beans,Vegan
dried herb,Vegan
dried herbs,Vegan
dried hibiscus flowers,Vegan
dried hijiki seaweed,Vegan
dried hot chili peppers,Vegan
dried hot pepper,Vegan
dried hot peppers,Vegan
dried hot red chile,Vegan
dried hot red chiles,Vegan
dried hot red chili pepper,Vegan
dried hot red chili peppers,Vegan
dried hot red chilies,Vegan
dried italian herb seasoning,Vegan
dried italian salad dressing mix,Vegan
dried italian seasoning,Vegan
dried jalapeno pepper,Vegan
dried jalapeno peppers,Vegan
dried japone chilies,Vegan
dried kaffir lime leaf,Vegan
dried kaffir lime leaves,Vegan
dried kasha,Vegan
dried kelp,Vegan
dried kelp granules,Vegan
dried kidney beans,Non-Vegetarian
dried large lima beans,Vegan
dried lavender,Vegan
dried lavender blossoms,Vegan
dried lavender flowers,Vegan
dried lavender leaves,Vegan
dried leaf basil,Vegan
dried leaf marjoram,Vegan
dried leaf thyme,Vegan
dried leeks,Vegan
dried lemon balm leaves,Vegan
dried lemon grass,Vegan
dried lemon peel,Vegan
dried lemon verbena,Vegan
dried lemongrass,Vegan
dried lemons,Vegan
dried lentils,Vegan
dried lily buds,Vegan
dried lima beans,Vegan
dried lime powder,Vegan
dried limes,Vegan
dried linden leaves,Vegan
dried lychees,Vegan
dried mango,Vegan
dried marjoram,Vegan
dried mediterranean oregano,Vegan
dried mexican oregano,Vegan
dried mild chile peppers,Vegan
dried mild red chili peppers,Vegan
dried mint,Vegan
dried mint flakes,Vegan
dried mission figs,Vegan
dried mixed fruit,Vegan
dried morel,Vegan
dried morels,Vegan
dried mulato chiles,Vegan
dried mulberries,Vegan
dried mushroom,Vegan
dried mushrooms,Vegan
dried mustard,Vegan
dried navy beans,Vegan
dried negro chile,Vegan
dried new mexico chile,Vegan
dried new mexico chiles,Vegan
dried onion,Vegan
dried onion flakes,Vegan
dried orange blossoms,Vegan
dried orange peel,Vegan
dried oranges,Vegan
dried oregano,Vegan
dried oregano leaves,Vegan
dried oysters,Vegan
dried papaya,Vegan
dried papayas,Vegan
dried parsley,Vegan
dried parsley flakes,Vegan
dried pasilla pepper,Vegan
dried pasilla peppers,Vegan
dried pasta shapes,Vegan
dried peaches,Vegan
dried pear half,Vegan
dried pear halves,Vegan
dried pears,Vegan
dried peas,Vegan
dried peppermint,Vegan
dried pequin pepper,Vegan
dried peruano beans,Vegan
dried pineapple,Vegan
dried pineapple rings,Vegan
dried pink beans,Vegan
dried pink lentils,Vegan
dried pinto bean,Vegan
dried pinto beans,Vegan
dried pitted prunes,Vegan
dried plum,Vegan
dried plums,Vegan
dried porcini mushrooms,Vegan
dried portabella mushrooms,Vegan
dried prune,Vegan
dried prunes,Vegan
dried red beans,Vegan
dried red chile pods,Vegan
dried red chili,Vegan
dried red chili pepper,Vegan
dried red chili peppers,Vegan
dried red chilies,Vegan
dried red kidney beans,Non-Vegetarian
dried red lentils,Vegan
dried red pepper,Vegan
dried red pepper flakes,Vegan
dried red peppers,Vegan
dried red serrano chilies,Vegan
dried rhizome,Vegan
dried rice noodles,Vegan
dried rose bud,Vegan
dried rose hips,Vegan
dried rose petals,Vegan
dried rosemary,Vegan
dried rosemary leaves,Vegan
dried rubbed sage,Vegan
dried sage,Vegan
dried salt cod fish,Non-Vegetarian
dried savory,Vegan
dried scallops,Vegan
dried scotch bonnet pepper,Vegan
dried seaweed flakes,Vegan
dried shallots,Vegan
dried shiitake mushroom,Vegan
dried shiitake mushrooms,Vegan
dried shredded coconut,Vegan
dried shrimp,Non-Vegetarian
dried shrimp paste,Non-Vegetarian
dried small red chilies,Vegan
dried soldier beans,Vegan
dried sorrel,Vegan
dried sour cherries,Vegan
dried soybeans,Vegan
dried spearmint,Vegan
dried split green peas,Vegan
dried split peas,Vegan
dried split yellow peas,Vegan
dried strawberries,Vegan
dried summer savory,Vegan
dried sweet basil leaves,Vegan
dried sweet peppers,Vegan
dried sweetened cranberries,Vegan
dried tamarind,Vegan
dried tangerine peel,Vegan
dried tarragon,Vegan
dried tarragon leaves,Vegan
dried tart cherries,Vegan
dried tart cherry,Vegan
dried tepin chilies,Vegan
dried thai chiles,Vegan
dried thyme,Vegan
dried thyme leaves,Vegan
dried tomatoe,Vegan
dried tomatoes,Vegan
dried tropical fruit,Vegan
dried tubular pasta,Vegan
dried tuna bonito flakes,Non-Vegetarian
dried unsulfured apricots,Vegan
dried vegetable flakes,Vegan
dried white bean,Vegan
dried white beans,Vegan
dried white kidney beans,Non-Vegetarian
dried white pea beans,Vegan
dried whole coriander seed,Vegan
dried whole corn,Vegan
dried whole dill weed,Vegan
dried whole green peas,Vegan
dried whole peas,Vegan
dried whole thyme,Vegan
dried wild mushrooms,Vegan
dried wood ear mushrooms,Vegan
dried yeast,Vegan
dried yeast granules,Vegan
dried yellow peas,Vegan
drinking chocolate,Vegan
drinking glass,Vegan
dripping,Vegan
drippings,Vegan
drumstick leaves,Vegan
dry 18 bean soup mix,Vegan
dry active yeast,Vegan
dry ancho chilies,Vegan
dry apple cider,Vegan
dry basil,Vegan
dry basil leaves,Vegan
dry bow tie pasta,Vegan
dry bread,Vegan
dry bread cubes,Vegan
dry breadcrumbs,Vegan
dry brown breadcrumbs,Vegan
dry burrito mix,Vegan
dry buttermilk,Vegetarian
dry champagne,Vegan
dry chili lime seasoning,Vegan
dry chili pepper,Vegan
dry chili peppers,Vegan
dry cider,Vegan
dry coconut powder,Vegan
dry coppa,Vegan
dry cracker crumb,Vegan
dry crepe mushroom,Vegan
dry crushed red pepper,Vegan
dry curd cottage cheese,Vegetarian
dry dill weed,Vegan
dry enchilada mix,Vegan
dry english-style mustard,Vegan
dry fettuccine,Vegan
dry gin,Vegan
dry green lentils,Vegan
dry hot mustard,Vegan
dry ice,Vegan
dry infant rice cereal with bananas,Vegan
dry instant chicken broth,Non-Vegetarian
dry instant coffee,Vegan
dry lasagna noodle,Vegan
dry lasagna noodles,Vegan
dry lentils,Vegan
dry linguine,Vegan
dry low-sugar pectin,Vegan
dry marsala,Vegan
dry marsala wine,Vegan
dry mesquite marinade,Vegan
dry methi leaves,Vegan
dry mexican chilies,Vegan
dry milk,Vegetarian
dry mixed beans,Vegan
dry mushroom soup mix,Vegan
dry mustard,Vegan
dry non-fat buttermilk,Vegetarian
dry northern white beans,Vegan
dry onion,Vegan
dry onion flakes,Vegan
dry onion soup mix,Vegan
dry oregano,Vegan
dry oregano leaves,Vegan
dry parmesan cheese,Vegetarian
dry parsley flakes,Vegan
dry pasta,Vegan
dry pasta shell macaroni,Vegan
dry pectin,Vegan
dry penne pasta,Vegan
dry pinto beans,Vegan
dry ranch dressing mix,Vegan
dry red chile,Vegan
dry red pepper,Vegan
dry red peppers,Vegan
dry red wine,Vegan
dry roasted peanuts,Vegan
dry roasted salted peanut,Vegan
dry roasted salted peanuts,Vegan
dry roasted sunflower seeds,Vegan
dry rub seasonings,Vegan
dry rye breadcrumb,Vegan
dry salami,Non-Vegetarian
dry sauterne wine,Vegan
dry sherry,Vegan
dry split yellow peas,Vegan
dry steak seasoning,Non-Vegetarian
dry sugar-free pectin,Vegan
dry sweetener,Vegan
dry tapioca,Vegan
dry tarragon,Vegan
dry thyme leaves,Vegan
dry vegetable soup mix,Vegan
dry vermouth,Vegan
dry wasabi,Vegan
dry white bean,Vegan
dry white beans,Vegan
dry white bread,Vegan
dry white vermouth,Vegan
dry white wine,Vegan
dry whole grain breadcrumbs,Vegan
dry whole wheat breadcrumbs,Vegan
dry wine,Vegan
dry yeast,Vegan
dry-roasted cashews,Vegan
dry-roasted crickets,Vegan
dry-roasted pecans,Vegan
dry-roasted salted macadamia nuts,Vegan
dry-roasted salted mixed nuts,Vegan
dry-roasted soy nuts,Vegan
dry-roasted unsalted peanuts,Vegan
dubonnet red,Vegan
duck,Non-Vegetarian
duck breast,Non-Vegetarian
duck breast halves,Non-Vegetarian
duck breasts,Non-Vegetarian
duck broth,Non-Vegetarian
duck carcass,Non-Vegetarian
duck confit,Non-Vegetarian
duck fat,Non-Vegetarian
duck giblets,Non-Vegetarian
duck hindquarters,Non-Vegetarian
duck legs,Non-Vegetarian
duck quarters,Non-Vegetarian
duck stock,Non-Vegetarian
duckling,Vegan
ducklings,Vegan
ducks,Vegan
dukkah,Vegan
dulce de leche,Vegan
dulce de leche ice cream,Vegetarian
dulce de leche liqueur,Vegan
dulse flakes,Vegan
dulse seaweed,Vegan
dumpling wrappers,Vegan
dumplings,Vegan
duncan hines butter cake mix,Vegetarian
duncan hines chewy fudge brownie mix,Vegan
duncan hines cinnamon swirl muffin mix,Vegan
duncan hines lemon supreme cake mix,Vegan
duncan hines moist deluxe butter recipe fudge cake mix,Vegetarian
duncan hines moist deluxe spice cake mix,Vegan
duncan hines moist deluxe yellow cake mix,Vegan
duncan hines orange cake mix,Vegan
duncan hines orange supreme cake mix,Vegan
duncan hines yellow cake mix,Vegan
duncan hines yellow pudding cake mix,Vegan
dungeness crab,Non-Vegetarian
dungeness crabmeat,Vegan
dungeness crabs,Vegan
durian,Vegan
durkee grill creations black peppercorn marinade mix,Vegan
durkee onions,Vegan
durkee's sauce,Vegan
durum flour,Vegan
dutch beef extract maggi,Non-Vegetarian
dutch process cocoa,Vegan
dutch-processed cocoa powder,Vegan
eagle brand condensed milk,Vegetarian
ear of corn,Vegan
earl grey tea,Vegan
earl grey teabags,Vegan
ears of corn,Vegan
earth balance buttery sticks,Vegan
earth balance margarine,Vegan
earth balance natural buttery spread,Vegan
earth balance shortening,Vegan
earth balance whipped spread,Vegan
eau de vie,Vegan
eckrich smoked sausage,Non-Vegetarian
edam cheese,Vegetarian
edamame,Vegan
edible glitter,Vegan
edible orchid,Vegan
edible silver foil,Vegan
eel,Vegan
egg,Vegetarian
egg beaters cheese and chive egg substitute,Vegetarian
egg beaters egg substitute,Vegetarian
egg beaters garden vegetable egg substitute,Vegetarian
egg bread,Vegetarian
egg matzo,Vegetarian
egg noodles,Vegetarian
egg roll crepes,Vegetarian
egg roll wrap,Vegetarian
egg roll wrappers,Vegetarian
egg roll wraps,Vegetarian
egg rolls,Vegetarian
egg rotini pasta,Vegetarian
egg substitute,Vegetarian
egg tomatoes,Vegetarian
egg wash,Vegetarian
egg white,Vegetarian
egg white powder,Vegetarian
egg white substitute,Vegetarian
egg whites,Vegetarian
egg yolk,Vegetarian
egg yolks,Vegetarian
egg-free pasta,Vegetarian
eggland's best large egg,Vegetarian
eggland's best large eggs,Vegetarian
egglands best eggs,Vegetarian
eggnog,Vegan
eggnog ice cream,Vegetarian
eggplant,Vegan
eggplant dip,Vegan
eggplant spread,Vegan
eggplants,Vegan
eggs,Vegetarian
eggshells,Vegan
eidam cheese,Vegetarian
el patio jalapeno chili sauce,Vegan
el torito adobo al pastor sauce,Vegan
elbow macaroni,Vegan
elderberries,Vegan
elderberry,Vegan
elderberry flowers,Vegan
elderflower cordial,Vegan
elderflower head,Vegan
elderflower heads,Vegan
elderflower liqueur,Vegan
elephant,Vegan
elephant garlic,Vegan
elephant garlic clove,Vegan
elephant garlic cloves,Vegan
elk meat,Non-Vegetarian
elk roast,Non-Vegetarian
elk rump roast,Non-Vegetarian
elk steaks,Non-Vegetarian
emeril's itailian essence,Vegan
emeril's kicked up horseradish mustard,Vegan
emeril's original essence,Vegan
emmenthaler cheese,Vegetarian
empanada wrappers,Vegan
enchilada sauce,Vegan
enchilada seasoning,Vegan
endive,Vegan
endives,Vegan
ener-g egg substitute,Vegetarian
english cucumber,Vegan
english cucumbers,Vegan
english muffin,Vegan
english muffins,Vegan
english mustard,Vegan
english mustard powder,Vegan
english pea,Vegan
english peas,Vegan
english seedless cucumber,Vegan
english seedless cucumbers,Vegan
english toffee,Vegan
english toffee bits,Vegan
english toffee syrup,Vegan
english toffee-flavored candy bar,Vegan
english toffee-flavored candy bars,Vegan
english walnuts,Vegan
enoki mushrooms,Vegan
enriched flour,Vegan
enriched rice,Vegan
epazote,Vegan
epazote leaves,Vegan
epice riche,Vegan
epicure cheese chives and bacon dip mix,Non-Vegetarian
epicure lemon dilly dip mix,Vegan
epicure seasonings summer berry fruit dip mix,Vegan
epsom salts,Vegan
equal spoonful,Vegan
equal sugar lite,Vegan
equal sugar substitute,Vegan
erythritol,Vegan
esb beer,Vegan
escargot,Vegan
escarole,Vegan
escoffier sauce,Vegan
espresso,Vegan
espresso beans,Vegan
espresso blend coffee,Vegan
espresso coffee,Vegan
espresso granules,Vegan
espresso powder,Vegan
espresso-flavored vodka,Vegan
essence of ratafia,Vegan
essence seasoning,Vegan
essential oil,Vegan
essential oils,Vegan
europe's best carrots a la parisienne,Vegan
europe's best nature's balance,Vegan
europe's best romanesco concerto frozen vegetables,Vegan
europe's best sunburst mangoes,Vegan
evaporated 2% milk,Vegetarian
evaporated cane juice,Vegan
evaporated goat's milk,Vegan
evaporated low-fat milk,Vegetarian
evaporated milk,Vegetarian
evaporated skim milk,Vegetarian
everclear alcohol,Vegan
extra dark chocolate,Vegan
extra finely granulated sugar,Vegan
extra firm tofu,Vegan
extra large egg,Vegetarian
extra large egg whites,Vegetarian
extra large eggs,Vegetarian
extra lean beef,Non-Vegetarian
extra lean ground beef,Non-Vegetarian
extra lean ground chuck,Vegan
extra lean ground pork,Non-Vegetarian
extra mature cheddar cheese,Vegetarian
extra soft silken tofu,Vegan
extra strong coffee,Vegan
extra thick cool whip topping,Vegan
extra virgin olive oil,Vegan
extra-crunchy peanut butter,Vegetarian
extra-dry vermouth,Vegan
extra-firm silken tofu,Vegan
extra-large egg,Vegetarian
extra-large egg yolk,Vegetarian
extra-large egg yolks,Vegetarian
extra-large eggs,Vegetarian
extra-large shrimp,Non-Vegetarian
extra-light vegetable oil spread,Vegan
extra-sharp cheddar cheese,Vegetarian
extra-soft tofu,Vegan
extra-strong chicken broth,Non-Vegetarian
extract,Vegan
eye of round roast,Vegan
fabada beans,Vegan
fabric softener,Vegan
fage total 0%,Vegan
fajita seasoning mix,Vegan
fajita-size flour tortilla,Vegan
fajita-size flour tortillas,Vegan
fakin' bakin,Vegan
falafel mix,Vegan
falooda seeds,Vegan
family-size tea bag,Vegan
family-size tea bags,Vegan
fantastic foods vegetarian chili mix,Vegan
farfalle pasta,Vegan
farfel,Vegan
farina,Vegan
farl soda bread,Vegan
farmer cheese,Vegetarian
farmer's sausage,Non-Vegetarian
fast rise yeast,Vegan
fast rising yeast,Vegan
fast-rising active dry yeast,Vegan
fat,Vegan
fat free angel food cake mix,Vegan
fat free bacon,Non-Vegetarian
fat free balsamic vinaigrette,Vegan
fat free banana cream pie flavored pudding mix,Vegetarian
fat free beef and pork hot dogs,Non-Vegetarian
fat free beef gravy,Non-Vegetarian
fat free blue cheese dressing,Vegetarian
fat free brownie mix,Vegan
fat free butter substitute,Vegetarian
fat free cheese,Vegetarian
fat free chicken broth,Non-Vegetarian
fat free chicken gravy,Non-Vegetarian
fat free chocolate soymilk,Vegan
fat free chocolate syrup,Vegan
fat free coffee yogurt,Vegetarian
fat free coffee-mate,Vegan
fat free cream,Vegetarian
fat free cream cheese,Vegetarian
fat free cream of celery soup,Vegetarian
fat free croutons,Vegan
fat free dill dip,Vegan
fat free egg substitute,Vegetarian
fat free eggnog,Vegan
fat free feta cheese,Vegetarian
fat free flour tortillas,Vegan
fat free french vanilla liquid coffee creamer,Vegan
fat free french vanilla yogurt,Vegetarian
fat free fudge brownie mix,Vegan
fat free greek yogurt,Vegetarian
fat free hollandaise mix,Vegan
fat free lemon sorbet,Vegan
fat free low-sodium beef broth,Non-Vegetarian
fat free low-sodium cream of chicken soup,Non-Vegetarian
fat free marinara sauce,Vegan
fat free minestrone soup,Vegan
fat free monterey jack pepper cheese,Vegetarian
fat free mozzarella cheese,Vegetarian
fat free oven-roasted turkey breast,Non-Vegetarian
fat free parmesan,Vegetarian
fat free pasta sauce,Vegan
fat free peanut butter,Vegetarian
fat free peppercorn ranch dressing,Vegan
fat free pina colada yogurt,Vegetarian
fat free powdered cocoa mix,Vegan
fat free ranch dressing,Vegan
fat free raspberry pecan salad dressing,Vegan
fat free raspberry yogurt,Vegetarian
fat free reddi-wip topping,Vegan
fat free reduced-sugar cherry yogurt,Vegetarian
fat free reduced-sugar raspberry yogurt,Vegetarian
fat free refried beans with jalapeno,Vegan
fat free refried black beans,Vegan
fat free salsa,Vegan
fat free sausage,Non-Vegetarian
fat free sharp cheddar cheese,Vegetarian
fat free sodium free chicken broth,Non-Vegetarian
fat free sour cream,Vegetarian
fat free spaghetti sauce,Vegan
fat free spicy refried beans,Vegan
fat free strawberry ice cream,Vegetarian
fat free sugar free yogurt,Vegetarian
fat free sugar-free gelatin mix,Non-Vegetarian
fat free sugar-free instant butterscotch pudding mix,Vegan
fat free sugar-free instant cheesecake pudding mix,Vegan
fat free sugar-free instant chocolate fudge pudding mix,Vegan
fat free sugar-free raspberry yogurt,Vegetarian
fat free sugar-free strawberry gelatin,Non-Vegetarian
fat free tomato basil pasta sauce,Vegan
fat free tortilla,Vegan
fat free tortillas,Vegan
fat free turkey hot dogs,Non-Vegetarian
fat free vanilla ice cream,Vegetarian
fat free vanilla wafers,Vegan
fat free vegetable soup,Vegan
fat free whole wheat tortillas,Vegan
fat from meat,Non-Vegetarian
fat pork,Non-Vegetarian
fat salt pork,Non-Vegetarian
fat-free american cheese,Vegetarian
fat-free american cheese slices,Vegetarian
fat-free apricot yogurt,Vegetarian
fat-free balsamic vinegar,Vegan
fat-free beef stock,Non-Vegetarian
fat-free blueberry muffin mix,Vegan
fat-free blueberry yogurt,Vegetarian
fat-free bread,Vegan
fat-free breakfast sausage,Non-Vegetarian
fat-free buttermilk,Vegetarian
fat-free butterscotch ice cream topping,Vegetarian
fat-free caesar salad dressing,Vegan
fat-free caramel topping,Vegan
fat-free catalina dressing,Vegan
fat-free cheddar cheese,Vegetarian
fat-free cherry vanilla yogurt,Vegetarian
fat-free chicken broth,Non-Vegetarian
fat-free chili,Vegan
fat-free chocolate flavor instant pudding and pie mix,Vegan
fat-free chocolate instant pudding mix,Vegan
fat-free chocolate milk,Vegetarian
fat-free chocolate pudding,Vegan
fat-free condensed milk,Vegetarian
fat-free cookies,Vegan
fat-free cool whip,Vegan
fat-free cottage cheese,Vegetarian
fat-free crackers,Vegan
fat-free cream cheese,Vegetarian
fat-free cream cheese with chives,Vegetarian
fat-free cream cheese with garden vegetables,Vegetarian
fat-free cream of chicken soup,Non-Vegetarian
fat-free cream of mushroom soup,Vegetarian
fat-free egg-roll wrappers,Vegetarian
fat-free evaporated milk,Vegetarian
fat-free french dressing,Vegan
fat-free frozen yogurt,Vegetarian
fat-free garlic bagel chips,Vegan
fat-free gluten-free chicken stock,Non-Vegetarian
fat-free graham cracker crust,Vegan
fat-free granola,Vegan
fat-free half-and-half,Vegetarian
fat-free ham,Non-Vegetarian
fat-free hazelnut-flavored nondairy liquid coffee creamer,Vegan
fat-free honey mustard dressing,Vegetarian
fat-free honey roasted turkey breast,Non-Vegetarian
fat-free honey-dijon salad dressing,Vegetarian
fat-free hot dogs,Vegan
fat-free instant vanilla pudding mix,Vegan
fat-free italian salad dressing,Vegan
fat-free italian salad dressing mix,Vegan
fat-free key lime yogurt,Vegetarian
fat-free lemon yogurt,Vegetarian
fat-free liquid creamer,Vegan
fat-free liquid egg product,Vegetarian
fat-free low-sodium chicken broth,Non-Vegetarian
fat-free margarine,Vegan
fat-free mayonnaise,Vegetarian
fat-free miracle whip,Vegan
fat-free monterey jack cheese,Vegetarian
fat-free orange cranberry muffin mix,Vegan
fat-free orange yogurt,Vegetarian
fat-free original pringles,Vegan
fat-free parmesan cheese,Vegetarian
fat-free peach yogurt,Vegetarian
fat-free pound cake,Vegan
fat-free ranch dressing mix,Vegan
fat-free raspberry vinaigrette,Vegan
fat-free red wine vinaigrette,Vegan
fat-free refried beans,Vegan
fat-free ricotta cheese,Vegetarian
fat-free salad dressing,Vegan
fat-free saltine crackers,Vegan
fat-free strawberry frozen yogurt,Vegetarian
fat-free sugar-free chocolate syrup,Vegan
fat-free sugar-free hot cocoa mix,Vegan
fat-free sugar-free hot fudge topping,Vegan
fat-free sugar-free instant chocolate pudding mix,Vegan
fat-free sugar-free instant pistachio pudding mix,Vegan
fat-free sugar-free instant vanilla pudding mix,Vegan
fat-free sugar-free instant white chocolate pudding mix,Vegan
fat-free sugar-free vanilla pudding,Vegan
fat-free sugar-free vanilla pudding mix,Vegan
fat-free sugar-free white chocolate pudding mix,Vegan
fat-free sweetened condensed milk,Vegetarian
fat-free swiss cheese,Vegetarian
fat-free tartar sauce,Vegan
fat-free thousand island salad dressing,Vegan
fat-free tomato and herb salad dressing,Vegan
fat-free turkey bacon,Non-Vegetarian
fat-free turkey chili,Non-Vegetarian
fat-free vanilla pudding,Vegan
fat-free vegetable broth,Vegan
fat-free vegetarian chili,Vegan
fat-free vegetarian refried beans,Vegan
fat-free vinaigrette-style dressing,Vegan
fat-free whipped dessert topping,Vegan
fat-free whipped topping,Vegan
fat-free whole wheat pita bread,Vegan
fatty bacon,Non-Vegetarian
fatty pork,Non-Vegetarian
fava bean flour,Vegan
fava bean pods,Vegan
fava beans,Vegan
featherweight baking powder,Vegan
feijoas,Vegan
fennel,Vegan
fennel bulb,Vegan
fennel bulbs,Vegan
fennel head,Vegan
fennel leaves,Vegan
fennel pollen,Vegan
fennel powder,Vegan
fennel seed,Vegan
fennel seeds,Vegan
fenugreek leaves,Vegan
fenugreek seeds,Vegan
fermented black beans,Vegan
fermented black beans with garlic,Vegan
feta,Vegetarian
feta cheese,Vegetarian
feta cheese with cracked pepper,Vegetarian
feta cheese with dried basil and tomato,Vegetarian
feta cheese with garlic and herbs,Vegetarian
feta cheese with herbs,Vegetarian
feta cheese with lemon garlic and oregano,Vegetarian
feta cheese with rosemary and basil,Vegetarian
feta cubes,Vegetarian
feta with sun-dried tomato and basil,Vegetarian
fettuccine,Vegan
fettuccine alfredo pasta roni,Vegan
fettuccine pasta,Vegan
fiber one caramel delight cereal,Vegan
fiber one cereal,Vegan
fiber one honey clusters cereal,Vegetarian
fiber supplement,Vegan
fiddlehead,Vegan
fiddlehead ferns,Vegan
fiddleheads,Vegan
fideos,Vegan
field greens,Vegan
field mushroom,Vegan
field mushrooms,Vegan
field peas,Vegan
fiesta nacho cheese soup,Vegetarian
fig,Vegan
fig compote,Vegan
fig jam,Vegan
fig leaf,Vegan
fig preserves,Vegan
figs,Vegan
filbert nuts,Vegan
filberts,Vegan
file powder,Vegan
filet mignon,Vegan
filet mignon steak,Non-Vegetarian
filet mignon steaks,Vegan
filet of beef,Non-Vegetarian
filet of fresh sea bass,Vegan
fillet of sole,Vegan
fillets,Vegan
fillets of sole,Vegan
filo pastry,Vegan
filter coffee,Vegan
fine breadcrumbs,Vegan
fine chocolate wafer crumbs,Vegan
fine cracker crumb,Vegan
fine cracker crumbs,Vegan
fine dry breadcrumb,Vegan
fine dry breadcrumbs,Vegan
fine dry white bread crumbs,Vegan
fine dutch rusk crumb,Vegan
fine egg noodles,Vegetarian
fine graham cracker crumbs,Vegan
fine granulated sugar,Vegan
fine matzo meal,Vegan
fine noodles,Vegan
fine salt,Vegan
fine sea salt,Vegan
fine semolina,Vegan
fine soft bread crumbs,Vegan
fine sugar,Vegan
fines herbes,Vegan
fingerling potato,Vegan
fingerling potatoes,Vegan
finnan haddie,Vegan
fiori di sicilia extract,Vegan
fire oil,Vegan
fire-roasted tomatoes,Vegan
fireweed blossoms,Vegan
fireweed juice,Vegan
firm banana,Vegan
firm bananas,Vegan
firm butter,Vegetarian
firm margarine,Vegan
firm ripe peach,Vegan
firm ripe peaches,Vegan
firm ripe tomatoes,Vegan
firm silken tofu,Vegan
firm tofu,Vegan
firm white fish,Non-Vegetarian
first cut briskets of beef,Non-Vegetarian
fish,Non-Vegetarian
fish balls,Non-Vegetarian
fish bones,Non-Vegetarian
fish bouillon cube,Non-Vegetarian
fish bouillon cubes,Non-Vegetarian
fish cake,Non-Vegetarian
fish cakes,Non-Vegetarian
fish curry powder,Non-Vegetarian
fish fillet,Non-Vegetarian
fish fillets,Non-Vegetarian
fish fumet,Non-Vegetarian
fish head,Non-Vegetarian
fish heads,Non-Vegetarian
fish oil,Non-Vegetarian
fish roe,Non-Vegetarian
fish sauce,Non-Vegetarian
fish scraps,Non-Vegetarian
fish seasoning,Non-Vegetarian
fish steaks,Non-Vegetarian
fish stock,Non-Vegetarian
fish stock cube,Non-Vegetarian
fish stock granules,Non-Vegetarian
fish-fry mix,Non-Vegetarian
fisher chef's naturals sliced almonds,Vegan
fisher chef's naturals slivered almonds,Vegan
fisher chef's naturals walnut halves,Vegan
fisher chef's naturals walnuts,Vegan
fisher chef's naturals whole almonds,Vegan
fisher dried sweetened cranberries,Vegan
fisher walnut halves and pieces,Vegan
"fisher walnut halves and pieces, divided",Vegan
five cheese blend,Vegetarian
five grain tempeh,Vegan
five-alive drink,Vegan
five-cheese italian dressing,Vegetarian
five-grain cereal,Vegan
five-pepper medley,Vegan
five-spice powder,Vegan
five-spice seasoning,Vegan
flageolet beans,Vegan
flaked coconut,Vegan
flaked sea salt,Vegan
flakey biscuits,Vegan
flank steak,Non-Vegetarian
flank steaks,Vegan
flat bread,Vegan
flat egg noodles,Vegetarian
flat iron steak,Non-Vegetarian
flat iron steaks,Vegan
flat lasagna noodles,Vegan
flat leaf parsley,Vegan
flat rice noodles,Vegan
flat-leaf italian parsley,Vegan
flavor enhancer,Vegan
flavored oil,Vegan
flavored sugar-free instant coffee,Vegan
flavoring,Vegan
flax and fiber crunch cereal,Vegan
flax powder,Vegan
flax seed,Vegan
flax seed meal,Vegan
flax seed oil,Vegan
flax seed whole wheat tortillas,Vegan
flax seeds,Vegan
fleischmann's active dry yeast,Vegan
fleischmann's margarine,Vegan
fleur de sel,Vegan
flexible plastic straws,Vegan
florida grapefruit juice,Vegan
flounder,Vegan
flounder fillets,Vegan
flour,Vegan
flour tortilla,Vegan
flour tortillas,Vegan
floury potato,Vegan
floury potatoes,Vegan
flower pot,Vegan
focaccia bread,Vegan
focaccia rolls,Vegan
foie gras,Vegan
foie gras pate,Vegan
foil liners,Vegan
folgers caramel groove cafe latte mix,Vegan
folgers instant cappuccino mix,Vegan
fondant,Vegan
fontina,Vegan
fontina cheese,Vegetarian
fontinella cheese,Vegetarian
food coloring,Vegan
food coloring paste,Vegan
food-grade diatomaceous earth,Vegan
forest fruit tea bag,Vegan
fortune cookies,Vegan
four cheese blend,Vegetarian
four cheese pasta sauce,Vegetarian
four-bean mix,Vegan
four-cheese mexican blend cheese,Vegetarian
four-cheese ravioli,Vegetarian
four-grain cereal,Vegan
fowl,Vegan
framboise eau-de-vie,Vegan
framboise liqueur,Vegan
franco-american beef gravy,Non-Vegetarian
franco-american chicken gravy,Non-Vegetarian
frangelico,Vegan
frangelico liqueur,Vegan
frank,Vegan
frank's red hot sauce,Vegan
frankfurter,Non-Vegetarian
frankfurter buns,Non-Vegetarian
frankfurters,Vegan
franks,Vegan
franks and beans,Vegan
frappuccino caramel coffee drink,Vegan
free-range chicken,Non-Vegetarian
free-range egg,Vegetarian
free-range eggs,Vegetarian
freekeh,Vegan
freezer jam pectin,Vegan
french apple pie filling,Vegan
french baguette,Vegan
french baguettes,Vegan
french beans,Vegan
french bread,Vegan
french bread cubes,Vegan
french bread dough,Vegan
french butter pears,Vegetarian
french cheese,Vegetarian
french dijon mustard,Vegan
french dressing,Vegan
french dry rub,Vegan
french fried onion rings,Vegan
french fried onions rings,Vegan
french fries,Vegan
french haricots vert,Vegan
french lentils,Vegan
french mustard,Vegan
french onion dip,Vegan
french onion soup,Vegan
french onion soup mix,Vegan
french parfait amour liqueur,Vegan
french roll,Vegan
french rolls,Vegan
french style green bean,Vegan
french style green beans,Vegan
french tarragon,Vegan
french thyme,Vegan
french vanilla cake mix,Vegan
french vanilla cool whip,Vegan
french vanilla flavored coffee creamer,Vegan
french vanilla ice cream,Vegetarian
french vanilla instant pudding,Vegan
french vanilla liquid coffee creamer,Vegan
french vanilla non-dairy coffee creamer,Vegan
french vanilla powdered coffee creamer,Vegan
french vanilla pudding mix,Vegan
french vanilla yogurt,Vegetarian
french's cheddar french fried onions,Vegetarian
french's cheddar fried onions,Vegetarian
french's french fried onions,Vegan
french's mustard,Vegan
french-fried onions,Vegan
french-fried potatoes,Vegan
french-style green beans,Vegan
french-style ladyfinger cookie,Vegan
french-style ladyfinger cookies,Vegan
frenchs chili-o seasoning,Vegan
fresca soda,Vegan
fresh ahi tuna,Non-Vegetarian
fresh apple juice,Vegan
fresh apricot,Vegan
fresh apricots,Vegan
fresh asian basil,Vegan
fresh asparagus,Vegan
fresh baked bread,Vegan
fresh basil,Vegan
fresh basil leaf,Vegan
fresh basil leaves,Vegan
fresh bay leaf,Vegan
fresh bay leaves,Vegan
fresh bean sprout,Vegan
fresh bean sprouts,Vegan
fresh black pepper,Vegan
fresh blackberries,Vegan
fresh blueberries,Vegan
fresh boneless fish fillets,Non-Vegetarian
fresh breadcrumb,Vegan
fresh breadcrumbs,Vegan
fresh broccoli,Vegan
fresh broccoli and cauliflower mix,Vegan
fresh broccoli florets,Vegan
fresh brussels sprout,Vegan
fresh brussels sprouts,Vegan
fresh button mushrooms,Vegan
fresh calf liver,Non-Vegetarian
fresh carrot,Vegan
fresh carrots,Vegan
fresh cayenne pepper,Vegan
fresh cayenne peppers,Vegan
fresh cherries,Vegan
fresh chervil,Vegan
fresh chestnuts,Vegan
fresh chili pepper,Vegan
fresh chili peppers,Vegan
fresh chinese noodles,Vegan
fresh chinese pea pods,Vegan
fresh chinese spinach egg noodles,Vegetarian
fresh chives,Vegan
fresh cilantro,Vegan
fresh cilantro leaves,Vegan
fresh cilantro stem,Vegan
fresh cilantro stems,Vegan
fresh coarse ground black pepper,Vegan
fresh coconut,Vegan
fresh coffee,Vegan
fresh compressed yeast,Vegan
fresh coriander,Vegan
fresh coriander leaves,Vegan
fresh corn,Vegan
fresh corn kernels,Vegan
fresh crab,Non-Vegetarian
fresh crabmeat,Vegan
fresh crabs,Vegan
fresh cracked pepper,Vegan
fresh cranberries,Vegan
fresh cream,Vegetarian
fresh cumin seed,Vegan
fresh curds,Vegan
fresh curly-leaf parsley,Vegan
fresh dill,Vegan
fresh dill leaves,Vegan
fresh dill sprig,Vegan
fresh dill sprigs,Vegan
fresh dill weed,Vegan
fresh edible flower,Vegan
fresh edible flowers,Vegan
fresh egg noodles,Vegetarian
fresh fettuccine,Vegan
fresh fig,Vegan
fresh figs,Vegan
fresh flat-leaf parsley,Vegan
fresh french beans,Vegan
fresh fruit,Vegan
fresh galangal root,Vegan
fresh garlic,Vegan
fresh garlic clove,Vegan
fresh garlic cloves,Vegan
fresh ginger,Vegan
fresh ginger root juice,Vegan
fresh gingerroot,Vegan
fresh goat cheese,Vegan
fresh grape leaves,Vegan
fresh green beans,Vegan
fresh green chile,Vegan
fresh green chilies,Vegan
fresh green herbs,Vegan
fresh ground black pepper,Vegan
fresh ground pepper,Vegan
fresh ground white pepper,Vegan
fresh herb,Vegan
fresh herbs,Vegan
fresh herbs of choice,Vegan
fresh homemade breadcrumbs,Vegan
fresh horseradish,Vegan
fresh italian parsley,Vegan
fresh jalapeno,Vegan
fresh jalapeno chilie,Vegan
fresh jalapeno chilies,Vegan
fresh jalapeno pepper,Vegan
fresh jalapeno peppers,Vegan
fresh jalapenos,Vegan
fresh kale,Vegan
fresh large mushroom,Vegan
fresh large mushrooms,Vegan
fresh lasagna noodles,Vegan
fresh lavender blossoms,Vegan
fresh lemon,Vegan
fresh lemon juice,Vegan
fresh lemon rind,Vegan
fresh lemon zest,Vegan
fresh lemongrass,Vegan
fresh lima beans,Vegan
fresh lime juice,Vegan
fresh lime leaves,Vegan
fresh lime zest,Vegan
fresh linguine,Vegan
fresh lotus root,Vegan
fresh lump crabmeat,Vegan
fresh mango,Vegan
fresh marjoram,Vegan
fresh meyer lemon juice,Vegan
fresh mint leaves,Vegan
fresh mozzarella ball,Vegetarian
fresh mozzarella balls,Vegetarian
fresh mozzarella cheese,Vegetarian
fresh mushrooms,Vegan
fresh mussels,Vegan
fresh nutmeg,Vegan
fresh okra,Vegan
fresh onion,Vegan
fresh onion ring,Vegan
fresh onion rings,Vegan
fresh onions,Vegan
fresh orange juice,Vegan
fresh orange-fleshed yams,Vegan
fresh oregano,Vegan
fresh parmesan cheese,Vegetarian
fresh parsley,Vegan
fresh parsley leaves,Vegan
fresh parsley sprig,Vegan
fresh parsley sprigs,Vegan
fresh pasta,Vegan
fresh peach,Vegan
fresh peaches,Vegan
fresh pear,Vegan
fresh pears,Vegan
fresh peas,Vegan
fresh pepper,Vegan
fresh pimiento peppers,Vegan
fresh pineapple,Vegan
fresh pineapple chunk,Vegan
fresh pineapple chunks,Vegan
fresh pineapple juice,Vegan
fresh pork hocks,Non-Vegetarian
fresh pork loin roast,Non-Vegetarian
fresh pork picnic,Non-Vegetarian
fresh pork shoulder,Non-Vegetarian
fresh portabella mushroom,Vegan
fresh portabella mushrooms,Vegan
fresh pumpkin,Vegan
fresh pumpkin puree,Vegan
fresh pumpkin ravioli,Vegan
fresh raspberries,Vegan
fresh raspberry,Vegan
fresh red currant,Vegan
fresh red raspberries,Vegan
fresh rhubarb,Vegan
fresh ricotta,Vegetarian
fresh ripe pineapple,Vegan
fresh rose petals,Vegan
fresh rosemary,Vegan
fresh rosemary leaf,Vegan
fresh rosemary leaves,Vegan
fresh rosemary needles,Vegan
fresh sage,Vegan
fresh sage leaf,Vegan
fresh sage leaves,Vegan
fresh salmon,Non-Vegetarian
fresh sardine,Vegan
fresh sardines,Vegan
fresh sauerkraut,Vegan
fresh savory,Vegan
fresh scallions,Vegan
fresh scallops,Vegan
fresh sea scallop,Vegan
fresh sea scallops,Vegan
fresh seaweed,Vegan
fresh shiitake mushroom,Vegan
fresh shiitake mushrooms,Vegan
fresh shrimp,Non-Vegetarian
fresh small shrimp,Non-Vegetarian
fresh smoked mozzarella cheese ball,Vegetarian
fresh snow pea,Vegan
fresh snow peas,Vegan
fresh sorrel,Vegan
fresh sorrel leaf,Vegan
fresh sorrel leaves,Vegan
fresh spearmint,Vegan
fresh spinach,Vegan
fresh spinach leaves,Vegan
fresh spinach-cheese ravioli,Vegetarian
fresh strawberries,Vegan
fresh sweet basil leaves,Vegan
fresh sweet potatoes,Vegan
fresh swiss chard,Vegetarian
fresh swordfish steaks,Vegan
fresh tarragon,Vegan
fresh tarragon leaves,Vegan
fresh tarragon sprig,Vegan
fresh tarragon sprigs,Vegan
fresh thyme,Vegan
fresh thyme leave,Vegan
fresh thyme leaves,Vegan
fresh thyme sprig,Vegan
fresh thyme sprigs,Vegan
fresh tomato,Vegan
fresh tomatoes,Vegan
fresh tortellini,Vegan
fresh tuna,Non-Vegetarian
fresh tuna filets,Non-Vegetarian
fresh turmeric,Vegan
fresh udon noodles,Vegan
fresh unsweetened applesauce,Vegan
fresh water,Vegan
fresh wax beans,Vegan
fresh white breadcrumbs,Vegan
fresh white fish,Non-Vegetarian
fresh white garlic,Vegan
fresh white mushroom,Vegan
fresh white mushrooms,Vegan
fresh whole wheat bread crumbs,Vegan
fresh whole wheat breadcrumbs,Vegan
fresh yeast,Vegan
fresh yeast cake,Vegan
fresh yeast cakes,Vegan
fresh zucchini,Vegan
freshly rendered lard,Non-Vegetarian
fresno chile pepper,Vegan
fried bacon,Non-Vegetarian
fried chicken,Non-Vegetarian
fried chinese noodles,Vegan
fried onion flakes,Vegan
fried onions,Vegan
fried rice,Vegan
fried rice with vegetables,Vegan
fried shallots,Vegan
fried tofu,Vegan
frisee,Vegan
frisee lettuce,Vegan
frito corn chip,Vegan
frito corn chips,Vegan
frito scoops,Vegan
frito-lay bean dip,Vegan
fritos chili cheese corn chips,Vegetarian
fritos corn chips,Vegan
friulano cheese,Vegetarian
frog's leg,Vegan
frog's legs,Vegan
frogs,Vegan
fromage blanc,Vegan
fromage frais,Vegan
fromage frais with added cream,Vegetarian
frosted flakes,Vegan
frosted mini-wheats cereal,Vegan
frosting,Vegan
frozen 9-inch deep dish pie shell,Vegan
frozen 9-inch deep dish pie shells,Vegan
frozen apple cherry juice concentrate,Vegan
frozen apple juice concentrate,Vegan
frozen apples,Vegan
frozen artichoke heart,Vegan
frozen artichoke hearts,Vegan
frozen artichokes,Vegan
frozen asian-style vegetables,Vegan
frozen asparagus,Vegan
frozen asparagus cuts,Vegan
frozen avocado dip,Vegan
frozen baby carrots,Vegan
frozen baby lima bean,Vegan
frozen baby lima beans,Vegan
frozen baby peas,Vegan
frozen banana-orange juice concentrate,Vegan
frozen battered fish fillets,Non-Vegetarian
frozen beans and carrots,Vegan
frozen beef burger patties,Non-Vegetarian
frozen beef ravioli,Non-Vegetarian
frozen bell peppers,Vegan
frozen bell peppers onions and celery,Vegan
frozen black-eyed peas,Vegan
frozen blackberrie,Vegan
frozen blackberries,Vegan
frozen blueberries,Vegan
frozen bread dough,Vegan
frozen breaded okra,Vegan
frozen broccoli,Vegan
frozen broccoli and cauliflower,Vegan
frozen broccoli carrots cauliflower mix,Vegan
frozen broccoli cauliflower red sweet pepper mix,Vegan
frozen broccoli cuts,Vegan
frozen broccoli florets,Vegan
frozen broccoli green beans onions and peppers mix,Vegan
frozen broccoli spears,Vegan
frozen broccoli with red pepper,Vegan
frozen broccoli with red peppers,Vegan
frozen brussels sprouts,Vegan
frozen butternut squash,Vegan
frozen butternut squash puree,Vegan
frozen carrots,Vegan
frozen carrots and broccoli mix,Vegan
frozen cauliflower,Vegan
frozen cheese pizza,Vegetarian
frozen cheese ravioli,Vegetarian
frozen cheese tortellini,Vegetarian
frozen cherries,Vegan
frozen cherry lemonade concentrate,Vegan
frozen chicken nibbles,Non-Vegetarian
frozen chicken nuggets,Non-Vegetarian
frozen chinese pea pods,Vegan
frozen chopped broccoli,Vegan
frozen chopped kale,Vegan
frozen chopped mangoes,Vegan
frozen chopped onions,Vegan
frozen chopped spinach,Vegan
frozen coconut,Vegan
frozen coconut milk,Vegan
frozen concentrate orange juice,Vegan
frozen concentrated lemonade,Vegan
frozen concentrated orange juice,Vegan
frozen cooked shrimp,Non-Vegetarian
frozen corn,Vegan
frozen corn and black beans,Vegan
frozen corn broccoli and red pepper,Vegan
frozen corn in butter sauce,Vegetarian
frozen corn kernels,Vegan
frozen corn souffle,Vegan
frozen crab,Non-Vegetarian
frozen crabmeat,Vegan
frozen cranberries,Vegan
frozen cranberry juice concentrate,Vegan
frozen cranberry-apple juice cocktail,Vegan
frozen cream of shrimp soup,Non-Vegetarian
frozen creamed spinach,Vegan
frozen crinkle cut french fries,Vegan
frozen cubed hash brown potatoes,Vegan
frozen cut broccoli in cheese sauce,Vegetarian
frozen cut green beans,Vegan
frozen cut okra,Vegan
frozen daiquiri concentrate,Vegan
frozen dark sweet cherries,Vegan
frozen deep dish pie shell,Vegan
frozen dessert topping,Vegan
frozen diced potatoes,Vegan
frozen dinner rolls,Vegan
frozen dough rolls,Vegan
frozen edamame,Vegan
frozen english peas,Vegan
frozen extra creamy whipped topping,Vegan
frozen fat free non-dairy topping,Vegan
frozen fat-free whipped topping,Vegan
frozen fish sticks,Non-Vegetarian
frozen flour rounds,Vegan
frozen french fries,Vegan
frozen french toast,Vegan
frozen french-cut green beans,Vegan
frozen fruit,Vegan
frozen fruit punch concentrate,Vegan
frozen garlic butter fish fillets,Non-Vegetarian
frozen gluten-free waffle,Vegan
frozen grape juice concentrate,Vegan
frozen green beans,Vegan
frozen green beans with almonds,Vegan
frozen green pea,Vegan
frozen green peas,Vegan
frozen guava juice concentrate,Vegan
frozen gumbo-style vegetables,Vegan
frozen ham loaf,Non-Vegetarian
frozen harvest apples,Vegan
frozen hash brown potatoes,Vegan
frozen hash browns,Vegan
frozen hash browns with cheddar cheese,Vegetarian
frozen hash browns with onions and peppers,Vegan
frozen huckleberries,Vegan
frozen italian cut green beans,Vegan
frozen italian style meatballs,Vegan
frozen italian-style vegetables with pasta,Vegan
frozen juice concentrate,Vegan
frozen leaf spinach,Vegan
frozen lemon juice,Vegan
frozen lemonade,Vegan
frozen lemonade concentrate,Vegan
frozen light whipped dessert topping,Vegan
frozen lima beans,Vegan
frozen limeade concentrate,Vegan
frozen lobster tails,Non-Vegetarian
frozen low-fat potato pierogies,Vegan
frozen macaroni and cheese,Vegetarian
frozen mango chunks,Vegan
frozen mango citrus concentrate,Vegan
frozen margarita mix,Vegan
frozen mashed potatoes,Vegan
frozen meatballs,Vegan
frozen mexican-style vegetables,Vegan
frozen mini meatballs,Vegan
frozen mini tart shells,Vegan
frozen miniature phyllo tart shells,Vegan
frozen mixed berries,Vegan
frozen mixed broccoli red bell peppers bamboo shoots and mushrooms,Vegan
frozen mixed peas carrots and potatoes,Vegan
frozen mixed peppers,Vegan
frozen mixed potatoes carrots celery and onions,Vegan
frozen mixed tropical fruit,Vegan
frozen mixed vegetables,Vegan
frozen mozzarella garlic bread,Vegetarian
frozen non-dairy topping,Vegan
frozen okra,Vegan
frozen onion and three pepper blend,Vegan
frozen onion rings,Vegan
frozen orange juice,Vegan
frozen orange juice concentrate,Vegan
frozen orange juice ring,Vegan
frozen oriental-style vegetables,Vegan
frozen pancakes,Vegan
frozen passion fruit juice concentrate,Vegan
frozen pasty shells,Vegan
frozen pea pods,Vegan
frozen peaches,Vegan
frozen pearl onions,Vegan
frozen peas,Vegan
frozen peas and carrot,Vegan
frozen peas and carrots,Vegan
frozen peas and corn,Vegan
frozen peas carrots and cauliflower,Vegan
frozen peppers and onions,Vegan
frozen petits pois,Vegan
frozen pie crust,Vegan
frozen pie crusts,Vegan
frozen pina colada mix,Vegan
frozen pineapple chunks,Vegan
frozen pineapple concentrate,Vegan
frozen pineapple-orange-guava juice concentrate,Vegan
frozen pink lemonade concentrate,Vegan
frozen pitted tart cherries,Vegan
frozen pizza,Vegan
frozen pizza crust,Vegan
frozen pizza dough,Vegan
frozen pot sticker,Vegan
frozen pot stickers,Vegan
frozen potato and onion pierogies,Vegan
frozen potato patties,Vegan
frozen potato pierogi,Vegan
frozen potato pierogies,Vegan
frozen potato slices,Vegan
frozen potato wedges,Vegan
frozen potatoes au gratin,Vegan
frozen pound cake,Vegan
frozen puff pastry,Vegan
frozen puff pastry shell,Vegan
frozen puff pastry shells,Vegan
frozen raspberries,Vegan
frozen raspberries in light syrup,Vegan
frozen raspberry concentrate,Vegan
frozen raspberry-lemonade concentrate,Vegan
frozen reduced-fat non-dairy whipped topping,Vegan
frozen reduced-fat puff pastry,Vegan
frozen rhubarb,Vegan
frozen roasted potatoes with broccoli and cheese sauce,Vegetarian
frozen salad shrimp,Non-Vegetarian
frozen seasoned corn and black beans,Vegan
frozen shoestring french fries,Vegan
frozen shredded hash browns,Vegan
frozen shrimp,Non-Vegetarian
frozen sliced carrots,Vegan
frozen sliced peaches,Vegan
frozen sliced strawberries,Vegan
frozen sliced strawberries in syrup,Vegan
frozen small whole onions,Vegan
frozen snow peas,Vegan
frozen southern style hash brown potatoes,Vegan
frozen southwest corn,Vegan
frozen spicy french fries,Vegan
frozen spinach,Vegan
frozen squash,Vegan
frozen stew vegetables,Vegan
frozen strawberries,Vegan
frozen strawberries in light syrup,Vegan
frozen strawberries in syrup,Vegan
frozen strawberry daiquiri concentrate,Vegan
frozen succotash,Vegan
frozen sugar snap peas,Vegan
frozen sweet corn,Vegan
frozen sweet peas,Vegan
frozen sweet peppers,Vegan
frozen sweetened raspberries,Vegan
frozen sweetened strawberries,Vegan
frozen tart shell,Vegan
frozen tart shells,Vegan
frozen tater tots,Vegan
frozen tempura shrimp,Non-Vegetarian
frozen tiny peas,Vegan
frozen tropical punch concentrate,Vegan
frozen unsweetened blackberries,Vegan
frozen unsweetened mixed berries,Vegan
frozen unsweetened raspberries,Vegan
frozen unsweetened strawberries,Vegan
frozen vegetables,Vegan
frozen vegetables and pasta,Vegan
frozen waffle sticks,Vegan
frozen waffles,Vegan
frozen whipped topping,Vegan
frozen white bread dough,Vegan
frozen white corn,Vegan
frozen white corn in butter sauce,Vegetarian
frozen whole kernel corn,Vegan
frozen whole okra,Vegan
frozen whole pearl onion,Vegan
frozen whole pearl onions,Vegan
frozen whole strawberries,Vegan
frozen wonton,Vegan
frozen yeast dinner roll dough,Vegan
frozen yellow beans,Vegan
frozen yogurt,Vegetarian
fructevia,Vegan
fructose,Vegan
fruit,Vegan
fruit and bran cereal,Vegan
fruit bits,Vegan
fruit bread,Vegan
fruit butter,Vegetarian
fruit chutney,Vegan
fruit cocktail,Vegan
fruit cocktail in heavy syrup,Vegan
fruit cocktail in juice,Vegan
fruit cocktail in light syrup,Vegan
fruit cocktail in syrup,Vegan
fruit cocktail-juice,Vegan
fruit filling,Vegan
fruit flavored gelatin,Non-Vegetarian
fruit fresh,Vegan
fruit jam,Vegan
fruit jell,Vegan
fruit jelly,Vegan
fruit juice,Vegan
fruit juice concentrate,Vegan
fruit leather,Vegan
fruit liqueur,Vegan
fruit loops cereal,Vegan
fruit nectar,Vegan
fruit pectin,Vegan
fruit pectin crystals,Vegan
fruit preserves,Vegan
fruit puffs,Vegan
fruit punch,Vegan
fruit puree,Vegan
fruit roll-up,Vegan
fruit salad,Vegan
fruit salad in syrup,Vegan
fruit salsa,Vegan
fruit salt,Vegan
fruit sauce,Vegan
fruit slices,Vegan
fruit snacks,Vegan
fruit spread,Vegan
fruit sugar,Vegan
fruit syrup,Vegan
fruit vinegar,Vegan
fruit yogurt,Vegetarian
fruit-flavored cream cheese,Vegetarian
fruit-fresh produce protector,Vegan
fruitcake,Vegan
fruitcake mix,Vegan
fruity pebbles cereal,Vegan
fry bread,Vegan
fryer,Vegan
fryer chicken,Non-Vegetarian
fryer chickens,Vegan
frying chicken,Non-Vegetarian
frying chickens,Vegan
frying oil,Vegan
frypowder,Vegan
fudge,Vegan
fudge brownie mix,Vegan
fudge cake mix,Vegan
fudge frosting,Vegan
fudge marble cake mix,Vegan
fudge sauce,Vegan
fudge-striped shortbread cookies,Vegan
fuji apple,Vegan
fuji apples,Vegan
full cream milk powder,Vegetarian
full size snickers bars,Vegan
full-bodied red wine,Vegan
full-cream milk,Vegetarian
full-fat milk,Vegetarian
fully cooked frozen seasoned steak strips,Non-Vegetarian
fun-size milky way bar,Vegan
fun-size milky way bars,Vegan
fun-size nestle crunch bars,Vegan
fusilli,Vegan
fuyu persimmons,Vegan
gai choy,Vegan
gai lan,Vegan
gala apples,Vegan
galanga powder,Vegan
galanga root,Vegan
galangal,Vegan
galliano,Vegan
game,Non-Vegetarian
gammon steaks,Vegan
ganache,Vegan
garam masala,Vegan
garam masala powder,Vegan
garbanzo bean miso,Vegan
garbanzo beans,Vegan
garbanzo flour,Vegan
garden cress,Vegan
garden salad,Vegan
garden trowel,Vegan
garden vegetable spaghetti sauce,Vegan
garfava flour,Vegan
garlic,Vegan
garlic & herb salad dressing mix,Vegan
garlic & herb spreadable cheese,Vegetarian
garlic alfredo sauce,Vegan
garlic and cayenne pepper mayonnaise,Vegetarian
garlic and cheese flavored croutons,Vegetarian
garlic and ginger seasoning,Vegan
garlic and herb butter,Vegetarian
garlic and herb couscous mix,Vegan
garlic and herb goat cheese,Vegan
garlic and herb marinade,Vegan
garlic and herb rice mix,Vegan
garlic and herb sauce mix,Vegan
garlic and herb seasoning,Vegan
garlic and herb shake-in-bake,Vegan
garlic and herb spaghetti sauce,Vegan
garlic and herb-seasoned breadcrumbs,Vegan
garlic and olive oil pasta roni,Vegan
garlic and onion pasta sauce,Vegan
garlic and onion tofu,Vegan
garlic and red chile paste,Vegan
garlic bagel chips,Vegan
garlic balsamic & olive oil diced tomatoes,Vegan
garlic basil seasoning,Vegan
garlic bechamel,Vegan
garlic bread,Vegan
garlic butter,Vegetarian
garlic butter crescent dinner rolls,Vegetarian
garlic butter croutons,Vegetarian
garlic cheese rolls,Vegetarian
garlic cheese spread,Vegetarian
garlic chives,Vegan
garlic clove,Vegan
garlic cloves,Vegan
garlic flakes,Vegan
garlic flavored vinegar,Vegan
garlic granules,Vegan
garlic head,Vegan
garlic heads,Vegan
garlic hot pepper sauce,Vegan
garlic hummus,Vegan
garlic juice,Vegan
garlic mayonnaise,Vegetarian
garlic melba toast rounds,Vegan
garlic mushroom soup mix,Vegan
garlic mustard,Vegan
garlic oil,Vegan
garlic parmesan pretzel crisps,Vegetarian
garlic parmesan seasoning,Vegetarian
garlic parsley grapeseed oil,Vegan
garlic paste,Vegan
garlic pepper seasoning,Vegan
garlic powder,Vegan
garlic powder with parsley,Vegan
garlic rice and vermicelli mix,Vegan
garlic salt,Vegan
garlic salt with parsley,Vegan
garlic sauce,Vegan
garlic sausage,Non-Vegetarian
garlic scape,Vegan
garlic scapes,Vegan
garlic sea salt,Vegan
garlic season-all,Vegan
garlic seasoning,Vegan
garlic spread,Vegan
garlic sprouts,Vegan
garlic steak seasoning,Non-Vegetarian
garlic toast,Vegan
garlic vinaigrette dressing,Vegan
garlic-flavor mashed potatoes,Vegan
garlic-flavored croutons,Vegan
garlic-flavored non-stick spray,Vegan
garlic-flavored olive oil,Vegan
garlic-flavored red wine vinegar,Vegan
garlic-infused balsamic vinegar,Vegan
garlic-infused olive oil,Vegan
garlic-infused vegetable oil,Vegan
garlic-stuffed olives,Vegan
garnet yam,Vegan
garnet yams,Vegan
gatorade sports drink,Vegan
gebhardt chili powder,Vegan
geese breasts,Vegan
gefilte fish,Non-Vegetarian
gelatin,Non-Vegetarian
gelatin powder,Non-Vegetarian
gelatin sheets,Non-Vegetarian
gelato,Vegan
gelling sugar,Vegan
gem lettuce,Vegan
gemelli pasta,Vegan
general foods international suisse mocha cafe,Vegan
general purpose white flour,Vegan
genoa salami,Non-Vegetarian
gentian root,Vegan
geoduck clam,Non-Vegetarian
george washington broth,Vegan
georgia pecan halves,Vegan
geranium leaf,Vegan
geranium leaves,Vegan
gerber oatmeal cereal for baby,Vegan
german chocolate,Vegan
german chocolate bar,Vegan
german chocolate bars,Vegan
german chocolate cake mix,Vegan
german chocolate cake mix with pudding,Vegan
german cooking chocolate,Vegan
german mustard,Vegan
german potato salad,Vegan
german sausages,Vegan
german sweet chocolate,Vegan
german sweet chocolate squares,Vegan
german-style sweet sauerkraut,Vegan
gevalia dark roast,Vegan
gewurztraminer wine,Vegan
ghee,Vegetarian
gherkin,Vegan
gherkin pickle,Vegan
gherkin pickles,Vegan
gherkins,Vegan
ghirardelli double chocolate brownie mix,Vegan
ghirardelli double chocolate chips,Vegan
ghirardelli semi-sweet chocolate chips,Vegan
ghirardelli sweet ground chocolate and cocoa,Vegan
giada de laurentiis genovese basil pesto *available in most target stores,Vegan
gianduja,Vegan
giardiniera,Vegan
gilbey's gin,Vegan
gilroy garlic,Vegan
gimmie lean sausage flavor,Non-Vegetarian
gin,Vegan
gingelly oil,Vegan
ginger,Vegan
ginger ale,Vegan
ginger and chili paste,Vegan
ginger and green chili paste,Vegan
ginger and shallot sauce,Vegan
ginger beer,Vegan
ginger biscuits,Vegan
ginger brandy,Vegan
ginger brew,Vegan
ginger cube,Vegan
ginger in syrup,Vegan
ginger juice,Vegan
ginger liqueur,Vegan
ginger marmalade,Vegan
ginger nut biscuits,Vegan
ginger orange marmalade,Vegan
ginger paste,Vegan
ginger peel,Vegan
ginger powder,Vegan
ginger preserves,Vegan
ginger puree,Vegan
ginger snaps,Vegan
ginger syrup,Vegan
ginger wafer cookie,Vegan
ginger wine,Vegan
ginger-garlic paste,Vegan
gingerbread,Vegan
gingerbread cake mix,Vegan
gingerbread cookie,Vegan
gingerbread cookies,Vegan
gingerbread dough,Vegan
gingerbread mix,Vegan
gingerbread seasoning,Vegan
gingerbread-flavored syrup,Vegan
gingernut biscuits,Vegan
gingerroot,Vegan
gingersnap cookie,Vegan
gingersnap cookies,Vegan
gingersnap crumbs,Vegan
gingersnaps,Vegan
ginseng extract,Vegan
ginseng roots,Vegan
gjetost cheese,Vegetarian
glace apricot,Vegan
glace cherries,Vegan
glace de viande,Vegan
glace fruit,Vegan
glace ginger,Vegan
glace green cherries,Vegan
glace pineapple,Vegan
glace pineapple rings,Vegan
glace red cherries,Vegan
glass container,Vegan
glayva,Vegan
glayva scotch liqueur,Vegan
glaze,Vegan
glazed doughnuts,Vegan
glazed pineapple,Vegan
glitter,Vegan
globe eggplant,Vegan
globe eggplants,Vegan
glucomannan,Vegan
glue,Vegan
gluten,Vegan
gluten flour,Vegan
gluten free baking powder,Vegan
gluten free bread,Vegan
gluten free breadcrumbs,Vegan
gluten free vanilla,Vegan
gluten powder,Vegan
gluten-free baking mix,Vegan
gluten-free beef stock,Non-Vegetarian
gluten-free beer,Vegan
gluten-free bicarbonate of soda,Vegan
gluten-free biscuits,Vegan
gluten-free bread mix,Vegan
gluten-free breadcrumbs,Vegan
gluten-free butter,Vegetarian
gluten-free cereal,Vegan
gluten-free chicken stock,Non-Vegetarian
gluten-free chili powder,Vegan
gluten-free chocolate cake mix,Vegan
gluten-free chocolate chip cookies,Vegan
gluten-free chocolate chips,Vegan
gluten-free cocoa powder,Vegan
gluten-free corn flakes,Vegan
gluten-free cornflour,Vegan
gluten-free cornstarch,Vegan
gluten-free crackers,Vegan
gluten-free crisp rice cereal,Vegan
gluten-free flour,Vegan
gluten-free graham cracker crumbs,Vegan
gluten-free hot dog,Vegan
gluten-free icing sugar,Vegan
gluten-free instant vanilla pudding mix,Vegan
gluten-free ketchup,Vegan
gluten-free little smokies,Vegan
gluten-free low fat vanilla yogurt,Vegetarian
gluten-free margarine,Vegan
gluten-free nonfat sour cream,Vegetarian
gluten-free oats,Vegan
gluten-free onion crackers,Vegan
gluten-free pasta,Vegan
gluten-free pie shells,Vegan
gluten-free pretzels,Vegan
gluten-free quick oats,Vegan
gluten-free rice flour mix,Vegan
gluten-free self-raising flour,Vegan
gluten-free soy sauce,Vegan
gluten-free tamari,Vegan
gluten-free vanilla extract,Vegan
gluten-free vegetable bouillon cubes,Vegan
gluten-free vegetable stock,Vegan
glutinous flour,Vegan
glutinous rice,Vegan
glutinous-rice flour,Vegan
glycerin,Vegan
glycerine,Vegan
gnocchi,Vegan
goat butter,Vegan
goat cheese,Vegan
goat cheese packed in olive oil and basil,Vegan
goat cheese salad dressing,Vegan
goat meat,Non-Vegetarian
goat milk feta,Vegan
goat milk yogurt,Vegan
goat stew meat,Non-Vegetarian
goat's cheese,Vegan
goat's milk,Vegan
gochujang,Vegan
godiva dark chocolate bars,Vegan
godiva dark truffle hot cocoa powder,Vegan
godiva ivory chocolate bars,Vegan
godiva milk chocolate liqueur,Vegetarian
godiva original chocolate liqueur,Vegan
godiva original liqueur,Vegan
godiva white chocolate liqueur,Vegan
goji berries,Vegan
goji berry,Vegan
gold chocolate coins,Vegan
gold leaf foil,Vegan
gold medal all-purpose flour,Vegan
gold tequila,Vegan
golden beets,Vegan
golden brown sugar,Vegan
golden caster sugar,Vegan
golden cream of mushroom soup,Vegetarian
golden crisco shortening,Vegan
golden delicious apple,Vegan
golden delicious apples,Vegan
golden grahams cereal,Vegan
golden oreos,Vegan
golden raisin,Vegan
golden raisins,Vegan
golden rum,Vegan
golden seedless raisins,Vegan
golden sultana raisins,Vegan
golden superfine sugar,Vegan
golden syrup,Vegan
golden vanilla cake mix,Vegan
goldfish crackers,Vegan
goldschlager,Vegan
gomashio,Vegan
good local honey,Vegetarian
good seasonings italian salad dressing mix,Vegan
good seasons cheese & garlic salad dressing mix,Vegetarian
good seasons garlic and herb seasoning mix,Vegan
good seasons italian dressing,Vegan
good seasons salad dressing mix,Vegan
goose,Non-Vegetarian
goose fat,Non-Vegetarian
goose liver,Non-Vegetarian
goose meat,Non-Vegetarian
gooseberries,Vegan
gooseberry,Vegan
gorgonzola,Vegan
gorgonzola dolce blue cheese,Vegetarian
gorgonzola walnut ravioli,Vegan
gouda cheese,Vegetarian
gourd,Vegan
gourmet salad greens,Vegan
gourmet wine vinegar,Vegan
goya bitter orange marinade,Vegan
goya ham seasoning,Non-Vegetarian
goya sazon tropical,Vegan
graham cracker,Vegan
graham cracker crumb crust,Vegan
graham cracker crumbs,Vegan
graham cracker crust,Vegan
graham cracker pie crust,Vegan
graham cracker pie crusts,Vegan
graham cracker square,Vegan
graham cracker squares,Vegan
graham cracker sticks,Vegan
graham cracker tart shells,Vegan
graham crackers,Vegan
graham flour,Vegan
graham wafer crumbs,Vegan
graham wafer crust,Vegan
graham wafers,Vegan
grain,Vegan
grain alcohol,Vegan
grain bread,Vegan
grain cereal,Vegan
grains of paradise,Vegan
grainy mustard,Vegan
gram dal,Vegan
gram flour,Vegan
gran gala,Vegan
grana padano,Vegan
granadilla,Vegan
granary bread,Vegan
grand delice cheese,Vegetarian
grand marnier,Vegan
grand marnier cordon rouge,Vegan
granita biscuit,Vegan
granny smith apple,Vegan
granny smith apples,Vegan
granola bar,Vegan
granola bars,Vegan
granola cereal,Vegan
granola-type cereal,Vegan
granular fructose,Vegan
granulated brown sugar,Vegan
granulated garlic,Vegan
granulated gluten,Vegan
granulated maple sugar,Vegan
granulated onion,Vegan
granulated sugar,Vegan
granulated white sugar,Vegan
granulated yeast,Vegan
grape fruit spread,Vegan
grape gelatin,Non-Vegetarian
grape jam,Vegan
grape jell-o,Non-Vegetarian
grape jelly,Vegan
grape juice,Vegan
grape juice concentrate,Vegan
grape kool-aid,Vegan
grape leaves,Vegan
grape soda,Vegan
grape tannin,Vegan
grape tomatoes,Vegan
grape-nuts cereal,Vegan
grapefruit,Vegan
grapefruit drink,Vegan
grapefruit juice,Vegan
grapefruit juice concentrate,Vegan
grapefruit peel,Vegan
grapefruit section,Vegan
grapefruit sections,Vegan
grapefruit soda,Vegan
grapefruit zest,Vegan
"grapefruit, juice of",Vegan
"grapefruit, rind of",Vegan
"grapefruit, zest of",Vegan
grapefruit-mango juice,Vegan
grapefruit-tangerine juice,Vegan
grapefruits,Vegan
"grapefruits, zest of",Vegan
grapes,Vegan
grapeseed oil,Vegan
grappa,Vegan
grasshopper fudge mint cookies,Vegan
grated fesh coconut,Vegan
grated fresh coconut,Vegan
gravenstein apples,Vegan
graviera,Vegan
gravlax,Vegan
gravox,Vegan
gravy,Vegan
gravy master,Vegan
gravy mix,Vegan
gravymaster,Vegan
gray salt,Vegan
great northern bean,Vegan
great northern bean flour,Vegan
great northern beans,Vegan
greek dressing,Vegan
greek fassolia gigantes,Vegan
greek feta cheese,Vegetarian
greek honey,Vegetarian
greek olive,Vegan
greek olives,Vegan
greek oregano,Vegan
greek peppers,Vegan
greek pita breads,Vegan
greek salad dressing,Vegan
greek vinaigrette dressing with feta and oregano,Vegetarian
greek yogurt,Vegetarian
green and black olive pasta sauce,Vegan
green apple,Vegan
green apple vodka,Vegan
green apples,Vegan
green asparagus,Vegan
green bananas,Vegan
green beans,Vegan
green beans with new potatoes,Vegan
green bell pepper,Vegan
green bell pepper flakes,Vegan
green bell peppers,Vegan
green bird's eye chili,Vegan
green bird's eye chilies,Vegan
green cabbage,Vegan
green cabbage head,Vegan
green candy melts,Vegan
green capsicum,Vegan
green cardamom pods,Vegan
green cardamom powder,Vegan
green cardamom seeds,Vegan
green cardamoms,Vegan
green cauliflower,Vegan
green chard leaves,Vegan
green chartreuse liqueur,Vegan
green cherries,Vegan
green cherry tomatoes,Vegan
green chile picante sauce,Vegan
green chile sauce with pork,Non-Vegetarian
green chili,Vegan
green chili paste,Vegan
green chili pepper,Vegan
green chili pepper flakes,Vegan
green chili peppers,Vegan
green chili powder,Vegan
green chili salsa,Vegan
green chili sauce,Vegan
green chilies,Vegan
green chutney,Vegan
green coriander,Vegan
green creme de menthe,Vegan
green curry paste,Vegan
green decorating gel,Vegan
green decorating icing,Vegan
green enchilada sauce,Vegan
green fig,Vegan
green figs,Vegan
green food coloring,Vegan
green food coloring paste,Vegan
green giant california-style frozen vegetables,Vegan
green giant frozen broccoli cuts,Vegan
green giant frozen mixed vegetables,Vegan
green giant garden herb pasta accents,Vegan
green giant mexicorn,Vegan
green giant mushroom pieces and stems,Vegan
green giant roasted potatoes with garlic and herbs,Vegan
green giant shoe-peg corn,Vegan
green giant sliced mushrooms,Vegan
green giant white and wild rice with french style green beans,Vegan
green giant whole mushrooms,Vegan
green ginger,Vegan
green glazed cherries,Vegan
green goddess salad dressing,Vegan
green goddess salad dressing mix,Vegan
green goddess sauce,Vegan
green gram,Vegan
green grape,Vegan
green grapes,Vegan
green herb stock powder,Vegan
green hot pepper sauce,Vegan
green italian olives,Vegan
green jalapeno pepper,Vegan
green jalapeno peppers,Vegan
green jell-o,Non-Vegetarian
green leaf lettuce,Vegan
green lentil,Vegan
green lentils,Vegan
green mango,Vegan
green mangoes,Vegan
green maraschino cherries,Vegan
green maraschino cherry,Vegan
green methi leaves,Vegan
green mussels,Vegan
green nori seaweed flakes,Vegan
green olive tapenade,Vegan
green olives,Vegan
green olives in brine,Vegan
green onion,Vegan
green onion dip,Vegan
green onion dip mix,Vegan
green onion stems,Vegan
green onion top,Vegan
green onion tops,Vegan
green onions,Vegan
green onions with top,Vegan
green onions with tops,Vegan
green pattypan squash,Vegan
green pea soup,Vegan
green peas,Vegan
green pepper,Vegan
green pepper and pimento mix,Vegan
green pepper flakes,Vegan
green pepper ring,Vegan
green pepper rings,Vegan
green pepper slices,Vegan
green pepper strip,Vegan
green pepper strips,Vegan
green peppercorn,Vegan
green peppercorns,Vegan
green peppercorns in brine,Vegan
green peppers,Vegan
green pickled jalapeno pepper,Vegan
green pickled jalapeno peppers,Vegan
green plantain,Vegan
green plantains,Vegan
green pumpkin,Vegan
green relish,Vegan
green salad,Vegan
green seedless grape,Vegan
green seedless grape clusters,Vegan
green seedless grapes,Vegan
green serrano chilies,Vegan
green shrimp,Non-Vegetarian
green sprinkles,Vegan
green starlight mints,Vegan
green sugar crystals,Vegan
green sweet pepper,Vegan
green sweet peppers,Vegan
green swiss chard,Vegetarian
green taco sauce,Vegan
green tea,Vegan
green tea bag,Vegan
green tea bags,Vegan
green tea leaves,Vegan
green tea powder,Vegan
green tea soba noodles,Vegan
green tomatillo sauce,Vegan
green tomato,Vegan
green tomato relish,Vegan
green tomatoes,Vegan
green zucchini,Vegan
greens,Vegan
greens plus,Vegan
greens powder,Vegan
gremolata,Vegan
grenadine,Vegan
grenadine liqueur,Vegan
grey poupon,Vegan
grey poupon dijon mustard,Vegan
grey poupon honey mustard,Vegetarian
grey poupon mustard,Vegan
grey taro root,Vegan
grilled chicken,Non-Vegetarian
grilled chicken breast,Non-Vegetarian
grilled chicken breast strips,Non-Vegetarian
grilled chicken breasts,Non-Vegetarian
grilled steak,Non-Vegetarian
grits,Vegan
ground allspice,Vegan
ground almonds,Vegan
ground ancho chili pepper,Vegan
ground aniseed,Vegan
ground annatto seed,Vegan
ground basil,Vegan
ground bean sauce,Vegan
ground beef,Non-Vegetarian
ground beef round,Non-Vegetarian
ground birds eye peppers,Vegan
ground black pepper,Vegan
ground buffalo meat,Non-Vegetarian
ground cannella,Vegan
ground caraway,Vegan
ground cardamom,Vegan
ground cayenne pepper,Vegan
ground celery seed,Vegan
ground chicken,Non-Vegetarian
ground chicken breast,Non-Vegetarian
ground chile piquin powder,Vegan
ground chinese flower pepper,Vegan
ground chipotle chile pepper,Vegan
ground chocolate,Vegan
ground chuck,Vegan
ground cilantro,Vegan
ground cinnamon,Vegan
ground cloves,Vegan
ground coffee,Vegan
ground conch,Vegan
ground coriander,Vegan
ground cranberries,Vegan
ground cumin,Vegan
ground decaffeinated coffee,Vegan
ground deer meat,Non-Vegetarian
ground dill,Vegan
ground dried arbol chile peppers,Vegan
ground dried chile,Vegan
ground dried oriental radish,Vegan
ground elk,Non-Vegetarian
ground espresso,Vegan
ground fennel,Vegan
ground fenugreek,Vegan
ground flax seed,Vegan
ground flax seeds,Vegan
ground galangal,Vegan
ground ginger,Vegan
ground habanero chile pepper,Vegan
ground ham,Non-Vegetarian
ground hazelnuts,Vegan
ground horseradish,Vegan
ground lamb,Non-Vegetarian
ground lean pork,Non-Vegetarian
ground lemon myrtle,Vegan
ground mace,Vegan
ground marjoram,Vegan
ground masticha,Vegan
ground meat,Non-Vegetarian
ground meat substitute,Non-Vegetarian
ground mixed spice,Vegan
ground moose,Vegan
ground mustard,Vegan
ground nutmeg,Vegan
ground nuts,Vegan
ground oats,Vegan
ground oregano,Vegan
ground paprika,Vegan
ground pasilla chile powder,Vegan
ground pecans,Vegan
ground pepper,Vegan
ground piri-piri pepper,Vegan
ground pork,Non-Vegetarian
ground pork breakfast sausage,Non-Vegetarian
ground pork butt,Non-Vegetarian
ground red chili pepper,Vegan
ground red pepper,Vegan
ground roasted chicory,Vegan
ground roasted cumin seeds,Vegan
ground roasted soybeans,Vegan
ground rosemary,Vegan
ground round,Vegan
ground sage,Vegan
ground sassafras leaves,Vegan
ground sausage,Non-Vegetarian
ground savory,Vegan
ground sichuan pepper,Vegan
ground sirloin,Vegan
ground star anise,Vegan
ground sumac,Vegan
ground szechuan peppercorns,Vegan
ground thyme,Vegan
ground turkey,Non-Vegetarian
ground turkey breast,Non-Vegetarian
ground turkey thigh meat,Non-Vegetarian
ground turmeric,Vegan
ground veal,Non-Vegetarian
ground venison,Non-Vegetarian
ground walnuts,Vegan
ground wattleseed,Vegan
ground white pepper,Vegan
ground wild boar,Non-Vegetarian
grouper,Vegan
grouper fillet,Vegan
grouper fillets,Vegan
grouper steaks,Vegan
grouse,Vegan
gruyere,Vegan
gruyere cheese,Vegetarian
guacamole,Vegan
guacamole seasoning mix,Vegan
guajillo chile pepper,Vegan
guajillo chilies,Vegan
guanabana nectar,Vegan
guar gum,Vegan
guava,Vegan
guava jelly,Vegan
guava juice,Vegan
guava nectar,Vegan
guava paste,Vegan
guava shells in syrup,Vegan
guavaberry,Vegan
guavas,Vegan
guindilla pepper,Vegan
guinea fowl,Vegan
guinness draught,Vegan
guinness stout,Vegan
gum arabic,Vegan
gum paste,Vegan
gum tragacanth,Vegan
gumbo file,Vegan
gumbo file',Vegan
gumdrop,Vegan
gumdrops,Vegan
gummy bears,Vegan
gummy fish,Non-Vegetarian
gummy frogs,Vegan
gummy fruit slices,Vegan
gummy lifesavers candy,Vegan
gummy ring,Vegan
gummy rings,Vegan
gummy worms,Vegan
gur,Vegan
gyoza skins,Vegan
gyoza wrapper,Vegan
gyro meat,Non-Vegetarian
gyro mix,Vegan
habanero,Vegan
habanero pepper,Vegan
habanero pepper cheese,Vegetarian
habanero peppers,Vegan
habanero sauce,Vegan
habaneros,Vegan
hachiya persimmons,Vegan
haddock,Vegan
haddock fillet,Vegan
haddock fillets,Vegan
haeo,Vegan
haggis,Vegan
hair conditioner,Vegan
hake,Vegan
hake fillets,Vegan
haldi powder,Vegan
half & half light cream,Vegetarian
half and half milk,Vegetarian
half cream,Vegetarian
half-and-half,Vegetarian
half-and-half cream,Vegetarian
halibut,Vegan
halibut fillet,Vegan
halibut fillets,Vegan
halibut steaks,Vegan
halloumi cheese,Vegetarian
halloween oreo cookies,Vegan
halva,Vegan
halvah,Vegan
ham,Non-Vegetarian
ham bone,Non-Vegetarian
ham bouillon cube,Non-Vegetarian
ham drippings,Non-Vegetarian
ham fat,Non-Vegetarian
ham hock,Non-Vegetarian
ham hocks,Non-Vegetarian
ham knuckle,Non-Vegetarian
ham shank,Non-Vegetarian
ham slices,Non-Vegetarian
ham soup base,Non-Vegetarian
ham spread,Non-Vegetarian
ham steak,Non-Vegetarian
ham steaks,Non-Vegetarian
ham stock,Non-Vegetarian
ham stock cube,Non-Vegetarian
hamburger,Vegan
hamburger bun,Vegan
hamburger bun with sesame seeds,Vegan
hamburger buns,Vegan
hamburger buns with sesame seeds,Vegan
hamburger dills,Vegan
hamburger helper cheeseburger macaroni,Vegan
hamburger helper cheesy enchilada mix,Vegan
hamburger helper double cheeseburger macaroni,Vegan
hamburger helper lasagna macaroni,Vegan
hamburger helper mix for beef pasta,Non-Vegetarian
hamburger meat,Non-Vegetarian
hamburger patties,Vegan
hamburger patty,Vegan
hamburger relish,Vegan
hamour fillet,Vegan
hamour fish,Non-Vegetarian
hanger steaks,Vegan
hard alcoholic cider,Vegan
hard apple cider,Vegan
hard candies,Vegan
hard cheese,Vegetarian
hard cinnamon candies,Vegan
hard egg yolk,Vegetarian
hard goat cheese,Vegan
hard green pears,Vegan
hard roll,Vegan
hard rolls,Vegan
hard salami,Non-Vegetarian
hard sourdough pretzels,Vegan
hard toffee,Vegan
hard-boiled egg,Vegetarian
hard-boiled egg yolks,Vegetarian
hard-boiled eggs,Vegetarian
hard-cooked egg,Vegetarian
hard-cooked egg white,Vegetarian
hard-cooked eggs,Vegetarian
hard-shelled clams,Vegan
hardboiled egg,Vegetarian
hares,Vegan
haricot beans,Vegan
harissa,Vegan
harp lager beer,Vegan
harusame noodles,Vegan
harvest vegetables,Vegan
hash brown,Vegan
hash brown patties,Vegan
hash brown patty,Vegan
hash brown potatoes,Vegan
hash browns,Vegan
hass avocado,Vegan
hass avocadoes,Vegan
hatch chile,Vegan
hatch chiles,Vegan
havarti cheese,Vegetarian
havarti cheese with herbs,Vegetarian
havarti with caraway,Vegan
havarti with dill,Vegan
hawaiian bread,Vegan
hawaiian fruit punch,Vegan
hawaiian luau marinade,Vegan
hawaiian punch drink,Vegan
hawaiian roll,Vegan
hawaiian rolls,Vegan
hawaiian sea salt,Vegan
hawaiian sweet bread,Vegan
hawaij,Vegan
hazelnut biscotti,Vegan
hazelnut butter,Vegetarian
hazelnut chips,Vegan
hazelnut extract,Vegan
hazelnut gelato,Vegan
hazelnut meal,Vegan
hazelnut oil,Vegan
hazelnut powder,Vegan
hazelnut syrup,Vegan
hazelnut-flavored coffee,Vegan
hazelnut-flavored coffee creamer,Vegan
hazelnut-flavored liqueur,Vegan
hazelnut-flavored liquid coffee creamer,Vegan
hazelnut-flavored nondairy liquid coffee creamer,Vegan
hazelnut-flavored soymilk,Vegan
hazelnuts,Vegan
head broccoli,Vegan
head cauliflower,Vegan
head iceberg lettuce,Vegan
head lettuce,Vegan
head of broccoli,Vegan
head of cabbage,Vegan
head of celery,Vegan
head of garlic,Vegan
head of lettuce,Vegan
"head radicchio, cored, leaves separated and torn into pieces",Vegan
head romaine lettuce,Vegan
head white cabbage,Vegan
heads  of cabbage,Vegan
heads cauliflower,Vegan
heads of cabbage,Vegan
heads of garlic,Vegan
heads of lettuce,Vegan
healthy choice cooked turkey,Non-Vegetarian
healthy choice honey-roasted ham,Non-Vegetarian
healthy request condensed tomato soup,Vegan
healthy request cream of celery soup,Vegetarian
healthy request cream of chicken soup,Non-Vegetarian
healthy request cream of mushroom soup,Vegetarian
healthy request tomato soup,Vegan
hearts of palm,Vegan
heath candy bar,Vegan
heath candy bars,Vegan
heather honey,Vegetarian
heavy cream,Vegetarian
heavy sweet cream,Vegetarian
heavy syrup,Vegan
heavy whipping cream,Vegetarian
hebrew national beef franks,Non-Vegetarian
heineken lager beer,Vegan
heinz 57 steak sauce,Non-Vegetarian
heinz apple cider vinegar,Vegan
heinz chili sauce,Vegan
heinz ketchup,Vegan
heinz salad cream,Vegetarian
heinz sweet relish,Vegan
heirloom tomato,Vegan
heirloom tomatoes,Vegan
hellmann's light mayonnaise,Vegetarian
hellmann's mayonnaise,Vegetarian
hellmanns mayonnaise,Vegetarian
hemp milk,Vegan
hemp seed oil,Vegan
hemp seeds,Vegan
hen,Vegan
herb & butter rice-a-roni,Vegan
herb and lemon soup mix,Vegan
herb cheese spread,Vegetarian
herb oil,Vegan
herb salad dressing,Vegan
herb salad dressing mix,Vegan
herb seasoned stuffing mix,Vegan
herb seasoning mix,Vegan
herb stock,Vegan
herb stuffing cubes,Vegan
herb stuffing mix,Vegan
herb tofu,Vegan
herb with garlic soup mix,Vegan
herb-flavored vinegar,Vegan
herb-ox beef flavor cube,Non-Vegetarian
herb-ox very-low-sodium chicken broth,Non-Vegetarian
herb-seasoned salt,Vegan
herb-seasoned stuffing cubes,Vegan
herbal liqueur,Vegan
herbal salt substitute,Vegan
herbal tea,Vegan
herbal tea bag,Vegan
herbal tea bags,Vegan
herbamare herb seasoning salt,Vegan
herbed breadcrumbs,Vegan
herbed croutons,Vegan
herbed feta cheese,Vegetarian
herbed goat cheese,Vegan
herbes de provence,Vegan
herbs,Vegan
herbsaint,Vegan
herdez red salsa,Vegan
herman starter,Vegan
herring fillet,Vegan
herring fillets,Vegan
herring in wine sauce,Vegan
herring tidbits,Vegan
hershey bar,Vegan
hershey bars,Vegan
hershey candy cane kisses,Vegan
hershey carb alternatives kisses,Vegan
hershey cherry cordial chocolate kisses,Vegan
hershey chocolate candy bar,Vegan
hershey chocolate candy bars,Vegan
hershey chocolate kiss,Vegan
hershey chocolate kisses,Vegan
hershey kissables,Vegan
hershey milk chocolate filled with caramel baking pieces,Vegetarian
hershey nuggets chocolate candy bars with almonds,Vegan
hershey nuggets chocolates,Vegan
hershey white chips and macadamia nuts,Vegan
hershey's fudge topping,Vegan
hershey's hugs chocolates,Vegan
hershey's semi-sweet baking chocolate,Vegan
hershey's semi-sweet chocolate chips,Vegan
hershey's syrup,Vegan
hersheys almond candy bar,Vegan
hersheys chocolate syrup,Vegan
hersheys cocoa powder,Vegan
hi-c hula punch,Vegan
hi-gluten flour,Vegan
hibiscus lemon tea bags,Vegan
hibiscus tea bags,Vegan
hickory and brown sugar barbecue sauce,Vegan
hickory chips,Vegan
hickory flavored barbecue sauce,Vegan
hickory liquid smoke,Vegan
hickory nuts,Vegan
hickory smoke salt,Vegan
hickory smoked bacon,Non-Vegetarian
hickory wood chunks,Vegan
hidden valley original ranch cheddar and parmesan dressing,Vegetarian
hidden valley original ranch dips mix,Vegan
hidden valley original ranch dressing,Vegan
hidden valley original ranch dressing and seasoning mix,Vegan
hidden valley original ranch dressing mix,Vegan
hidden valley original ranch light dressing,Vegan
hidden valley original ranch seasoning mix,Vegan
hidden valley ranch dip,Vegan
hidden valley ranch dressing mix,Vegan
hidden valley ranch salad crispins,Vegan
high-fiber flour tortilla,Vegan
high-protein cereal,Vegan
high-protein flour,Vegan
hijiki seaweed,Vegan
hing,Vegan
hing water,Vegan
ho hos snack cakes,Vegan
hoagie roll,Vegan
hoagie rolls,Vegan
hock,Vegan
hodgson mill multi-grain hot cereal,Vegan
hog casing,Vegan
hog casings,Vegan
hoisin sauce,Vegan
hokkaido squash,Vegan
hokkien noodles,Vegan
holland house marsala cooking wine,Vegan
holland rusks,Vegan
hollandaise sauce,Vegan
hollandaise sauce mix,Vegan
hom daeng,Vegan
home fries,Vegan
home style bread,Vegan
homemade beef stock,Non-Vegetarian
homemade chicken broth,Non-Vegetarian
homemade chicken stock,Non-Vegetarian
homemade mayonnaise,Vegetarian
homemade type white bread,Vegan
homemade vegetable stock,Vegan
homemade-style white bread,Vegan
hominy,Vegan
hominy grits,Vegan
homogenized milk,Vegetarian
honey,Vegetarian
honey barbeque sauce,Vegetarian
honey bran muffin mix,Vegetarian
honey bunches of oats cereal,Vegan
honey buns,Vegetarian
honey comb,Vegetarian
honey crunch corn flakes,Vegetarian
honey crunch wheat germ,Vegetarian
honey dijon mustard,Vegetarian
honey dijon salad dressing,Vegetarian
honey garlic barbecue sauce,Vegetarian
honey garlic sauce,Vegetarian
honey garlic sausage,Non-Vegetarian
honey glaze mix,Vegetarian
honey graham cereal,Vegetarian
honey graham crackers,Vegetarian
honey ham deli meat,Non-Vegetarian
honey lime dressing,Vegetarian
honey liqueur,Vegetarian
honey maid grahams cinnamon sticks,Vegetarian
honey maid grahams honey sticks,Vegetarian
honey mustard,Vegetarian
honey mustard dressing,Vegetarian
honey mustard pretzels,Vegetarian
honey mustard sauce,Vegetarian
honey nut cheerios,Vegetarian
honey nut chex,Vegetarian
honey nut cream cheese,Vegetarian
honey nut granola,Vegetarian
honey oat bread,Vegan
honey roasted peanuts,Vegetarian
honey roasted turkey breast,Non-Vegetarian
honey smacks cereal,Vegetarian
honey snap biscuits,Vegetarian
honey syrup,Vegetarian
honey vanilla white chai tea bag,Vegetarian
honey-baked ham,Non-Vegetarian
honey-balsamic vinaigrette,Vegetarian
honey-flavored barbecue sauce,Vegetarian
honey-molasses,Vegetarian
honey-nougat chocolate bar,Vegetarian
honey-nut flavor toasted oat cereal,Vegan
honey-roasted almond,Vegan
honey-roasted cashews,Vegan
honey-roasted ham,Non-Vegetarian
honey-roasted peanuts,Vegetarian
honey-roasted pecans,Vegetarian
honey-wheat bagel,Vegetarian
honey-wheat bread,Vegetarian
honeycomb beef tripe,Non-Vegetarian
honeycomb cereal,Vegan
honeydew,Vegan
honeydew balls,Vegan
honeydew melon,Vegan
honeydews,Vegan
hong kong noodles,Vegan
hood calorie countdown fat free dairy beverage,Vegan
hood carb countdown milk,Vegetarian
hop,Vegan
horehound leaves,Vegan
hormel chili,Vegan
hormel chili without beans,Vegan
hormel dried beef,Non-Vegetarian
hormel fully cooked chicken breasts with gravy,Non-Vegetarian
hormel hot chili with beans,Vegan
hormel real bacon bits,Non-Vegetarian
horse meat,Non-Vegetarian
horseradish,Vegan
horseradish cheddar cheese,Vegetarian
horseradish cream,Vegetarian
horseradish mayonnaise,Vegetarian
horseradish mustard,Vegan
horseradish powder,Vegan
horseradish root,Vegan
horseradish sauce,Vegan
hostess twinkie,Vegan
hostess twinkies,Vegan
hot and spicy shake-and-bake,Vegan
hot bacon salad dressing,Non-Vegetarian
hot banana pepper,Vegan
hot banana peppers,Vegan
hot bean paste,Vegan
hot black bean sauce,Vegan
hot chicken broth,Non-Vegetarian
hot chicken stock,Non-Vegetarian
hot chili beans,Vegan
hot chili flakes,Vegan
hot chili oil,Vegan
hot chili paste,Vegan
hot chili pepper,Vegan
hot chili peppers,Vegan
hot chili powder,Vegan
hot chili sauce,Vegan
hot chinese chili paste,Vegan
hot chocolate ice cubes,Vegan
hot chocolate powder,Vegan
hot cocoa,Vegan
hot cocoa mix,Vegan
hot coffee,Vegan
hot cross bun,Vegan
hot cross buns,Vegan
hot curry oil,Vegan
hot dog,Vegan
hot dog bun,Vegan
hot dog buns,Vegan
hot dog relish,Vegan
hot dog sauce,Vegan
hot dogs,Vegan
hot dry mustard,Vegan
hot english mustard,Vegan
hot fudge,Vegan
hot fudge topping,Vegan
hot green chili pepper,Vegan
hot green chili peppers,Vegan
hot green pepper,Vegan
hot green peppers,Vegan
hot green wasabi peas,Vegan
hot ground sausage,Non-Vegetarian
hot hungarian pepper,Vegan
hot italian ham,Non-Vegetarian
hot italian sausage,Non-Vegetarian
hot italian sausage link,Non-Vegetarian
hot italian sausage links,Non-Vegetarian
hot italian sausages,Vegan
hot italian turkey sausage,Non-Vegetarian
hot ketchup,Vegan
hot mustard,Vegan
hot paprika,Vegan
hot pepper,Vegan
hot pepper flakes,Vegan
hot pepper jelly,Vegan
hot pepper juice,Vegan
hot pepper oil,Vegan
hot pepper paste,Vegan
hot pepper peach jelly,Vegan
hot pepper relish,Vegan
hot pepper sauce,Vegan
hot pepper sesame oil,Vegan
hot peppers,Vegan
hot pickled banana peppers,Vegan
hot pork sausage,Non-Vegetarian
hot red chili pepper,Vegan
hot red chili pepper flakes,Vegan
hot red chili peppers,Vegan
hot red pepper,Vegan
hot red pepper flakes,Vegan
hot red pepper sauce,Vegan
hot red peppers,Vegan
hot roll mix,Vegan
hot salsa,Vegan
hot salt,Vegan
hot sauce,Vegan
hot sausage,Non-Vegetarian
hot smoked paprika,Vegan
hot smoked sausage,Non-Vegetarian
hot spice blend,Vegan
hot spiced cider mix,Vegan
hot spiced white vinegar,Vegan
hot taco sauce,Vegan
hot verde sauce,Vegan
hot water,Vegan
hot yellow pepper,Vegan
hp steak sauce,Non-Vegetarian
hpnotiq liqueur,Vegan
huacatay,Vegan
huacatay paste,Vegan
hubbard squash,Vegan
huckleberries,Vegan
huckleberry preserves,Vegan
hummus,Vegan
hundreds and thousands,Vegan
hungarian paprika,Vegan
hungarian sausage,Non-Vegetarian
hungarian wax chile,Vegan
hungarian wax chiles,Vegan
hungry jack big flaky refrigerated biscuits,Vegan
hungry jack cheesy scalloped potatoes,Vegan
hunt's diced tomatoes,Vegan
"hunt's diced tomatoes with basil, garlic and oregano",Vegan
hunt's fire roasted diced tomatoes,Vegan
hunt's no-salt-added tomato paste,Vegan
hunt's tomato sauce,Vegan
"hunt's tomato sauce with basil, garlic and oregano, undrained",Vegan
hunt's tomato sauce-no salt added,Vegan
hunts ready tomato sauces chunky special,Vegan
hunts roasted garlic and onion spaghetti sauce,Vegan
hunts tomato paste,Vegan
hunts tomato sauce,Vegan
hush puppy mix with onion,Vegan
husk tomatoes,Vegan
hydrogen peroxide,Vegan
hyssop,Vegan
i can't believe it's not butter,Vegetarian
i can't believe it's not butter fat free,Vegetarian
i can't believe it's not butter spread,Vegetarian
i can't believe it's not butter! original stick,Vegetarian
i can't believe it's not butter! spray,Vegetarian
i can't believe it's not butter! spray original,Vegetarian
ice,Vegan
ice cream,Vegetarian
ice cream bars,Vegetarian
ice cream buckets,Vegetarian
ice cream cones,Vegetarian
ice cream sandwich,Vegetarian
ice cream sandwiches,Vegetarian
ice cream topping,Vegetarian
ice cream wafer,Vegetarian
ice cream wafers,Vegetarian
ice cube,Vegan
ice cubes,Vegan
ice water,Vegan
ice wine,Vegan
iceberg lettuce,Vegan
iceberg lettuce leaf,Vegan
iceberg lettuce leaves,Vegan
iced tea,Vegan
iced tea mix powder,Vegan
icing,Vegan
icing sugar,Vegan
idaho baking potatoes,Vegan
idaho potato,Vegan
idaho potatoes,Vegan
imitation bacon,Non-Vegetarian
imitation bacon bits,Non-Vegetarian
imitation butter,Vegetarian
imitation coconut extract,Vegan
imitation crab sticks,Non-Vegetarian
imitation crabmeat,Vegan
imitation lobster meat,Non-Vegetarian
imitation maple flavor,Vegan
imitation vanilla,Vegan
impastata ricotta,Vegetarian
imperial cheese,Vegetarian
imported bittersweet chocolate,Vegan
imported soy sauce,Vegan
imported white chocolate,Vegan
indian spicy mango pickle,Vegan
individual size prepared prebaked pizza crusts,Vegan
indonesian chili sauce,Vegan
indonesian long pepper,Vegan
infant cereal,Vegan
infant formula,Vegan
injera bread,Vegan
instant apple and cinnamon oatmeal,Vegan
instant apple cider drink mix,Vegan
instant banana bread oatmeal,Vegan
instant banana pudding mix,Vegan
instant beef bouillon,Non-Vegetarian
instant bouillon granules,Vegan
instant breakfast drink mix,Vegan
instant brown rice,Vegan
instant butter pecan pudding mix,Vegetarian
instant butterscotch pudding mix,Vegan
instant cappuccino mix,Vegan
instant chicken bouillon,Non-Vegetarian
instant chicken bouillon granules,Non-Vegetarian
instant chicken broth,Non-Vegetarian
instant chicken-flavored broth,Non-Vegetarian
instant chicken-style consomme soup and seasoning mix,Non-Vegetarian
instant chocolate drink mix,Vegan
instant chocolate fudge pudding,Vegan
instant chocolate pudding mix,Vegan
instant cinnamon and spice oatmeal,Vegan
instant cinnamon roll oatmeal,Vegan
instant clear broth,Vegan
instant coconut cream pudding mix,Vegan
instant coconut pudding mix,Vegan
instant coffee,Vegan
instant coffee creamer,Vegan
instant coffee crystals,Vegan
instant coffee granules,Vegan
instant coffee powder,Vegan
instant couscous,Vegan
instant cream cheese filling,Vegetarian
instant cream of wheat,Vegetarian
instant dashi stock,Vegan
instant decaffeinated coffee,Vegan
instant decaffeinated coffee crystals,Vegan
instant devil's food pudding,Vegan
instant devil's food pudding mix,Vegan
instant dissolving fruit sugar,Vegan
instant dry milk powder,Vegetarian
instant espresso,Vegan
instant espresso coffee powder,Vegan
instant espresso powder,Vegan
instant flour,Vegan
instant garlic,Vegan
instant lemon pudding,Vegan
instant lemon pudding mix,Vegan
instant low-fat chocolate drink mix,Vegan
instant malted chocolate milk powder,Vegetarian
instant malted milk powder,Vegetarian
instant maple and brown sugar oatmeal,Vegan
instant mashed potatoes,Vegan
instant mashed potatoes with bacon and cheddar,Non-Vegetarian
instant mashed potatoes with butter and herbs,Vegetarian
instant mashed potatoes with four cheeses,Vegan
instant milk,Vegetarian
instant milk chocolate pudding mix,Vegetarian
instant minced garlic,Vegan
instant minced onion,Vegan
instant mint-chocolate pudding mix,Vegan
instant miso soup mix,Vegan
instant mocha-flavored coffee powder,Vegan
instant nonfat dry milk powder,Vegetarian
instant oatmeal,Vegan
instant oats,Vegan
instant onion,Vegan
instant oxo,Vegan
instant pineapple pudding,Vegan
instant pistachio pudding mix,Vegan
instant plain oatmeal,Vegan
instant polenta,Vegan
instant potato flakes,Vegan
instant pudding mix,Vegan
instant pumpkin spice pudding mix,Vegan
instant rice,Vegan
instant roasted garlic mashed potatoes,Vegan
instant roux mix,Vegan
instant strawberry pudding mix,Vegan
instant tabbouleh,Vegan
instant tang orange drink,Vegan
instant tapioca pudding mix,Vegan
instant tea,Vegan
instant tea powder,Vegan
instant vanilla flavor pudding and pie filling,Vegan
instant vanilla pudding,Vegan
instant vegetable broth mix,Vegan
instant white chocolate pudding and pie filling mix,Vegan
instant yeast,Vegan
instant-light mesquite chunks,Vegan
intrigue liqueur,Vegan
invert sugar,Vegan
iodized salt,Vegan
iranian rice,Vegan
irish cream,Vegetarian
irish cream coffee creamer,Vegetarian
irish cream syrup,Vegetarian
irish creme non-dairy coffee creamer,Vegan
irish farmhouse cheese,Vegetarian
irish mist liqueur,Vegan
irish potato,Vegan
irish potatoes,Vegan
irish soda bread,Vegan
irish whiskey,Vegan
israeli couscous,Vegan
italian brandy,Vegan
italian bread,Vegan
italian bread basket,Vegan
italian breadcrumbs,Vegan
italian cheese,Vegetarian
italian cheese blend,Vegetarian
italian chicken sausage,Non-Vegetarian
italian cut green beans,Vegan
italian dressing,Vegan
italian flat beans,Vegan
italian herb seasoning,Vegan
italian olive oil,Vegan
italian olives,Vegan
italian parsley,Vegan
italian pastina,Vegan
italian pepper,Vegan
italian peppers,Vegan
italian plum,Vegan
italian plum tomato,Vegan
italian plum tomatoes,Vegan
italian plums,Vegan
italian pork sausage,Non-Vegetarian
italian roll,Vegan
italian rolls,Vegan
italian salad dressing,Vegan
italian salad dressing mix,Vegan
italian salad kit,Vegan
italian salad mix,Vegan
italian sauce,Vegan
italian sausage,Non-Vegetarian
italian sausage spaghetti sauce,Non-Vegetarian
italian sausages,Vegan
italian seasoned breadcrumbs,Vegan
italian seasoning,Vegan
italian seasoning mix,Vegan
italian soda,Vegan
italian spices,Vegan
italian stewed tomatoes,Vegan
italian style breadcrumbs,Vegan
italian sweet sausage,Non-Vegetarian
italian sweet vermouth,Vegan
italian syrup,Vegan
italian tomato,Vegan
italian tomato paste,Vegan
italian tomato soup,Vegan
italian tomatoes,Vegan
italian tomatoes with juice,Vegan
italian turkey sausage,Non-Vegetarian
italian turkey sausage link,Non-Vegetarian
italian turkey sausage links,Non-Vegetarian
italian vegetables,Vegan
italian vinaigrette dressing,Vegan
italian-style crushed tomatoes,Vegan
italian-style diced tomatoes,Vegan
italian-style peeled tomatoes,Vegan
italian-style stewed tomatoes,Vegan
italian-style tomato paste,Vegan
italian-style tomato sauce,Vegan
italian-style tomatoes,Vegan
j&d peppered bacon salt,Non-Vegetarian
jack daniel's sizzling smokehouse blend grilling sauce,Vegan
jack daniel's tennessee hickory mesquite grilling sauce,Vegan
jack daniels black label mix,Vegan
jack daniels whiskey,Vegan
jackfruit,Vegan
jagermeister,Vegan
jaggery,Vegan
jalapeno,Vegan
jalapeno bean dip,Vegan
jalapeno cheddar cheese,Vegetarian
jalapeno cheddar cheese dip,Vegetarian
jalapeno cheez whiz,Vegan
jalapeno chile,Vegan
jalapeno chiles,Vegan
jalapeno chiles with juice,Vegan
jalapeno chili with juice,Vegan
jalapeno cornbread mix,Vegan
jalapeno dip,Vegan
jalapeno flavored cream cheese,Vegetarian
jalapeno havarti cheese,Vegetarian
jalapeno jack cheese,Vegetarian
jalapeno jelly,Vegan
jalapeno juice,Vegan
jalapeno pepper,Vegan
jalapeno pepper cheese,Vegetarian
jalapeno pepper cheese spread,Vegetarian
jalapeno peppers,Vegan
jalapeno pickling liquid,Vegan
jalapeno potato chips,Vegan
jalapeno powder,Vegan
jalapeno relish,Vegan
jalapeno sauce,Vegan
jalapeno seasoning salt,Vegan
jalapeno-cheddar sourdough bread,Vegetarian
jalapeno-cilantro tortillas,Vegan
jalapeno-stuffed green olives,Vegan
jalapenos,Vegan
jalapenos packed in oil,Vegan
jam,Vegan
jam roll,Vegan
jam rolls,Vegan
jamaica ginger,Vegan
jamaican jerk spice,Vegan
jamaican rum,Vegan
jambalaya rice mix,Vegan
jambalaya spice,Vegan
jamon iberico,Vegan
jamon serrano,Vegan
japanese cucumber,Vegan
japanese cucumbers,Vegan
japanese eggplant,Vegan
japanese eggplants,Vegan
japanese mayonnaise,Vegetarian
japanese pumpkin,Vegan
japanese roasted nori,Vegan
japanese sake,Vegan
japanese soy sauce,Vegan
japanese turnip,Vegan
japanese-style bread crumbs,Vegan
japanese-style rice,Vegan
japanese-style vegetables,Vegan
jar,Vegan
jar (1 lb. 8 oz.) chunky tomato garlic and onion sauce,Vegan
jarlsberg cheese,Vegetarian
jars,Vegan
jasmine essence,Vegan
jasmine oil,Vegan
jasmine rice,Vegan
jasmine tea,Vegan
java chip ice cream,Vegetarian
javitri,Vegan
jeera powder,Vegan
jeera seeds,Vegan
jell-o chocolate fudge flavor pudding and pie filling,Non-Vegetarian
jell-o chocolate instant pudding,Non-Vegetarian
jell-o chocolate pudding and pie filling,Non-Vegetarian
jell-o instant lemon pudding,Non-Vegetarian
jell-o instant pistachio pudding mix,Non-Vegetarian
jell-o pudding mix,Non-Vegetarian
jellied cranberry sauce,Vegan
jello gelatin,Non-Vegetarian
jello instant vanilla pudding mix,Non-Vegetarian
jello with fruit,Non-Vegetarian
jelly,Vegan
jelly beans,Vegan
jelly crystals,Vegan
jelly powder,Vegan
jelly sponge rolls,Vegan
jellyfish,Vegan
jerk rub,Vegan
jerk sauce,Vegan
jerusalem artichoke,Vegan
jerusalem artichokes,Vegan
jicama,Vegan
jif extra crunchy peanut butter,Vegetarian
jiffy baking mix,Vegan
jiffy corn muffin mix,Vegan
jiffy cornbread mix,Vegan
jiffy white cake mix,Vegan
jim beam bourbon whiskey,Vegan
jimmy dean breakfast skillets,Vegan
jimmy dean sausage,Non-Vegetarian
john salley's garlic-chipotle sauce,Vegan
johnsonville andouille dinner sausage,Non-Vegetarian
"johnsonville classic italian, three-cheese italian or homestyle meatballs",Vegetarian
johnsonville hot & spicy breakfast sausage,Non-Vegetarian
johnsonville hot italian sausage links,Non-Vegetarian
johnsonville mild italian sausage links,Non-Vegetarian
johnsonville mild italian sausages,Vegan
joint of beef,Non-Vegetarian
jolly rancher candies,Vegan
jonagold apples,Vegan
jonathan apple,Vegan
jonathan apples,Vegan
juice,Vegan
juices from cooked meat,Non-Vegetarian
jumbo black olives,Vegan
jumbo egg,Vegetarian
jumbo egg yolks,Vegetarian
jumbo eggs,Vegetarian
jumbo lump crab meat,Non-Vegetarian
jumbo male blue crabs,Vegan
jumbo pasta shells,Vegan
jumbo shrimp,Non-Vegetarian
junior mints,Vegan
juniper berries,Vegan
junket danish dessert mix,Vegan
kabocha squash,Vegan
kabsa spice mix,Vegan
kabuli channa,Vegan
kadaifi,Vegan
kaffir lime,Vegan
kaffir lime leaf,Vegan
kaffir lime leaves,Vegan
kaffir lime zest,Vegan
kahlua,Vegan
kahlua hazelnut,Vegan
kahlua-flavored syrup,Vegan
kaiser roll,Vegan
kaiser rolls,Vegan
kala jeera,Vegan
kala namak,Vegan
kalamansi juice,Vegan
kalamata olive,Vegan
kalamata olives,Vegan
kalamata olives in red wine vinegar,Vegan
kale,Vegan
kale leaf,Vegan
kale leaves,Vegan
kalonji,Vegan
kamaboko,Vegan
kamut,Vegan
kamut berries,Vegan
kamut flour,Vegan
kangaroo fillet,Vegan
kangaroo fillets,Vegan
kangaroo mincemeat,Vegan
kangaroo steak,Non-Vegetarian
kangkong,Vegan
karela,Vegan
karo light corn syrup,Vegan
karo syrup,Vegan
kashi,Vegan
kashi golean cereal,Vegan
kashi good friends cereal,Vegan
kashk,Vegan
kashkaval,Vegan
kashmiri chili powder,Vegan
kashmiri chilies,Vegan
kasseri cheese,Vegetarian
kasuri methi,Vegan
kataifi pastry,Vegan
katakuriko,Vegan
keebler fudge shoppe peanut butter filled cookies,Vegetarian
keen's dry mustard,Vegan
kefalograviera cheese,Vegetarian
kefalotiri,Vegan
kefalotyri,Vegan
kefir,Vegan
kellogg's all-bran cereal,Vegan
kellogg's croutettes,Vegan
kellogg's just right cereal,Vegan
kelp,Vegan
kelp powder,Vegan
kernel corn,Vegan
ketchup,Vegan
ketjap manis,Vegan
kewra essence,Vegan
key lime,Vegan
key lime bar mix,Vegan
key lime juice,Vegan
key lime pie yogurt,Vegetarian
key lime pie-flavor light yogurt,Vegetarian
key lime zest,Vegan
"key lime, juice of",Vegan
key limes,Vegan
"key limes, juice of",Vegan
"key limes, zest of",Vegan
khajur imli ki chutney,Vegan
khoya,Vegan
khubz,Vegan
khus khus,Vegan
kidney bean,Non-Vegetarian
kidney beans,Non-Vegetarian
kidney beans in chili sauce,Non-Vegetarian
kielbasa,Non-Vegetarian
kikkoman lime ponzu sauce,Vegan
kikkoman soy sauce,Vegan
kikkoman sweet and sour sauce,Vegan
kikkoman's teriyaki sauce,Vegan
kim chee,Vegan
kim chee juice,Vegan
kimion,Vegan
king crab leg,Non-Vegetarian
king crab legs,Non-Vegetarian
king crab meat,Non-Vegetarian
king oyster mushrooms,Non-Vegetarian
king prawns,Vegan
king salmon,Non-Vegetarian
kingfish,Vegan
kipfler potatoes,Vegan
kippered herring fillets,Vegan
kirby cucumber,Vegan
kirby cucumbers,Vegan
kirsch,Vegan
kirsch liqueur,Vegan
kirschwasser,Vegan
kishke,Vegan
kit kat bar,Vegan
kit kat bars,Vegan
kitchen bouquet,Vegan
kitchen twine,Vegan
kiwi,Vegan
kiwi fruit,Vegan
kiwi fruits,Vegan
kiwi juice,Vegan
kix cereal,Vegan
kluski noodles,Vegan
knackwurst of frankfurter,Non-Vegetarian
knackwurst of frankfurters,Non-Vegetarian
knockwurst,Vegan
knorr chicken bouillon,Non-Vegetarian
knorr cilantro minicube,Vegan
knorr four cheese pasta sauce mix,Vegetarian
knorr french onion soup mix,Vegan
knorr lamb cube,Non-Vegetarian
knorr leek mix,Vegan
knorr parma rosa sauce mix,Vegan
knorr shepherds pie mealmaker mix,Vegan
knorr vegetable soup mix,Vegan
knudsen sour cream,Vegetarian
kohlrabi,Vegan
kokum,Vegan
kombu,Vegan
kombu seaweed,Vegan
kombucha,Vegan
konafah,Vegan
konbu,Vegan
konjac,Vegan
kool-aid,Vegan
kool-aid lemon-lime powdered drink mix,Vegan
korean radishes,Vegan
korean red pepper paste,Vegan
korean red pepper powder,Vegan
korean rice cake,Vegan
korma paste,Vegan
korma sauce,Vegan
kosher dill pickle,Vegan
kosher dill pickles,Vegan
kosher gelatin,Non-Vegetarian
kosher pickle,Vegan
kosher pickles,Vegan
kosher salami,Non-Vegetarian
kosher salt,Vegan
kosher salt & freshly ground black pepper,Vegan
koshi-an,Vegan
koubideh seasoning,Vegan
kraft 100% grated parmesan cheese,Vegetarian
kraft 100% parmesan cheese,Vegetarian
kraft 2% american cheese singles,Vegetarian
kraft 2% milk shredded cheddar cheese,Vegetarian
kraft 2% milk shredded mozzarella cheese,Vegetarian
kraft calorie-wise italian dressing,Vegan
kraft caramels,Vegan
kraft cheese spread with bacon,Non-Vegetarian
kraft creamy cucumber ranch salad dressing,Vegan
kraft grated parmesan cheese,Vegetarian
kraft healthy favorites fat free cheddar,Vegetarian
kraft hickory smoked barbecue sauce,Vegan
kraft light zesty italian dressing,Vegan
kraft macaroni and cheese,Vegetarian
kraft mayonnaise,Vegetarian
kraft mexican style finely shredded four cheese,Vegetarian
kraft old english cheese spread,Vegetarian
kraft parmesan romano asiago cheese blend,Vegetarian
kraft pimento spread,Vegan
kraft processed cheese slices,Vegetarian
kraft roasted red pepper italian parmesan dressing,Vegetarian
kraft roka blue spread,Vegan
kraft salad dressing,Vegan
kraft shredded cheddar cheese,Vegetarian
kraft shredded low-moisture part-skim mozzarella cheese,Vegetarian
kraft shredded mild cheddar cheese,Vegetarian
kraft shredded monterey jack cheese,Vegetarian
kraft shredded mozzarella cheese with a touch of philadelphia,Vegetarian
kraft shredded parmesan cheese,Vegetarian
kraft shredded sharp cheddar cheese,Vegetarian
kraft shredded three cheese with a touch of philadelphia,Vegetarian
kraft shredded triple cheddar cheese with a touch of philadelphia,Vegetarian
kraft sun-dried tomato salad dressing,Vegan
kraft tuscan house italian dressing and marinade,Vegan
kraft zesty italian dressing,Vegan
kremelta,Vegan
kudzu,Vegan
kudzu blossoms,Vegan
kumara,Vegan
kumquat,Vegan
kumquat puree,Vegan
kumquats,Vegan
kung pao sauce,Vegan
kwas,Vegan
kway teow,Vegan
la kama,Vegan
labneh,Vegan
lactose-free light cream,Vegetarian
lactose-free milk,Vegetarian
lactose-free skim milk,Vegetarian
lactose-free unsalted margarine,Vegan
lady cream peas,Vegetarian
lady finger bananas,Vegan
lady finger cookies,Vegan
lady savoiardi,Vegan
ladyfinger,Vegan
ladyfingers,Vegan
lager beer,Vegan
laksa paste,Vegan
lamb,Non-Vegetarian
lamb baby food,Non-Vegetarian
lamb backstrap,Non-Vegetarian
lamb backstraps,Non-Vegetarian
lamb bone,Non-Vegetarian
lamb breast,Non-Vegetarian
lamb broth,Non-Vegetarian
lamb chop,Non-Vegetarian
lamb chops,Non-Vegetarian
lamb cutlets,Non-Vegetarian
lamb fillets,Non-Vegetarian
lamb gravy,Non-Vegetarian
lamb knuckles,Non-Vegetarian
lamb leg chops,Non-Vegetarian
lamb leg steaks,Non-Vegetarian
lamb liver,Non-Vegetarian
lamb loin chop,Non-Vegetarian
lamb loin chops,Non-Vegetarian
lamb medallions,Non-Vegetarian
lamb mince,Non-Vegetarian
lamb neck,Non-Vegetarian
lamb neck chops,Non-Vegetarian
lamb necks,Non-Vegetarian
lamb pluck,Non-Vegetarian
lamb rack,Non-Vegetarian
lamb racks,Non-Vegetarian
lamb rib chops,Non-Vegetarian
lamb riblets,Non-Vegetarian
lamb ribs,Non-Vegetarian
lamb shank,Non-Vegetarian
lamb shanks,Non-Vegetarian
lamb shoulder,Non-Vegetarian
lamb sirloin,Non-Vegetarian
lamb steak,Non-Vegetarian
lamb steaks,Non-Vegetarian
lamb stew meat,Non-Vegetarian
lamb stock,Non-Vegetarian
lamb stock cube,Non-Vegetarian
lamb strip loin,Non-Vegetarian
lamb sweetbreads,Non-Vegetarian
lamb tenderloin,Non-Vegetarian
lamb tenderloins,Non-Vegetarian
lambs kidneys,Vegan
lambs lettuce,Vegan
lambsquarters,Vegan
lamingtons,Vegan
lamunchi,Vegan
lancashire cheese,Vegetarian
land o lakes garlic and herb saute express squares,Vegan
land o lakes roasted garlic butter with oil,Vegetarian
land o' lakes butter,Vegetarian
langoustine,Vegan
laos powder,Vegan
lard,Non-Vegetarian
lardons,Vegan
large capers packed in salt,Vegan
large chocolate chips,Vegan
large curd cottage cheese,Vegetarian
large marshmallows,Non-Vegetarian
large raw shrimp,Non-Vegetarian
large refrigerated biscuit,Vegan
large refrigerated biscuits,Vegan
large scallop,Vegan
large scallops,Vegan
large shelled prawn,Vegan
large shelled prawns,Vegan
large shrimp,Non-Vegetarian
large unpeeled shrimp,Non-Vegetarian
large-curd cottage cheese,Vegetarian
las palmas green chili sauce,Vegan
lasagna noodle,Vegan
lasagna noodles,Vegan
lasagna pasta,Vegan
lasagna sheet,Vegan
lasagna sheets,Vegan
lasueur early peas,Vegan
lattice biscuits,Vegan
laughing cow cheese,Vegetarian
laughing cow light garlic and herb cheese,Vegetarian
laughing cow light swiss cheese,Vegetarian
lauki,Vegan
laundry detergent,Vegan
laurel leaf,Vegan
laurel leaves,Vegan
lavash bread,Vegan
lavender,Vegan
lavender buds,Vegan
lavender flowers,Vegan
lavender honey,Vegetarian
lavender leaves,Vegan
lavender oil,Vegan
lavender sugar,Vegan
lawry baja chipotle marinade,Vegan
lawry teriyaki marinade with pineapple juice,Vegan
lawry's baja chipotle sauce with lime juice,Vegan
lawry's mesquite marinade,Vegan
lawry's seasoned pepper,Vegan
lawry's seasoned salt,Vegan
lawry's southwest marinade,Vegan
lawry's teriyaki marinade,Vegan
layer cake,Vegan
le seuer pea,Vegan
le seuer peas,Vegan
lea & perrins white wine worcestershire sauce,Non-Vegetarian
lea & perrins worcestershire sauce,Non-Vegetarian
leaf lard,Non-Vegetarian
leaf lettuce,Vegan
leaf oregano,Vegan
leaf thyme,Vegan
leafy greens,Vegan
lean bacon,Non-Vegetarian
lean baked ham,Non-Vegetarian
lean beef,Non-Vegetarian
lean beef bacon,Non-Vegetarian
lean beef chuck,Non-Vegetarian
lean beef chuck roast,Non-Vegetarian
lean beef round,Non-Vegetarian
lean boneless beef chuck,Non-Vegetarian
lean boneless lamb,Non-Vegetarian
lean boneless leg of lamb,Non-Vegetarian
lean boneless pork,Non-Vegetarian
lean boneless pork loin,Non-Vegetarian
lean boneless pork shoulder,Non-Vegetarian
lean boneless sirloin,Vegan
lean chicken,Non-Vegetarian
lean chuck,Vegan
lean country-style spareribs,Vegan
lean flank steak,Non-Vegetarian
lean ground beef,Non-Vegetarian
lean ground buffalo,Vegan
lean ground chicken,Non-Vegetarian
lean ground chuck,Vegan
lean ground lamb,Non-Vegetarian
lean ground meat,Non-Vegetarian
lean ground pork,Non-Vegetarian
lean ground pork shoulder,Non-Vegetarian
lean ground sirloin,Vegan
lean ground turkey,Non-Vegetarian
lean ground veal,Non-Vegetarian
lean ham,Non-Vegetarian
lean hamburger,Vegan
lean hot italian sausages,Vegan
lean lamb,Non-Vegetarian
lean lamb fillets,Non-Vegetarian
lean lamb leg steak,Non-Vegetarian
lean lamb steaks,Non-Vegetarian
lean lamb stew meat,Non-Vegetarian
lean leg of pork,Non-Vegetarian
lean meat,Non-Vegetarian
lean pork,Non-Vegetarian
lean pork butt,Non-Vegetarian
lean pork chops,Non-Vegetarian
lean pork loin,Non-Vegetarian
lean pork roast,Non-Vegetarian
lean pork sausage,Non-Vegetarian
lean pork shoulder,Non-Vegetarian
lean pork spareribs,Non-Vegetarian
lean pork steak,Non-Vegetarian
lean pot roast beef,Non-Vegetarian
lean roast beef,Non-Vegetarian
lean round steak,Non-Vegetarian
lean rump steak,Non-Vegetarian
lean salt pork,Non-Vegetarian
lean sausage meat,Non-Vegetarian
lean sirloin steaks,Vegan
lean steak,Non-Vegetarian
lean stew meat,Non-Vegetarian
lean stewing beef,Non-Vegetarian
lean turkey breast,Non-Vegetarian
lean turkey sausage,Non-Vegetarian
lean veal,Non-Vegetarian
lebanese bread,Vegan
lebanese cucumber,Vegan
lebanese cucumbers,Vegan
lebanon bologna,Non-Vegetarian
lecithin granules,Vegan
lecithin powder,Vegan
leek,Vegan
leek soup mix,Vegan
leek white,Vegan
leeks,Vegan
leg of lamb,Non-Vegetarian
lemon,Vegan
lemon & herb seasoning,Vegan
lemon and herb tartar sauce,Vegan
lemon balm,Vegan
lemon balm leaves,Vegan
lemon bar mix,Vegan
lemon basil,Vegan
lemon basil stir-fry sauce,Vegan
lemon butter,Vegetarian
lemon butter sauce,Vegetarian
lemon cake mix,Vegan
lemon cake mix with pudding,Vegan
lemon concentrate,Vegan
lemon cookies,Vegan
lemon cordial,Vegan
lemon cream-filled ginger sandwich cookies,Vegetarian
lemon cream-filled vanilla sandwich cookies,Vegetarian
lemon cucumber,Vegan
lemon cucumbers,Vegan
lemon curd,Vegetarian
lemon drop candies,Vegan
lemon drop candy,Vegan
lemon essence,Vegan
lemon extract,Vegan
lemon flavor instant pudding and pie filling,Vegan
lemon flavored ice tea mix,Vegan
lemon flavoring,Vegan
lemon frosting,Vegan
lemon gelatin,Non-Vegetarian
lemon grass root,Vegan
lemon iced tea,Vegan
lemon jell-o gelatin,Non-Vegetarian
lemon jelly,Vegan
lemon jelly crystals,Vegan
lemon juice,Vegan
lemon juice concentrate,Vegan
lemon leaves,Vegan
lemon lime and bitters soft drink,Vegan
lemon low fat yogurt,Vegetarian
lemon marmalade,Vegan
lemon myrtle,Vegan
lemon oil,Vegan
lemon olive oil,Vegan
lemon peel,Vegan
lemon peel curls,Vegan
lemon peel strip,Vegan
lemon peel strips,Vegan
lemon pepper,Vegan
lemon pepper seasoning,Vegan
lemon pepper seasoning mix,Vegan
lemon pie filling,Vegan
lemon pie filling mix,Vegan
lemon pudding mix,Vegan
lemon rind,Vegan
lemon salt,Vegan
lemon sherbet,Vegan
lemon slice,Vegan
lemon slices,Vegan
lemon soda,Vegan
lemon sorbet,Vegan
lemon supreme cake mix,Vegan
lemon syrup,Vegan
lemon thyme,Vegan
lemon thyme leaves,Vegan
lemon twist,Vegan
lemon twists,Vegan
lemon verbena,Vegan
lemon verbena leaf,Vegan
lemon verbena leaves,Vegan
lemon vinaigrette,Vegan
lemon wedge,Vegan
lemon wedges,Vegan
lemon yogurt,Vegetarian
lemon zest,Vegan
lemon zinger tea bags,Vegan
"lemon, juice and pulp of",Vegan
"lemon, juice and rind of",Vegan
"lemon, juice and zest of",Vegan
"lemon, juice of",Vegan
"lemon, rind of",Vegan
"lemon, zest of",Vegan
lemon-flavored liqueur,Vegan
lemon-flavored rum,Vegan
lemon-flavored vodka,Vegan
lemon-infused olive oil,Vegan
lemon-lime flavored soda,Vegan
lemon-lime sherbet,Vegan
lemon-pepper linguine,Vegan
lemon-pepper seasoning,Vegan
lemonade,Vegan
lemonade concentrate,Vegan
lemonade mix,Vegan
lemonade tea mix,Vegan
lemongrass,Vegan
lemongrass and chili spice mix,Vegan
lemongrass paste,Vegan
lemons,Vegan
"lemons, juice and rind of",Vegan
"lemons, juice and zest of",Vegan
"lemons, juice of",Vegan
"lemons, rind of",Vegan
"lemons, zest of",Vegan
lentil and vegetable soup,Vegan
lentil flour,Vegan
lentil soup,Vegan
lentil sprouts,Vegan
lentils,Vegan
lettuce,Vegan
lettuce cup,Vegan
lettuce cups,Vegan
lettuce greens,Vegan
lettuce head,Vegan
lettuce leaf,Vegan
lettuce leaves,Vegan
libby's canned pumpkin,Vegan
licor 43,Vegan
licorice,Vegan
licorice root,Vegan
licorice whips,Vegan
liempo,Vegan
life cereal,Vegan
lifesavers candies,Vegan
lifesavers five-flavor roll candy,Vegan
light almond milk,Vegan
light apple pie filling,Vegan
light asian vinaigrette,Vegan
light balsamic vinaigrette salad dressing,Vegan
light beer,Vegan
light blue cheese dressing,Vegetarian
light bologna,Non-Vegetarian
light boursin cheese,Vegetarian
light bread,Vegan
light brown sugar,Vegan
light butter,Vegetarian
light caesar salad dressing,Vegan
light camembert cheese,Vegetarian
light cane sugar,Vegan
light catalina dressing,Vegan
light cheddar cheese,Vegetarian
light cheese,Vegetarian
light cheese whiz,Vegetarian
light cherry pie filling,Vegan
light chicken broth,Non-Vegetarian
light chive & onion cream cheese,Vegetarian
light chocolate syrup,Vegan
light chocolate yogurt,Vegetarian
light chunk tuna in water,Non-Vegetarian
light coconut cream,Vegan
light coconut milk,Vegan
light corn syrup,Vegan
light cottage cheese,Vegetarian
light cranberry juice,Vegan
light cranberry sauce,Vegan
light cream,Vegetarian
light cream cheese,Vegetarian
light cream cheese spread,Vegetarian
light cream cheese with chives and onions,Vegetarian
light cream cheese with roasted garlic,Vegetarian
light demerara sugar,Vegan
light devils food cake mix,Vegan
light dulce de leche ice cream,Vegetarian
light extra virgin olive oil,Vegan
light french salad dressing,Vegan
light fruit pectin,Vegan
light fudge topping,Vegan
light goat cheese,Vegan
light hamburger bun,Vegan
light hamburger buns,Vegan
light hawaiian punch,Vegan
light honey dijon salad dressing,Vegetarian
light honey mustard dressing,Vegetarian
light italian dressing,Vegan
light italian herb flatout bread,Vegan
light jarlsberg cheese,Vegetarian
light karo syrup,Vegan
light kidney beans,Non-Vegetarian
light maple syrup,Vegan
light margarine,Vegan
light margarine spread,Vegan
light mayonnaise,Vegetarian
light meatless pasta sauce,Vegan
light miso,Vegan
light molasses,Vegan
light monterey jack cheese,Vegetarian
light mozzarella cheese,Vegetarian
light multi-grain english muffin,Vegan
light muscovado sugar,Vegan
light non-dairy whipped topping,Vegan
light oil,Vegan
light olive oil,Vegan
light olive oil vinaigrette dressing,Vegan
light pasta sauce,Vegan
light peach yogurt,Vegetarian
light peanut butter,Vegetarian
light processed cheese,Vegetarian
light raisins,Vegan
light ranch salad dressing,Vegan
light raspberry jam,Vegan
light raspberry vinaigrette dressing,Vegan
light raspberry walnut salad dressing,Vegan
light red wine vinaigrette,Vegan
light ricotta cheese,Vegetarian
light rum,Vegan
light rye bread,Vegan
light rye flour,Vegan
light salad dressing,Vegan
light sesame oil,Vegan
light sour cream,Vegetarian
light sour cream with chives,Vegetarian
light soy sauce,Vegan
light soya sauce,Vegan
light soymilk,Vegan
light spaghetti sauce,Vegan
light spreadable cheese with garlic and herbs,Vegetarian
light strawberry yogurt,Vegetarian
light sunflower oil,Vegan
light syrup,Vegan
light teriyaki sauce,Vegan
light thousand island dressing,Vegan
light tortilla chips,Vegan
light tuna in olive oil,Non-Vegetarian
light vanilla ice cream,Vegetarian
light vanilla soymilk,Vegan
light vanilla yogurt,Vegetarian
light vegetable oil,Vegan
light vegetable oil cooking spray,Vegan
light vegetable stock,Vegan
light whipped topping,Vegan
light whole grain bread,Vegan
light whole wheat bread,Vegan
light-brown sugar,Vegan
lightlife gimme lean ground beef,Vegan
lightlife gimme lean ground sausage,Vegan
lightlife turkey slices,Vegan
lightly sweetened whipped cream,Vegetarian
lightly-salted butter,Vegetarian
lilikoi juice,Vegan
lillet blanc,Vegan
lima beans,Vegan
limburger cheese,Vegetarian
lime,Vegan
lime concentrate,Vegan
lime cordial,Vegan
lime curd,Vegetarian
lime flavored liqueur,Vegan
lime garlic salsa,Vegan
lime gelatin,Non-Vegetarian
lime jell-o gelatin,Non-Vegetarian
lime juice,Vegan
lime juice concentrate,Vegan
lime marmalade,Vegan
lime oil,Vegan
lime peel,Vegan
lime pepper,Vegan
lime pepper seasoning,Vegan
lime pickle,Vegan
lime rind,Vegan
lime segments,Vegan
lime sherbet,Vegan
lime slice,Vegan
lime slices,Vegan
lime soda,Vegan
lime sorbet,Vegan
lime twist,Vegan
lime wedge,Vegan
lime wedges,Vegan
lime wine cooler,Vegan
lime yogurt,Vegetarian
lime zest,Vegan
"lime, juice and zest of",Vegan
"lime, juice of",Vegan
"lime, rind of",Vegan
"lime, zest of",Vegan
lime-flavored seltzer water,Vegan
lime-flavored soda water,Vegan
lime-flavored vodka,Vegan
lime-infused oil,Vegan
limeade,Vegan
limes,Vegan
"limes, juice and rind of",Vegan
"limes, juice and zest of",Vegan
"limes, juice of",Vegan
"limes, rind of",Vegan
"limes, zest of",Vegan
limoncello,Vegan
lincolnshire poacher cheese,Vegetarian
lindt chocolate balls,Vegan
lingonberries,Vegan
lingonberry,Vegan
lingonberry butter,Vegetarian
lingonberry jam,Vegan
lingonberry preserves,Vegan
lingonberry sauce,Vegan
linguica sausage,Non-Vegetarian
linguine,Vegan
link sausage,Non-Vegetarian
linseed rye bread,Vegan
linseed sunflower seeds and almond mix,Vegan
linseeds,Vegan
lipton beef and onion soup mix,Non-Vegetarian
lipton beef-flavor noodles and sauce,Non-Vegetarian
lipton beefy mushroom soup mix,Vegan
lipton beefy onion soup mix,Vegan
lipton french onion soup mix,Vegan
lipton golden onion soup mix,Vegan
lipton instant chicken soup mix,Non-Vegetarian
lipton onion mushroom dry soup mix,Vegan
lipton onion soup mix,Vegan
lipton recipe secrets onion soup mix,Vegan
lipton recipe secrets savory herb with garlic soup mix,Vegan
lipton soup secrets noodle soup mix,Vegan
liqueur,Vegan
liqueurs,Vegan
liquid,Vegan
liquid aloe vera,Vegan
liquid amino acid,Vegan
liquid butter,Vegetarian
liquid certo,Vegan
liquid coffee creamer,Vegan
liquid crab boil concentrate,Non-Vegetarian
liquid dish soap,Vegan
liquid egg substitute,Vegetarian
liquid fruit pectin,Vegan
liquid garlic,Vegan
liquid glucose,Vegan
liquid gravy browner,Vegan
liquid honey,Vegetarian
liquid hot pepper sauce,Vegan
liquid iced tea concentrate,Vegan
liquid lecithin,Vegan
liquid low-calorie sweetener,Vegan
liquid pectin,Vegan
liquid red pepper seasoning,Vegan
liquid rennin,Vegan
liquid shortening,Vegan
liquid smoke,Vegan
liquid smoke flavoring,Vegan
liquid soap,Vegan
liquid splenda,Vegan
liquid stevia,Vegan
liquid sugar substitute,Vegan
liquid sweetener,Vegan
liquor,Vegan
liquorice allsorts,Vegan
litchis,Vegan
lite evaporated milk,Vegetarian
lite extra-firm tofu,Vegan
lite firm tofu,Vegan
lite olive oil,Vegan
lite silken extra firm tofu,Vegan
lite silken firm tofu,Vegan
lite silken soft tofu,Vegan
little debbie boston cream rolls,Vegetarian
little smokies sausage,Non-Vegetarian
little smokies sausages,Vegan
littleneck clams,Vegan
live blue crab,Non-Vegetarian
live blue crabs,Vegan
live lobsters,Vegan
liver,Non-Vegetarian
liver pate,Non-Vegetarian
liver sausage,Non-Vegetarian
liver spread,Non-Vegetarian
liverwurst,Vegan
liverwurst spread,Vegan
lizano sauce,Vegan
lo mein noodles,Vegan
lobster,Non-Vegetarian
lobster base,Non-Vegetarian
lobster coral,Non-Vegetarian
lobster meat,Non-Vegetarian
lobster ravioli,Non-Vegetarian
lobster shell,Non-Vegetarian
lobster shells,Non-Vegetarian
lobster stock,Non-Vegetarian
lobster tail,Non-Vegetarian
lobster tail meat,Non-Vegetarian
lobster tails,Non-Vegetarian
lobsters,Vegan
locatelli cheese,Vegetarian
loganberries,Vegan
loin lamb,Non-Vegetarian
loin of wild boar,Non-Vegetarian
loin veal chops,Non-Vegetarian
lollipop sticks,Vegan
lollipops,Vegan
lollo rossa,Vegan
lolly pops,Vegan
london broil beef,Non-Vegetarian
long beans,Vegan
long crusty bread,Vegan
long grain and wild rice blend,Vegan
long grain brown rice,Vegan
long grain rice,Vegan
long grain white rice,Vegan
long handled spoon,Vegan
long-grain minute rice,Vegan
long-grain rice,Vegan
long-grain white rice,Vegan
longans in heavy syrup,Vegan
longhorn cheese,Vegetarian
loose tea,Vegan
loquats,Vegan
lotion,Vegan
lotus seeds,Vegan
lou price's cajun seasoning,Vegan
louis rich turkey bacon,Non-Vegetarian
louisiana hot link sausages,Vegan
louisiana hot sauce,Vegan
lovage,Vegan
low calorie catalina salad dressing,Vegan
low calorie raspberry drink mix,Vegan
low calorie sweetener,Vegan
low carb beer,Vegan
low carb whole wheat bread,Vegan
low fat  sweetened condensed milk,Vegetarian
low fat bacon bits,Non-Vegetarian
low fat balsamic vinaigrette salad dressing,Vegan
low fat biscuits,Vegan
low fat chicken in water,Non-Vegetarian
low fat cottage cheese,Vegetarian
low fat fromage frais,Vegan
low fat graham cracker crumbs,Vegan
low fat graham cracker pie crust,Vegan
low fat mozzarella,Vegetarian
low fat noodles,Vegan
low fat prepared pasta sauce,Vegan
low fat reduced-sodium cream of mushroom soup,Vegetarian
low fat unsweetened soy cream,Vegan
low fat vanilla soymilk,Vegan
low sodium beef broth,Non-Vegetarian
low sodium chicken broth,Non-Vegetarian
low sodium chicken stock powder,Non-Vegetarian
low sodium green beans,Vegan
low sodium ketchup,Vegan
low sodium salt,Vegan
low sodium soy sauce,Vegan
low sodium spaghetti sauce,Vegan
low sodium tomato,Vegan
low sodium vegetable broth,Vegan
low sugar jam,Vegan
low-calorie apricot jam,Vegan
low-calorie barbecue sauce,Vegan
low-calorie bread,Vegan
low-calorie cran-raspberry juice,Vegan
low-calorie italian salad dressing,Vegan
low-calorie lemonade drink mix,Vegan
low-calorie oatmeal bread,Vegan
low-calorie powdered drink mix,Vegan
low-calorie soy sauce,Vegan
low-calorie whole wheat bread,Vegan
low-carb apple juice,Vegan
low-carb balsamic vinaigrette,Vegan
low-carb barbecue sauce,Vegan
low-carb blue cheese salad dressing,Vegetarian
low-carb bread,Vegan
low-carb breadcrumbs,Vegan
low-carb elbow macaroni,Vegan
low-carb flour tortillas,Vegan
low-carb italian salad dressing,Vegan
low-carb ketchup,Vegan
low-carb linguine,Vegan
low-carb maple syrup,Vegan
low-carb marinara sauce,Vegan
low-carb milk,Vegetarian
low-carb pasta,Vegan
low-carb pasta sauce,Vegan
low-carb penne,Vegan
low-carb spaghetti sauce,Vegan
low-carb strawberry-banana yogurt,Vegetarian
low-carb thousand island dressing,Vegan
low-carb tortilla,Vegan
low-carb tortillas,Vegan
low-carb whole wheat tortilla,Vegan
low-carb whole wheat tortillas,Vegan
low-carbohydrate baking mix,Vegan
low-cholesterol butter,Vegetarian
low-cholesterol margarine,Vegan
low-fat alfredo sauce,Vegan
low-fat american cheese,Vegetarian
low-fat bacon,Non-Vegetarian
low-fat bacon ranch dressing,Non-Vegetarian
low-fat baking mix,Vegan
low-fat banana cream yogurt,Vegetarian
low-fat banana yogurt,Vegetarian
low-fat beef broth,Non-Vegetarian
low-fat berry yogurt,Vegetarian
low-fat biscuit mix,Vegan
low-fat blue cheese dressing,Vegetarian
low-fat blueberry yogurt,Vegetarian
low-fat breakfast sausage,Non-Vegetarian
low-fat brownie mix,Vegan
low-fat butter,Vegetarian
low-fat buttermilk,Vegetarian
low-fat catalina dressing,Vegan
low-fat cheddar cheese,Vegetarian
low-fat cheese,Vegetarian
low-fat cheese ravioli,Vegetarian
low-fat cherry vanilla yogurt,Vegetarian
low-fat cherry yogurt,Vegetarian
low-fat chicken broth,Non-Vegetarian
low-fat chocolate frozen yogurt,Vegetarian
low-fat chocolate ice cream,Vegetarian
low-fat chocolate soymilk,Vegan
low-fat cinnamon graham crackers,Vegan
low-fat coconut milk,Vegan
low-fat coffee ice cream,Vegetarian
low-fat coffee-flavored frozen yogurt,Vegetarian
low-fat coffee-flavored yogurt,Vegetarian
low-fat condensed cheddar cheese soup,Vegetarian
low-fat condensed cream of chicken soup,Non-Vegetarian
low-fat cooking spray,Vegan
low-fat corn tortillas,Vegan
low-fat cream cheese,Vegetarian
low-fat cream of celery soup,Vegetarian
low-fat cream of chicken soup,Non-Vegetarian
low-fat cream of mushroom soup,Vegetarian
low-fat cream of potato soup,Vegetarian
low-fat creme fraiche,Vegan
low-fat cultured buttermilk,Vegetarian
low-fat double cream,Vegetarian
low-fat drinking cocoa powder,Vegan
low-fat dry milk,Vegetarian
low-fat eggnog,Vegan
low-fat evaporated milk,Vegetarian
low-fat extra-firm silken tofu,Vegan
low-fat extra-firm tofu,Vegan
low-fat feta,Vegetarian
low-fat firm tofu,Vegan
low-fat flour tortillas,Vegan
low-fat french dressing,Vegan
low-fat french vanilla yogurt,Vegetarian
low-fat frozen yogurt,Vegetarian
low-fat goat cheese,Vegan
low-fat graham cracker,Vegan
low-fat graham cracker crust,Vegan
low-fat graham cracker crusts,Vegan
low-fat graham crackers,Vegan
low-fat granola,Vegan
low-fat granola cereal,Vegan
low-fat granola cereal with raisins,Vegan
low-fat greek yogurt,Vegetarian
low-fat ham,Non-Vegetarian
low-fat honey graham crackers,Vegetarian
low-fat ice cream,Vegetarian
low-fat italian salad dressing,Vegan
low-fat italian sausage,Non-Vegetarian
low-fat jalapeno cheddar cheese,Vegetarian
low-fat kielbasa,Non-Vegetarian
low-fat lime yogurt,Vegetarian
low-fat low-carb whole wheat tortilla,Vegan
low-fat low-carb whole wheat tortillas,Vegan
low-fat low-sodium chicken and rice soup,Non-Vegetarian
low-fat low-sodium condensed cream of tomato soup,Vegetarian
low-fat low-sodium cream of broccoli soup,Vegetarian
low-fat low-sodium monterey jack cheese,Vegetarian
low-fat low-sodium swiss cheese,Vegetarian
low-fat margarine,Vegan
low-fat marinara sauce,Vegan
low-fat mascarpone cheese,Vegetarian
low-fat mayonnaise,Vegetarian
low-fat mexican cheese,Vegetarian
low-fat mexican cheese blend,Vegetarian
low-fat milk,Vegetarian
low-fat monterey jack and colby cheese,Vegetarian
low-fat monterey jack cheese,Vegetarian
low-fat monterey jack pepper cheese,Vegetarian
low-fat orange yogurt,Vegetarian
low-fat oriental-flavor ramen noodle soup mix,Vegan
low-fat parmesan cheese,Vegetarian
low-fat peach yogurt,Vegetarian
low-fat peanut butter,Vegetarian
low-fat peppermint ice cream,Vegetarian
low-fat pepperoni,Non-Vegetarian
low-fat pineapple yogurt,Vegetarian
low-fat pizza sauce,Vegan
low-fat plain kefir,Vegan
low-fat plain yogurt,Vegetarian
low-fat powdered milk,Vegetarian
low-fat powdered nondairy creamer,Vegan
low-fat quark cheese,Vegetarian
low-fat ranch dressing,Vegan
low-fat refried beans,Vegan
low-fat ricotta,Vegetarian
low-fat ricotta cheese,Vegetarian
low-fat ritz crackers,Vegan
low-fat saltine crackers,Vegan
low-fat sausage,Non-Vegetarian
low-fat sesame ginger salad dressing,Vegan
low-fat sharp cheddar cheese,Vegetarian
low-fat small-curd cottage cheese,Vegetarian
low-fat smoked sausage,Non-Vegetarian
low-fat soft cheese,Vegetarian
low-fat soft cheese with chives and onions,Vegetarian
low-fat sour cream,Vegetarian
low-fat soymilk,Vegan
low-fat spicy chicken sausage,Non-Vegetarian
low-fat strawberry yogurt,Vegetarian
low-fat sugar-free chocolate ice cream,Vegetarian
low-fat sugar-free frozen vanilla yogurt,Vegetarian
low-fat swiss cheese,Vegetarian
low-fat tofu,Vegan
low-fat tomato soup,Vegan
low-fat tortilla,Vegan
low-fat tortilla chips,Vegan
low-fat tropical yogurt,Vegetarian
low-fat turkey kielbasa,Non-Vegetarian
low-fat tzatziki,Vegan
low-fat unsweetened yogurt,Vegetarian
low-fat vanilla frozen yogurt,Vegetarian
low-fat vanilla ice cream,Vegetarian
low-fat vanilla pudding,Vegan
low-fat vanilla soymilk,Vegan
low-fat vanilla yogurt,Vegetarian
low-fat vegetable broth,Vegan
low-fat vinaigrette dressing,Vegan
low-fat waffles,Vegan
low-fat whipped cream,Vegetarian
low-fat whipped cream cheese,Vegetarian
low-fat whipping cream,Vegetarian
low-fat white cheddar cheese,Vegetarian
low-fat whole grain waffle,Vegan
low-fat whole grain waffles,Vegan
low-fat whole wheat tortilla,Vegan
low-fat whole wheat tortillas,Vegan
low-fat yogurt,Vegetarian
low-moisture part-skim mozzarella cheese,Vegetarian
low-salt ham,Non-Vegetarian
low-sodium bacon,Non-Vegetarian
low-sodium barbecue sauce,Vegan
low-sodium beef bouillon cube,Non-Vegetarian
low-sodium beef bouillon cubes,Non-Vegetarian
low-sodium beef bouillon granules,Non-Vegetarian
low-sodium beef bouillon powder,Non-Vegetarian
low-sodium black beans,Vegan
low-sodium bouillon cube,Vegan
low-sodium cheddar cheese,Vegetarian
low-sodium chicken bouillon cube,Non-Vegetarian
low-sodium chicken bouillon cubes,Non-Vegetarian
low-sodium chicken stock,Non-Vegetarian
low-sodium chickpeas,Vegan
low-sodium chili sauce,Vegan
low-sodium condensed cream of chicken soup,Non-Vegetarian
low-sodium condensed cream of mushroom soup,Vegetarian
low-sodium crackers,Vegan
low-sodium cream of mushroom soup,Vegetarian
low-sodium crushed tomatoes,Vegan
low-sodium ham,Non-Vegetarian
low-sodium hot sauce,Vegan
low-sodium instant chicken bouillon granules,Non-Vegetarian
low-sodium italian salad dressing,Vegan
low-sodium italian salad dressing mix,Vegan
low-sodium kernel corn,Vegan
low-sodium kidney beans,Non-Vegetarian
low-sodium low-fat beef broth,Non-Vegetarian
low-sodium low-fat chicken broth,Non-Vegetarian
low-sodium low-fat vegetable broth,Vegan
low-sodium margarine,Vegan
low-sodium mayonnaise,Vegetarian
low-sodium mozzarella cheese,Vegetarian
low-sodium parmesan cheese,Vegetarian
low-sodium peanut butter,Vegetarian
low-sodium pinto beans,Vegan
low-sodium refried beans,Vegan
low-sodium ritz crackers,Vegan
low-sodium salsa,Vegan
low-sodium sliced water chestnuts,Vegan
low-sodium smoked ham,Non-Vegetarian
low-sodium sprouted-grain bread,Vegan
low-sodium steak sauce,Non-Vegetarian
low-sodium stewed tomatoes,Vegan
low-sodium taco seasoning,Vegan
low-sodium tamari,Vegan
low-sodium teriyaki sauce,Vegan
low-sodium tomato juice,Vegan
low-sodium tomato paste,Vegan
low-sodium tomato puree,Vegan
low-sodium tomato sauce,Vegan
low-sodium tomato soup,Vegan
low-sodium tomatoes,Vegan
low-sodium triscuits,Vegan
low-sodium tuna in water,Non-Vegetarian
low-sodium turkey breast,Non-Vegetarian
low-sodium v8 juice,Vegan
low-sodium vegetable bouillon cube,Vegan
low-sodium vegetable bouillon cubes,Vegan
low-sodium vegetable bouillon granules,Vegan
low-sodium vegetable juice,Vegan
low-sodium wheat crackers,Vegan
low-sodium worcestershire sauce,Non-Vegetarian
low-sugar apple butter,Vegetarian
low-sugar apricot preserves,Vegan
low-sugar chocolate syrup,Vegan
low-sugar ketchup,Vegan
low-sugar low-sodium ketchup,Vegan
low-sugar peanut butter,Vegetarian
low-sugar pizza sauce,Vegan
low-sugar raspberry preserves,Vegan
low-sugar strawberry preserves,Vegan
lowfat blueberry frozen yogurt,Vegetarian
lowfat chocolate milk,Vegetarian
lowfat chocolate wafer cookies,Vegan
lowfat curds,Vegan
lowfat margarine,Vegan
lowfat mozzarella cheese,Vegetarian
lowfat neufchatel cheese,Vegetarian
lowfat parmesan cheese,Vegetarian
lowfat refried beans,Vegan
lowfat silken tofu,Vegan
lowfat swiss cheese,Vegetarian
lox,Vegan
lsa,Vegan
lucky charms cereal,Vegan
lump crabmeat,Vegan
lump of sugar,Vegan
lumpfish caviar,Vegan
lumpia skins,Vegan
lumps of sugar,Vegan
luster dust,Vegan
lutefisk,Vegan
lychee,Vegan
lychee juice,Vegan
lychee puree,Vegan
lychee syrup,Vegan
lychees,Vegan
lychees in heavy syrup,Vegan
lye,Vegan
m & m mint chocolate candies,Vegan
m&m',Vegan
m&m's,Vegan
m&m's peanut chocolate candies,Vegan
m&m's peanut chocolate candy,Vegan
m&m's plain chocolate candy,Vegan
m&m's semi-sweet chocolate baking bits,Vegan
m.s.g.,Vegan
mac n' cheese deluxe,Vegetarian
maca,Vegan
macadamia halves,Vegan
macadamia nut cookie,Vegan
macadamia nut oil,Vegan
macadamia nut syrup,Vegan
macadamia nuts,Vegan
macadamia syrup,Vegan
macadamias,Vegan
macapuno strings,Vegan
macaroni,Vegan
macaroni & cheese dinner mix,Vegetarian
macaroni and cheese mix,Vegetarian
macaroni and cheese powdered topping,Vegetarian
macaroni and white cheddar cheese mix,Vegetarian
macaroni noodles,Vegan
macaroni shells and cheese,Vegetarian
macaroons,Vegan
mace,Vegan
mace blade,Vegan
mace blades,Vegan
mache,Vegan
macintosh toffee bars,Vegan
mackerel,Vegan
mackerel fillet,Vegan
mackerel fillets,Vegan
mackerel in olive oil,Vegan
mackerel in tomato sauce,Vegan
madeira wine,Vegan
madras curry powder,Vegan
mafalda pasta,Vegan
maggi 2-minute noodles,Vegan
maggi chicken cubes,Non-Vegetarian
maggi seasoning,Vegan
maggi seasoning sauce,Vegan
maggi soup cube,Vegan
maggi vegetable cube,Vegan
magic shell ice cream topping,Vegetarian
mahi mahi,Vegan
mahi mahi fillet,Vegan
mahi mahi fillets,Vegan
mahi mahi steaks,Vegan
mahlab,Vegan
mahleb,Vegan
mahlepi,Vegan
maida flour,Vegan
maifun,Vegan
maize flour,Vegan
major grey chutney,Vegan
maker's mark bourbon whisky,Vegan
malaga wine,Vegan
malanga,Vegan
male squash blossoms,Vegan
malibu coconut liqueur,Vegan
malibu rum,Vegan
malt biscuits,Vegan
malt drink powder,Vegan
malt extract,Vegan
malt liquor,Vegan
malt syrup,Vegan
malt vinegar,Vegan
malt-o-meal original hot cereal,Vegan
malted barley syrup,Vegan
malted chocolate drink mix,Vegan
malted milk balls,Vegetarian
malted milk biscuits,Vegetarian
maltesers,Vegan
maltitol,Vegan
maltose,Vegan
manchego cheese,Vegetarian
mandarin juice,Vegan
mandarin liqueur,Vegan
mandarin orange,Vegan
mandarin orange juice,Vegan
mandarin orange liquid,Vegan
mandarin orange pieces,Vegan
mandarin orange section,Vegan
mandarin orange sections,Vegan
mandarin orange segments,Vegan
mandarin oranges,Vegan
mandarin oranges in juice,Vegan
mandarin oranges in light syrup,Vegan
mandarin pancake,Vegan
mandarin pancakes,Vegan
mandarin segment,Vegan
mandarin segments,Vegan
mandarin syrup,Vegan
mandarin vodka,Vegan
mange-tout peas,Vegan
mange-touts peas,Vegan
mango,Vegan
mango chutney,Vegan
mango essence,Vegan
mango gelatin,Non-Vegetarian
mango ice cream,Vegetarian
mango jam,Vegan
mango juice,Vegan
mango liqueur,Vegan
mango nectar,Vegan
mango peach salsa,Vegan
mango powder,Vegan
mango pulp,Vegan
mango puree,Vegan
mango rum,Vegan
mango rum liqueur,Vegan
mango salsa,Vegan
mango sherbet,Vegan
mango sorbet,Vegan
mango syrup,Vegan
mango vodka,Vegan
mango yogurt,Vegetarian
mango-flavored tea bag,Vegan
mango-peach tea bags,Vegan
mangoes,Vegan
mangoes in juice,Vegan
mangoes in syrup,Vegan
manicotti,Vegan
manila clams,Vegan
manioc flour,Vegan
manioc starch,Vegan
manishevitz wine,Vegan
manouri cheese,Vegetarian
manwich sloppy joe mix,Vegan
manzanilla olives,Vegan
manzanita berries,Vegan
maple and brown sugar flavored hot wheat cereal mix,Vegan
maple bacon,Non-Vegetarian
maple brown sugar rice cakes,Vegan
maple cured bacon baked beans,Non-Vegetarian
maple extract,Vegan
maple flavoring,Vegan
maple ham,Non-Vegetarian
maple liqueur,Vegan
maple pepper seasoning with habanero,Vegan
maple sausage,Non-Vegetarian
maple sugar,Vegan
maple syrup,Vegan
maple-flavor syrup,Vegan
maple-flavored butter,Vegetarian
mapleine,Vegan
maraschino cherries,Vegan
maraschino cherry,Vegan
maraschino cherry juice,Vegan
maraschino juice,Vegan
maraskina liqueur,Vegan
marble loaf cake,Vegan
marbled cheddar and swiss cheese,Vegetarian
marbled rye bread,Vegan
marc de bourgogne,Vegan
marco polo noodles,Vegan
margarine,Vegan
margarine spread,Vegan
margarita cooler,Vegan
margarita jell-o gelatin,Non-Vegetarian
margarita mix,Vegan
margarita mix concentrate,Vegan
marie biscuits,Vegan
marigold petals,Vegan
marinade,Vegan
marinara sauce,Vegan
marinated artichoke,Vegan
marinated artichoke hearts,Vegan
marinated artichoke oil,Vegan
marinated artichokes,Vegan
marinated bean salad,Vegan
marinated fresh mozzarella balls in oil,Vegetarian
marinated goat-milk feta,Vegan
marinated mushrooms,Vegan
marinated roasted red peppers,Vegan
marinated tofu,Vegan
marionberries,Vegan
marjoram,Vegan
marjoram leaves,Vegan
marlin fillets,Vegan
marlin steaks,Vegan
marmalade,Vegan
marmite,Vegan
marrow,Vegan
marrowfat peas,Vegan
mars bars,Vegan
marsala,Vegan
marsala wine,Vegan
marshmallow base,Non-Vegetarian
marshmallow cream,Non-Vegetarian
marshmallow creme,Non-Vegetarian
marshmallow extract,Non-Vegetarian
marshmallow peep,Non-Vegetarian
marshmallow peeps,Non-Vegetarian
marshmallow whip,Non-Vegetarian
marshmallows,Non-Vegetarian
martha self-rising flour,Vegan
martha white self-rising corm meal mix,Vegan
martha white wild berry muffin mix,Vegan
martha white yellow cornbread mix,Vegan
martini mix,Vegan
marzipan,Vegan
marzipan carrots,Vegan
marzipan paste,Vegan
masa corn flour,Vegan
masa dough,Vegan
masa harina,Vegan
masa harina flour,Vegan
masa harina mix,Vegan
masago smelt roe,Vegan
masala,Vegan
masala paste,Vegan
mascarpone,Vegan
mascarpone cheese,Vegetarian
mashed banana,Vegan
mashed bananas,Vegan
mashed potatoes,Vegan
mashed sweet potato,Vegan
mashed sweet potatoes,Vegan
masoor dal,Vegan
masterpiece original barbecue sauce,Vegan
mastic,Vegan
masticha,Vegan
matcha green tea powder,Vegan
mature cheddar cheese,Vegetarian
matzo balls,Vegan
matzo cake crumbs,Vegan
matzo cake flour,Vegan
matzo cake meal,Vegan
matzo crackers,Vegan
matzo farfel,Vegan
matzo meal,Vegan
matzoh boards,Vegan
matzoh cracker,Vegan
matzoh crackers,Vegan
matzohs,Vegan
matzos,Vegan
maui onion,Vegan
maui onions,Vegan
mavrothaphne,Vegan
mawa,Vegan
mayonnaise,Vegetarian
mayonnaise substitute,Vegetarian
maypo,Vegan
maytag blue cheese,Vegetarian
mccormick bay leaves,Vegan
mccormick black pepper,Vegan
mccormick broiled steak seasoning,Non-Vegetarian
mccormick cinnamon,Vegan
mccormick cocoa chile blend,Vegan
mccormick grill mates zesty herb marinade,Vegan
mccormick grill seasoning,Vegan
mccormick hot mexican style chili powder,Vegan
mccormick mild chili seasoning,Vegan
mccormick potato toppers,Vegan
mccormick pure vanilla extract,Vegan
"mccormick red pepper, crushed",Vegan
mccormick salad supreme seasoning,Vegan
mccormick taco seasoning mix,Vegan
mccormick thyme leaves,Vegan
mccormick white chicken chili seasoning mix,Non-Vegetarian
mccormick's chicken stir-fry seasoning packet,Non-Vegetarian
mccormick's french herb roasting rub,Vegan
mccormick's montreal brand steak seasoning,Non-Vegetarian
mccormick's montreal low-sodium steak seasoning,Non-Vegetarian
mccormick's salt-free all-purpose seasoning,Vegan
mccormick's season all,Vegan
mccormick's seasoning salt,Vegan
mcintosh apple,Vegan
mcintosh apples,Vegan
mead,Vegan
meal,Vegan
measuring cup,Vegan
meat,Non-Vegetarian
meat broth,Non-Vegetarian
meat drippings,Non-Vegetarian
meat extract paste,Non-Vegetarian
meat marinade,Non-Vegetarian
meat pieces,Non-Vegetarian
meat ravioli,Non-Vegetarian
meat seasoning,Non-Vegetarian
meat stock,Non-Vegetarian
meat tenderizer,Non-Vegetarian
meat-filled tortellini,Non-Vegetarian
meatballs,Vegan
meatless deli slices,Vegan
meatless mushroom spaghetti sauce,Vegan
meatless sauce,Vegan
meatless spaghetti sauce,Vegan
meatloaf,Vegan
meatloaf mix,Vegan
meatloaf mixture,Vegan
meatloaf recipe,Vegan
meatloaf seasoning mix,Vegan
meaty spareribs,Vegan
meaux mustard,Vegan
medium cheddar,Vegetarian
medium curry paste,Vegan
medium egg noodles,Vegetarian
medium firm tofu,Vegan
medium grain rice,Vegan
"medium heads bibb or red leaf lettuce, washed, dried* and torn into pieces",Vegan
medium hot salsa,Vegan
medium noodles,Vegan
medium pasta shell,Vegan
medium pasta shells,Vegan
medium raw shrimp,Non-Vegetarian
medium rye flour,Vegan
medium sharp cheddar,Vegetarian
medium sherry,Vegan
medium shrimp,Non-Vegetarian
medium-dry sherry,Vegan
medium-grain white rice,Vegan
medium-sized shrimp,Non-Vegetarian
melba rounds,Vegan
melba sauce,Vegan
melba toast,Vegan
melon,Vegan
melon ball,Vegan
melon balls,Vegan
melon liqueur,Vegan
melon seeds,Vegan
menudo spice mix,Vegan
meringue,Vegan
meringue cookies,Vegan
meringue nests,Vegan
meringue powder,Vegan
meringues,Vegan
merlot,Vegan
mesclun,Vegan
mesquite barbecue sauce,Vegan
mesquite deli turkey,Non-Vegetarian
mesquite liquid smoke,Vegan
mesquite meal,Vegan
mesquite powder,Vegan
mesquite wood chips,Vegan
metaxa brandy,Vegan
methi leaves,Vegan
methi seeds,Vegan
mettwurst,Vegan
mexican blend cheese,Vegetarian
mexican cheese,Vegetarian
mexican chili beans,Vegan
mexican chili powder,Vegan
mexican chocolate,Vegan
mexican cornbread mix,Vegan
mexican crema,Vegan
mexican hot sauce,Vegan
mexican oregano,Vegan
mexican red sauce,Vegan
mexican rice,Vegan
mexican seasoning,Vegan
mexican style beans,Vegan
mexican tomato,Vegan
mexican tomato sauce,Vegan
mexican tomatoes,Vegan
mexican vegetarian ground meat substitute,Vegan
mexican-style corn,Vegan
mexican-style diced tomatoes,Vegan
mexican-style rice-a-roni,Vegan
mexican-style stewed tomatoes,Vegan
mexican-style stewed tomatoes with jalapeno peppers,Vegan
mexican-style tomatoes,Vegan
mexicorn,Vegan
mexicorn whole kernel corn,Vegan
meyer lemon,Vegan
meyer lemon zest,Vegan
meyer lemons,Vegan
meyer's dark rum,Vegan
microwave kettle popcorn,Vegan
microwave popcorn,Vegan
middle loin chops,Vegan
midori melon liqueur,Vegan
mike's hard cranberry lemonade,Vegan
mild cheddar cheese,Vegetarian
mild cheese,Vegetarian
mild chile,Vegan
mild chiles,Vegan
mild chili pepper,Vegan
mild chili peppers,Vegan
mild chili powder,Vegan
mild curry paste,Vegan
mild curry powder,Vegan
mild enchilada sauce,Vegan
mild green chili,Vegan
mild green chilies,Vegan
mild green pepper,Vegan
mild ground sausage,Non-Vegetarian
mild indian curry flavor tuna,Non-Vegetarian
mild italian sausage,Non-Vegetarian
mild jerk sauce,Vegan
mild mexican cheese,Vegetarian
mild paprika,Vegan
mild red chile peppers,Vegan
mild red onion,Vegan
mild red onions,Vegan
mild salsa,Vegan
mild sausage,Non-Vegetarian
mild soy sauce,Vegan
mild taco sauce,Vegan
milk,Vegetarian
milk chocolate,Vegetarian
milk chocolate bark,Vegetarian
milk chocolate brownie mix,Vegetarian
milk chocolate cake mix,Vegetarian
milk chocolate candies,Vegetarian
milk chocolate candy bar,Vegetarian
milk chocolate candy bars,Vegetarian
milk chocolate candy bars with almonds,Vegan
milk chocolate chips,Vegetarian
milk chocolate confectionary coating,Vegan
milk chocolate frosting,Vegetarian
milk chocolate kiss,Vegetarian
milk chocolate kisses,Vegetarian
milk chocolate melts,Vegetarian
milk chocolate pieces,Vegetarian
milk chocolate with peanuts,Vegetarian
milk chocolate-covered pretzels,Vegetarian
milk duds,Vegetarian
milk solids,Vegetarian
milky way bar,Vegan
milky way bars,Vegan
milky way miniature candy bar,Vegan
milky way miniature candy bars,Vegan
millet,Vegan
millet flour,Vegan
millet seed,Vegan
millet seeds,Vegan
milnot condensed milk,Vegetarian
milo,Vegan
minced  fresh garlic clove,Vegan
minced  fresh garlic cloves,Vegan
minced beef,Non-Vegetarian
minced chicken,Non-Vegetarian
minced clams,Vegan
minced clams with juice,Vegan
minced garlic clove,Vegan
minced garlic cloves,Vegan
minced ginger,Vegan
minced meat,Non-Vegetarian
mincemeat,Vegan
mineral oil,Vegan
mineral water,Vegan
minestrone soup,Vegan
mini chocolate chip,Vegan
mini chocolate chips,Vegan
mini chocolate graham cracker tart crusts,Vegan
mini graham cracker tart crusts,Vegan
mini jelly rolls,Vegan
mini marshmallows,Non-Vegetarian
mini pita pockets,Vegan
mini raspberry chips,Vegan
mini sweet peppers,Vegan
mini whole wheat pita bread,Vegan
miniature almond joy bars,Vegan
miniature bagels,Vegan
miniature butterfinger candy bars,Vegan
miniature butterscotch chips,Vegan
miniature candy canes,Vegan
miniature cherry baking bits,Vegan
miniature chocolate candy bars,Vegan
miniature chocolate chip,Vegan
miniature chocolate chips,Vegan
miniature chocolate egg,Vegetarian
miniature chocolate eggs,Vegetarian
miniature corn cobs,Vegan
miniature croissants,Vegan
miniature dark chocolate chips,Vegan
miniature graham cracker pie crusts,Vegan
miniature hot dogs,Vegan
miniature kisses,Vegan
miniature m&m baking bits,Vegan
miniature m&m's chocolate candies,Vegan
miniature marshmallow,Non-Vegetarian
miniature marshmallows,Non-Vegetarian
miniature milk chocolate chips,Vegetarian
miniature nacho cheese tortilla chips,Vegetarian
miniature oreo cookie,Vegan
miniature oreo cookies,Vegan
miniature party rye rounds,Vegan
miniature peanut butter cup,Vegetarian
miniature peanut butter cups,Vegetarian
miniature peanut butter filled butter flavor crackers,Vegetarian
miniature pear tomato,Vegan
miniature peppermint patties,Vegan
miniature phyllo cups,Vegan
miniature phyllo sheets,Vegan
miniature powdered sugar doughnuts,Vegan
miniature pretzel,Vegan
miniature pretzel twists,Vegan
miniature pretzels,Vegan
miniature semisweet chocolate chips,Vegan
miniature shredded wheat cereal,Vegan
miniature taco shells,Vegan
miniature tart shells,Vegan
mint,Vegan
mint and coriander leaves paste,Vegan
mint chip,Vegan
mint chips,Vegan
mint chocolate,Vegan
mint chocolate chip ice cream,Vegetarian
mint chocolate chips,Vegan
mint chocolate liqueur,Vegan
mint chocolate square,Vegan
mint extract,Vegan
mint flavored liqueur,Vegan
mint jelly,Vegan
mint leaf,Vegan
mint leaves,Vegan
mint liqueur,Vegan
mint oreo cookies,Vegan
mint paste,Vegan
mint powder,Vegan
mint sauce,Vegan
mint sprig,Vegan
mint sprigs,Vegan
mint syrup,Vegan
mint tea bags,Vegan
mint vodka,Vegan
mint-flavored creme-filled chocolate sandwich cookies,Vegan
mint-flavored herbal tea bags,Vegan
minute brown rice,Vegan
minute rice,Vegan
minute steaks,Vegan
minute tapioca,Vegan
minute white rice,Vegan
miracle whip,Vegan
miracle whip calorie-wise,Vegan
miracle whip light,Vegan
mirasol chiles,Vegan
mirepoix,Vegan
mirin,Vegan
mirliton,Vegan
mirlitons,Vegan
miso,Vegan
miso soup,Vegan
mistake,Vegan
mitchell black forest ham,Non-Vegetarian
mixed baby greens,Vegan
mixed baby lettuces and spring greens,Vegan
mixed berries,Vegan
mixed berry,Vegan
mixed candied fruit,Vegan
mixed candied fruit peel,Vegan
mixed candied peel,Vegan
mixed cheese,Vegetarian
mixed cheeses,Vegan
mixed dried berries,Vegan
mixed dried fruit,Vegan
mixed fish,Non-Vegetarian
mixed french herbs,Vegan
mixed fresh herbs,Vegan
mixed fruit,Vegan
mixed glace fruit,Vegan
mixed grain bread,Vegan
mixed green and yellow beans,Vegan
mixed greens,Vegan
mixed herbs,Vegan
mixed italian herbs,Vegan
mixed mushrooms,Vegan
mixed nuts,Vegan
mixed nuts and dried fruit,Vegan
mixed peel,Vegan
mixed pepper,Vegan
mixed peppercorns,Vegan
mixed peppers,Vegan
mixed red and green sweet pepper,Vegan
mixed salad green,Vegan
mixed salad greens,Vegan
mixed seeds,Vegan
mixed spice,Vegan
mixed sprouts,Vegan
mixed vegetables,Vegan
mixed-grain hamburger buns,Vegan
mizithra cheese,Vegetarian
mizuna,Vegan
mocha ice cream,Vegetarian
mocha syrup,Vegan
mocha-flavored coffee,Vegan
mochi flour,Vegan
mochi rice,Vegan
mochiko sweet rice flour,Vegan
moist coconut,Vegan
mojito mix,Vegan
mojo criollo,Vegan
molasses,Vegan
molasses sugar,Vegan
mole,Vegan
molly mcbutter,Vegan
molokheya,Vegan
molukhia,Vegan
momokawa diamond sake,Vegan
momokawa pearl sake,Vegan
momokawa silver sake,Vegan
monarch 151 rum,Vegan
monkfish,Vegan
monkfish fillet,Vegan
monkfish fillets,Vegan
monkfish steaks,Vegan
monosodium glutamate,Vegan
montasio cheese,Vegetarian
monterey jack and cheddar cheese blend,Vegetarian
monterey jack cheese,Vegetarian
monterey jack cheese cubes,Vegetarian
monterey jack pepper cheese,Vegetarian
monterey jack queso dip,Vegan
monterey jack-style soy cheese,Vegan
montrachet,Vegan
montreal chicken seasoning,Non-Vegetarian
montreal roasted garlic chicken seasoning,Non-Vegetarian
moo shu pancakes,Vegan
moong dahl,Vegan
moose,Vegan
moose heart,Vegan
moose nose,Vegan
moose roast,Vegan
moose rump roast,Vegan
moose sirloin steak,Non-Vegetarian
morel,Vegan
morels,Vegan
mori-nu extra firm lite tofu,Vegan
mori-nu firm tofu,Vegan
mori-nu silken soft tofu,Vegan
mornay sauce,Vegan
morningstar farms better 'n burgers,Vegan
morningstar farms grillers,Vegan
morningstar farms meal starters chicken strips,Vegan
morningstar farms meal starters grillers recipe crumbles,Vegan
morningstar farms original chik patty,Vegan
morningstar farms spicy black bean burgers,Vegan
morningstar farms vegetarian breakfast links,Vegan
morningstar farms veggie bacon strips,Vegan
moro orange,Vegan
moroccan seasoning,Vegan
mortadella,Vegan
morton lite salt,Vegan
morton nature seasons seasoning blend,Vegan
morton sausage seasoning,Non-Vegetarian
morton tender quick salt,Vegan
morton's coarse kosher salt,Vegan
morton's tender quick,Vegan
mostaccioli noodles,Vegan
mostaccioli pasta,Vegan
mott's cinnamon applesauce,Vegan
mounds candy bars,Vegan
mountain bread,Vegan
mountain dew soda,Vegan
mountain pepper,Vegan
mouthwash,Vegan
mozzarella cheddar blend cheese,Vegetarian
mozzarella cheese,Vegetarian
mozzarella cheese cubes,Vegetarian
mozzarella cheese with sun-dried tomatoes and basil,Vegetarian
mozzarella curd,Vegetarian
mozzarella string cheese,Vegetarian
mozzarella-cheddar blend cheese,Vegetarian
mozzarella-parmesan cheese blend,Vegetarian
mozzarella-provolone cheese blend,Vegetarian
mr. noodle soup mix,Vegan
mrs dash southwest chipotle seasoning mix,Vegan
mrs dash's extra spicy seasoning,Vegan
mrs richardson's caramel topping,Vegan
mrs. dash garlic and herb seasoning,Vegan
mrs. dash onion and herb seasoning,Vegan
mrs. dash seasoning mix,Vegan
mrs. dash table blend seasoning,Vegan
mrs. dash tomato basil garlic seasoning,Vegan
mrs. grass homestyle vegetable recipe,Vegan
msg,Vegan
muenster cheese,Vegetarian
muesli,Vegan
muffins,Vegan
muffuletta bread,Vegan
mulberries,Vegan
mull of kintyre cheese,Vegetarian
mullet fillets,Vegan
mulling spices,Vegan
multi-bran cereal,Vegan
multi-bran chex,Vegan
multi-grain baguette,Vegan
multi-grain bread,Vegan
multi-grain cereal,Vegan
multi-grain cracker,Vegan
multi-grain flakes cereal with oat clusters cranberries and almonds,Vegan
multi-grain flour,Vegan
multi-grain hamburger buns,Vegan
multi-grain hoagie buns,Vegan
multi-grain hot cereal,Vegan
multi-grain penne,Vegan
multi-grain rolls,Vegan
multi-grain saltine crackers,Vegan
multi-grain spaghetti,Vegan
multicolored sugar nonpareils,Vegan
multigrain bread,Vegan
multigrain cereal,Vegan
munchee cheese,Vegetarian
mung bean noodles,Vegan
mung bean sprouts,Vegan
mung beans,Vegan
mung dal,Vegan
muscadine grapes,Vegan
muscat de beaumes de venise,Vegan
muscat wine,Vegan
muscatel,Vegan
muscovado sugar,Vegan
mushroom,Vegan
mushroom and garlic couscous,Vegan
mushroom and green pepper flavor spaghetti sauce,Vegan
mushroom beef gravy,Non-Vegetarian
mushroom broth,Vegan
mushroom cap,Vegan
mushroom caps,Vegan
mushroom gravy,Vegan
mushroom gravy mix,Vegan
mushroom liquid,Vegan
mushroom marinara sauce,Vegan
mushroom pieces,Vegan
mushroom soup,Vegan
mushroom soup mix,Vegan
mushroom soy sauce,Vegan
mushroom stems,Vegan
mushroom stems and pieces,Vegan
mushroom stock,Vegan
mushroom stock cubes,Vegan
mushroom tortellini,Vegan
mushrooms,Vegan
muskellunge,Vegan
musketeers miniatures candy bars,Vegan
muskmelon,Vegan
muskmelons,Vegan
mussels,Vegan
mussels on the half shell,Vegan
mustard,Vegan
mustard greens,Vegan
mustard oil,Vegan
mustard paste,Vegan
mustard powder,Vegan
mustard relish,Vegan
mustard seeds,Vegan
mustard-flavored oil,Vegan
mustard-mayonnaise blend,Vegetarian
mutton,Non-Vegetarian
mutton bones with marrow,Non-Vegetarian
mutton chops,Non-Vegetarian
mutton neck,Non-Vegetarian
mutton rib,Non-Vegetarian
mutton shanks,Non-Vegetarian
mutton shoulder,Non-Vegetarian
mutton stock,Non-Vegetarian
mutton stock cubes,Non-Vegetarian
naan bread,Vegan
nabisco social tea biscuits,Vegan
nabisco triscuits,Vegan
nacho cheese,Vegetarian
nacho cheese dip,Vegetarian
nacho cheese flavor doritos,Vegetarian
nacho cheese flavored tortilla chips,Vegetarian
nacho cheese soup,Vegetarian
nacho chip,Vegan
nacho chips,Vegan
nadru,Vegan
nam pla,Vegan
nam som paep,Vegan
nanami togarashi,Vegan
napa cabbage,Vegan
napa cabbage leaf,Vegan
napa cabbage leaves,Vegan
napkin,Vegan
nashi,Vegan
nassau royale,Vegan
nasturtium blossoms,Vegan
nasturtium leaves,Vegan
nasturtium petals,Vegan
native pepper berries,Vegan
natural almonds,Vegan
natural applesauce,Vegan
natural bran,Vegan
natural cane sugar,Vegan
natural red grape juice,Vegan
natural sour cream,Vegetarian
natural yoghurt,Vegetarian
natural-style chunky peanut butter,Vegetarian
natural-style peanut butter,Vegetarian
nature valley banana nut crunchy granola bars,Vegan
nature valley maple brown sugar crunchy granola bar,Vegan
nature valley oats and honey crunchy granola bars,Vegan
nature valley pecan crunch granola bars,Vegan
nature's seasons,Vegan
navel orange,Vegan
"navel orange, juice of",Vegan
"navel orange, zest of",Vegan
navel oranges,Vegan
"navel oranges, juice of",Vegan
navy beans,Vegan
neapolitan ice cream,Vegetarian
near east taboule wheat salad,Vegan
nectarine,Vegan
nectarines,Vegan
nepitella,Vegan
nesquik no-sugar-added chocolate powder,Vegan
nestl carnation evaporated milk,Vegetarian
nestl carnation sweetened condensed milk,Vegetarian
nestl toll house butterscotch flavored morsels,Vegan
nestl toll house dark chocolate morsels,Vegan
nestl toll house delightfulls mint filled morsels,Vegan
nestl toll house holiday morsels,Vegan
nestl toll house premier white morsel,Vegan
nestl toll house premier white morsels,Vegan
nestl toll house semi-sweet chocolate morsels,Vegan
nestl toll house ultimates refrigerated chocolate chip lovers cookie dough,Vegan
nestle chocolate,Vegan
nestle chocolate milk,Vegetarian
nestle cream,Vegetarian
nestle crunch bars,Vegan
nestle dark chocolate and mint morsels,Vegan
nestle milk chocolate and caramel swirled morsels,Vegetarian
nestle milk chocolate and peanut butter swirled morsels,Vegetarian
nestle semi-sweet and white chocolate swirled chocolate morsels,Vegan
nestle semi-sweet chocolate and mint swirled morsels,Vegan
nestle semi-sweet chocolate chip,Vegan
nestle semi-sweet chocolate chips,Vegan
nestle sugar-free turtles,Vegan
nestle sweetened condensed milk,Vegetarian
nestle swirled holiday morsels,Vegan
nestle toll house baking cocoa,Vegan
nestle toll house halloween shapes and morsels,Vegan
nestle toll house holiday shapes and morsels,Vegan
nestles quik,Vegan
nettles,Vegan
neufchatel cheese,Vegetarian
neufchatel cheese spread with pineapple,Vegetarian
new england clam chowder,Non-Vegetarian
new kitty litter box,Vegan
new mexico chile powder,Vegan
new mexico green chilies,Vegan
new mexico pepper,Vegan
new mexico peppers,Vegan
new mexico red chili,Vegan
new potato,Vegan
new potatoes,Vegan
new york strip steak,Non-Vegetarian
new york strip steaks,Vegan
newburg sauce mix,Vegan
ngo om,Vegan
nice & cheesy cheese,Vegetarian
nicoise olive,Vegan
nicoise olives,Vegan
nido milk,Vegetarian
nigari,Vegan
nigella seeds,Vegan
nilla wafer crumbs,Vegan
niter kebbeh,Vegan
nixtamal,Vegan
no yolk noodles,Vegetarian
no yolks egg noodle substitute,Vegetarian
no-added-salt tomato paste,Vegan
no-added-sugar low carb spaghetti sauce,Vegan
no-bean chili,Vegan
no-boil lasagna noodles,Vegan
no-salt-added beef broth,Non-Vegetarian
no-salt-added black beans,Vegan
no-salt-added chicken broth,Non-Vegetarian
no-salt-added chicken stock,Non-Vegetarian
no-salt-added corn,Vegan
no-salt-added diced tomatoes,Vegan
no-salt-added garbanzo beans,Vegan
no-salt-added great northern beans,Vegan
no-salt-added green beans,Vegan
no-salt-added italian-style tomatoes,Vegan
no-salt-added ketchup,Vegan
no-salt-added kidney beans,Non-Vegetarian
no-salt-added peas,Vegan
no-salt-added pinto beans,Vegan
no-salt-added salsa,Vegan
no-salt-added spaghetti sauce,Vegan
no-salt-added stewed tomatoes,Vegan
no-salt-added tomato juice,Vegan
no-salt-added tomato puree,Vegan
no-salt-added tomato sauce,Vegan
no-salt-added vegetables,Vegan
no-salt-added whole tomatoes,Vegan
no-sugar-added apple pie filling,Vegan
no-sugar-added applesauce,Vegan
no-sugar-added apricot jam,Vegan
no-sugar-added blueberry spread,Vegan
no-sugar-added cherry pie filling,Vegan
no-sugar-added chocolate syrup,Vegan
no-sugar-added crushed pineapple,Vegan
no-sugar-added fat free vanilla ice cream,Vegetarian
no-sugar-added fudge pop,Vegan
no-sugar-added hot chocolate mix,Vegan
no-sugar-added jam,Vegan
no-sugar-added kernel corn,Vegan
no-sugar-added ketchup,Vegan
no-sugar-added kidney beans,Non-Vegetarian
no-sugar-added maple syrup,Vegan
no-sugar-added marinara sauce,Vegan
no-sugar-added nonfat lemon yogurt,Vegetarian
no-sugar-added nonfat strawberry yogurt,Vegetarian
no-sugar-added orange juice,Vegan
no-sugar-added peanut butter,Vegetarian
no-sugar-added pineapple tidbits,Vegan
no-sugar-added raspberry jam,Vegan
no-sugar-added reduced-fat vanilla ice cream,Vegetarian
no-sugar-added relish,Vegan
no-sugar-added spaghetti sauce,Vegan
no-sugar-added strawberry preserves,Vegan
no-sugar-added tomato paste,Vegan
no-sugar-needed pectin,Vegan
no. 1 onions,Vegan
noilly prat,Vegan
non fat cheese,Vegetarian
non fat small curd cottage cheese,Vegetarian
non-alcoholic beer,Vegan
non-dairy cheddar cheese,Vegan
non-dairy chocolate chips,Vegan
non-dairy coffee creamer,Vegan
non-dairy liquid coffee creamer,Vegan
non-dairy milk substitute,Vegan
non-dairy powdered coffee creamer,Vegan
non-dairy powdered milk,Vegan
non-dairy whipped topping,Vegan
non-dairy whipping cream,Vegan
non-fat coffee creamer,Vegan
non-fat cooking spray,Vegan
non-fat fudge sauce,Vegan
non-fat lemon greek yogurt,Vegetarian
non-fat non-dairy creamer,Vegan
non-fat powdered milk,Vegetarian
non-fat soymilk,Vegan
non-fat strawberry yogurt,Vegetarian
non-fat tortilla chips,Vegan
non-fat vanilla frozen yogurt,Vegetarian
non-fat vanilla yogurt,Vegetarian
non-hydrogenated margarine,Vegan
non-hydrogenated peanut butter,Vegetarian
non-hydrogenated vegan margarine,Vegan
non-iodized salt,Vegan
non-pareils,Vegan
nonfat beef broth,Non-Vegetarian
nonfat berry yogurt,Vegetarian
nonfat cheddar cheese,Vegetarian
nonfat cherry yogurt,Vegetarian
nonfat chicken broth,Non-Vegetarian
nonfat chocolate milk,Vegetarian
nonfat cottage cheese,Vegetarian
nonfat dry milk powder,Vegetarian
nonfat dry milk solid,Vegetarian
nonfat dry milk solids,Vegetarian
nonfat fruit yogurt,Vegetarian
nonfat italian dressing,Vegan
nonfat milk,Vegetarian
nonfat parmesan cheese,Vegetarian
nonfat plain yogurt,Vegetarian
nonfat poppy seed salad dressing,Vegan
nonfat protein powder,Vegan
nonfat quark,Vegan
nonfat sour cream,Vegetarian
nonfat strawberry-banana yogurt,Vegetarian
nonfat sugar-free fruit yogurt,Vegetarian
nonfat sugar-free lime yogurt,Vegetarian
nonfat vanilla soymilk,Vegan
nonfat vanilla yogurt,Vegetarian
nonfat whole wheat tortillas,Vegan
nonfat yogurt,Vegetarian
nonpareils,Vegan
nonstick baking spray with flour,Vegan
nonstick cooking spray,Vegan
nonstick spray coating,Vegan
noodle flavoring,Vegan
noodle sheets,Vegan
noodles,Vegan
noodles and sauce,Vegan
nopal leaves,Vegan
nopales,Vegan
nopalitos,Vegan
nori,Vegan
nori goma furikake,Vegan
nori sushi sheet,Vegan
nori sushi sheets,Vegan
northern pike fillets,Vegan
nostimini herb mix,Vegan
nu-salt,Vegan
nuoc cham sauce,Vegan
nuoc nam,Vegan
nut bread,Vegan
nut butter,Vegetarian
nut crunch topping,Vegan
nut oil,Vegan
nut quick bread mix,Vegan
nutella,Vegan
nutmeats,Vegan
nutmeg,Vegan
nutrasweet,Vegan
nutri-grain cereal,Vegan
nutria,Vegan
nutritional yeast,Vegan
nutritional yeast flakes,Vegan
nutriwhip,Vegan
nuts,Vegan
nutter butter sandwich cookies,Vegetarian
nuttter butter bites,Vegetarian
nutty wheat flour,Vegan
o'brien frozen potatoes,Vegan
o'brien potatoes,Vegan
oak chip,Vegan
oat biscuits,Vegan
oat bran,Vegan
oat bran flakes,Vegan
oat bran flour,Vegan
oat bran hot cereal,Vegan
oat flour,Vegan
oat milk,Vegan
oat rings cereal,Vegan
oat squares cereal,Vegan
oat-bran cereal,Vegan
oatabix biscuits,Vegan
oatmeal,Vegan
oatmeal bread,Vegan
oatmeal chocolate chip cookie mix,Vegan
oatmeal cookie crumbs,Vegan
oatmeal cookie mix,Vegan
oatmeal cookies,Vegan
oatmeal raisin cookie dough,Vegan
oatnut bread,Vegan
oats,Vegan
oaxaca cheese,Vegetarian
ocean perch fillet,Vegan
ocean perch fillets,Vegan
ocean spray 100% cranberry juice,Vegan
ocean spray cranberries,Vegan
ocean spray cranberry cocktail,Vegan
ocean spray whole cranberry sauce,Vegan
ocean trout fillets,Vegan
octopus,Non-Vegetarian
oetker pudding powder,Vegan
of fresh mint,Vegan
ogo,Vegan
oil,Vegan
oil replacement,Vegan
oil substitute,Vegan
oil-and-vinegar dressing,Vegan
oil-cured black olive,Vegan
oil-cured black olives,Vegan
oil-cured green olives,Vegan
oil-cured olives,Vegan
oil-free italian dressing,Vegan
oka cheese,Vegetarian
okara,Vegan
okra,Vegan
okra and tomatoes,Vegan
okra pods,Vegan
old bay seasoning,Vegan
old bay seasoning with garlic and herb,Vegan
old cheddar cheese,Vegetarian
old el paso green chilies,Vegan
old el paso mild enchilada sauce,Vegan
old el paso taco sauce,Vegan
old english cheese,Vegetarian
old fashioned oats,Vegan
old mill oats,Vegan
old milwaukee beer,Vegan
old-fashioned oatmeal,Vegan
old-fashioned quaker oats,Vegan
oleo,Vegan
olivada,Vegan
olive,Vegan
olive bread,Vegan
olive juice,Vegan
olive loaf luncheon meat,Non-Vegetarian
olive oil,Vegan
olive oil and vinegar dressing,Vegan
olive oil flavored cooking spray,Vegan
olive oil margarine,Vegan
olive oil mayonnaise,Vegetarian
olive oil spread,Vegan
olive oil vinaigrette,Vegan
olive oil-flavored pam,Vegan
olive oil-flavored vegetable cooking spray,Vegan
olive salad,Vegan
olive spread,Vegan
olive-pimento cheese spread,Vegetarian
olives,Vegan
olives in brine,Vegan
olivio buttery spray,Vegan
omega 3 6 9 oil,Vegan
omega eggs,Vegetarian
onion,Vegan
onion and garlic croutons,Vegan
onion and garlic powder,Vegan
onion and mushroom soup mix,Vegan
onion bagels,Vegan
onion bouillon granules,Vegan
onion bread,Vegan
onion dip mix,Vegan
onion flakes,Vegan
onion gravy mix,Vegan
onion hamburger buns,Vegan
onion juice,Vegan
onion mushroom dressing,Vegan
onion paste,Vegan
onion powder,Vegan
onion powder with green onion and parsley,Vegan
onion puree,Vegan
onion ring batter,Vegan
onion rings,Vegan
onion roasted garlic soup mix,Vegan
onion roll,Vegan
onion rolls,Vegan
onion salt,Vegan
onion seeds,Vegan
onion skins,Vegan
onion soup,Vegan
onion soup base,Vegan
onion soup mix,Vegan
onion tops,Vegan
onion white,Vegan
onion-flavored croutons,Vegan
onions,Vegan
onions in cream sauce,Vegetarian
oolong tea bags,Vegan
opah fillet,Vegan
opah fillets,Vegan
opakapaka fillets,Vegan
opal basil,Vegan
open pit barbecue sauce,Vegan
opo squash,Vegan
opossum,Vegan
orange,Vegan
orange and cherry sherbet,Vegan
orange bell pepper,Vegan
orange bell peppers,Vegan
orange bitters,Vegan
orange blossom honey,Vegetarian
orange blossom water,Vegan
orange brandy,Vegan
orange breakfast drink mix,Vegan
orange cake mix,Vegan
orange candy melts,Vegan
orange concentrate,Vegan
orange curacao,Vegan
orange curd,Vegetarian
orange decorating icing,Vegan
orange drink mix,Vegan
orange essence,Vegan
orange extract,Vegan
orange fig jam,Vegan
orange flavored yogurt,Vegetarian
orange flavoring,Vegan
orange flower water,Vegan
orange food coloring,Vegan
orange frosting,Vegan
orange gelatin,Non-Vegetarian
orange gelatin mix,Non-Vegetarian
orange ice cream,Vegetarian
orange jell-o,Non-Vegetarian
orange jelly powder,Vegan
orange juice,Vegan
orange juice concentrate,Vegan
orange kool-aid,Vegan
orange leaves,Vegan
orange lentils,Vegan
orange liqueur,Vegan
orange marmalade,Vegan
orange muscat dessert wine,Vegan
orange oil,Vegan
orange paste food coloring,Vegan
orange peel,Vegan
orange pekoe tea bag,Vegan
orange pekoe tea bags,Vegan
orange pepper,Vegan
orange peppers,Vegan
orange preserves,Vegan
orange pudding,Vegan
orange pulp,Vegan
orange rind,Vegan
orange rind twists,Vegan
orange roughy,Vegan
orange roughy fillet,Vegan
orange roughy fillets,Vegan
orange sauce,Vegan
orange section,Vegan
orange sections,Vegan
orange sherbet,Vegan
orange slice,Vegan
orange slice candy,Vegan
orange slices,Vegan
orange soda,Vegan
orange sorbet,Vegan
orange spice tea bags,Vegan
orange sprinkles,Vegan
orange squash,Vegan
orange strip,Vegan
orange strips,Vegan
orange sweet bell pepper,Vegan
orange sweet potatoes,Vegan
orange syrup,Vegan
orange twist,Vegan
orange wedge,Vegan
orange wedges,Vegan
orange zest,Vegan
"orange, juice and rind of",Vegan
"orange, juice and zest of",Vegan
"orange, juice of",Vegan
"orange, rind of",Vegan
"orange, zest of",Vegan
orange-flavored craisins,Vegan
orange-flavored dark chocolate,Vegan
orange-flavored dried cranberries,Vegan
orange-flavored liqueur,Vegan
orange-flavored rum,Vegan
orange-flavored seltzer water,Vegan
orange-flavored sparkling water,Vegan
orange-grapefruit juice,Vegan
orange-infused vodka,Vegan
orange-mango juice,Vegan
orange-peach-mango juice,Vegan
orange-pineapple flavored gelatin,Non-Vegetarian
orange-pineapple jell-o,Non-Vegetarian
orangecello liqueur,Vegan
oranges,Vegan
"oranges, juice and rind of",Vegan
"oranges, juice and zest of",Vegan
"oranges, juice of",Vegan
"oranges, rind of",Vegan
"oranges, zest of",Vegan
orecchiette,Vegan
oregano,Vegan
oregano flakes,Vegan
oregano leaves,Vegan
oregano sprig,Vegan
oregano sprigs,Vegan
oreo cookie crumbs,Vegan
oreo cookie pie crust,Vegan
oreo cookie pie crusts,Vegan
oreo cookies,Vegan
oreo double stuff cookies,Vegan
oreo thin crisps,Vegan
organic carrots,Vegan
organic celery,Vegan
organic cornmeal,Vegan
organic egg whites,Vegetarian
organic free range fat free chicken broth,Non-Vegetarian
organic no-sugar-added cranberry juice,Vegan
organic peanut butter,Vegetarian
organic turkey,Non-Vegetarian
organic virgin coconut oil,Vegan
organic whole wheat flour,Vegan
orgeat syrup,Vegan
orgran no egg,Vegetarian
oriental sauce,Vegan
oriental sesame oil,Vegan
oriental style baked tofu,Vegan
oriental-flavor instant ramen noodles,Vegan
oriental-style vegetables,Vegan
origanum,Vegan
original bisquick mix,Vegan
original ranch dressing mix,Vegan
original supreme brownie mix,Vegan
oroweat multi-grain sandwich thins,Vegan
orrisroot chips,Vegan
ortega chile,Vegan
ortega chiles,Vegan
ortega green chilie,Vegan
ortega green chilies,Vegan
ortega medium cheese sauce,Vegetarian
ortega taco seasoning,Vegan
orzo,Vegan
orzo pasta,Vegan
oscar mayer bacon,Non-Vegetarian
oscar mayer real bacon bits,Non-Vegetarian
ostrich fillets,Vegan
ostrich steak,Non-Vegetarian
other dried fruit,Vegan
other italian pasta,Vegan
other seasoning,Vegan
ouzo,Vegan
ouzo liqueur,Vegan
oval- shaped thin veal cutlets,Non-Vegetarian
ovaltine,Vegan
oven cooking bag,Vegan
oven cooking bags,Vegan
oven fry for pork,Non-Vegetarian
oven-roasted deli chicken,Non-Vegetarian
oven-roasted turkey breast,Non-Vegetarian
ovolini,Vegan
ox cheeks,Vegan
ox kidney,Non-Vegetarian
ox tongue,Non-Vegetarian
oxo beef cube,Non-Vegetarian
oxtail,Vegan
oxtail soup mix,Vegan
oxtails,Vegan
oyster,Non-Vegetarian
oyster crackers,Non-Vegetarian
oyster liquor,Non-Vegetarian
oyster mushroom,Non-Vegetarian
oyster mushrooms,Non-Vegetarian
oyster sauce,Non-Vegetarian
oyster stew,Non-Vegetarian
oysters,Vegan
paad thai sauce,Vegan
pace picante sauce,Vegan
packaged coleslaw mix,Vegan
paint powder,Vegan
pak choi,Vegan
pale ale,Vegan
pale dry ginger ale,Vegan
palm oil,Vegan
palm oil shortening,Vegan
palm sugar,Vegan
palm vinegar,Vegan
pam butter cooking spray,Vegetarian
pam cooking spray,Vegan
pam original no-stick cooking spray,Vegan
pam? grilling cooking spray,Vegan
pamelas ultimate baking and pancake mix,Vegan
pan dripping,Vegan
pan drippings,Vegan
pan drippings from turkey,Non-Vegetarian
pan juices,Vegan
pan release spray,Vegan
panang curry paste,Vegan
pancake,Vegan
pancake batter,Vegan
pancake mix,Vegan
pancake syrup,Vegan
pancakes,Vegan
pancetta,Non-Vegetarian
panch phoron,Vegan
pancit noodles,Vegan
pandan extract,Vegan
pandan leaf,Vegan
pandan leaves,Vegan
pandanus leaves,Vegan
paneer cheese,Vegetarian
panela cheese,Vegetarian
panettone,Vegan
panini bread,Vegan
panir,Vegan
panko breadcrumbs,Vegan
papadum bread,Vegan
papaya,Vegan
papaya nectar,Vegan
papaya paste,Vegan
papaya seeds,Vegan
papayas,Vegan
paper,Vegan
paper baking cup,Vegan
paper baking cups,Vegan
paper cups,Vegan
paper drink umbrellas,Vegan
paper towels,Vegan
pappadams,Vegan
pappardelle pasta,Vegan
paprika,Vegan
paprika paste,Vegan
paraffin wax,Vegan
paraffin wax block,Vegan
parboiled rice,Vegan
parchment paper,Vegan
parkay margarine,Vegan
parkay squeeze margarine,Vegan
parker house rolls,Vegan
parma ham,Non-Vegetarian
parmesan and butter rice mix,Vegan
parmesan and mozzarella pasta sauce,Vegetarian
parmesan and roasted garlic salad dressing,Vegetarian
parmesan asiago and romano cheese blend,Vegetarian
parmesan cheese,Vegetarian
parmesan croutons,Vegetarian
parmesan flavored breadcrumbs,Vegetarian
parmesan pasta sauce with roasted garlic,Vegetarian
parmesan rind,Vegetarian
parmesan salad dressing,Vegetarian
parmesan wafers,Vegetarian
parmesan-romano cheese mix,Vegetarian
parmigiano,Vegan
parmigiano-reggiano cheese,Vegetarian
parrot bay coconut rum,Vegan
parsley,Vegan
parsley flakes,Vegan
parsley paste,Vegan
parsley root,Vegan
parsley roots,Vegan
parsley sauce,Vegan
parsley sprig,Vegan
parsley sprigs,Vegan
parsley stems,Vegan
parsnip,Vegan
parsnips,Vegan
part-skim cheddar cheese,Vegetarian
part-skim cottage cheese,Vegetarian
part-skim mozzarella cheese,Vegetarian
part-skim mozzarella string cheese,Vegetarian
part-skim ricotta cheese,Vegetarian
partridge breasts,Vegan
partridges,Vegan
pasilla chile,Vegan
pasilla chiles,Vegan
passata,Vegan
passion fruit,Vegan
passion fruit and strawberry salad dressing,Vegan
passion fruit juice,Vegan
passion fruit liqueur,Vegan
passion fruit nectar,Vegan
passion fruit pulp,Vegan
passion fruit puree,Vegan
passion fruit syrup,Vegan
passionfruit syrup,Vegan
passover wine,Vegan
pasta,Vegan
pasta dough,Vegan
pasta elbows,Vegan
pasta noodles,Vegan
pasta roni,Vegan
pasta roni chicken and brococoli with linguine,Non-Vegetarian
pasta sauce,Vegan
pasta sauce with meat,Non-Vegetarian
pasta sauce with mushrooms,Vegan
pasta sauce with mushrooms and olives,Vegan
pasta sauce with vegetables,Vegan
pasta shells,Vegan
pasta-style chunky tomatoes,Vegan
pasteurized liquid egg-whites,Vegetarian
pastina,Vegan
pastis,Vegan
pastitsio,Vegan
pastrami,Vegan
pastry cream,Vegetarian
pastry crust,Vegan
pastry dough,Vegan
pastry flour,Vegan
"pastry for 9"" pie",Vegan
pastry for a double-crust 9-inch pie,Vegan
pastry for double crust 10 inch pie,Vegan
pastry for double-crust deep dish pie,Vegan
pastry for double-crust pie,Vegan
pastry for single-crust pie,Vegan
pastry pride,Vegan
pastry shells,Vegan
pate,Vegan
patis,Vegan
patty shell,Vegan
patty shells,Vegan
pattypan squash,Vegan
paul newman's vinegar and oil dressing,Vegan
pav bhaji masala,Vegan
pawpaw,Vegan
pea pods,Vegan
pea protein powder,Vegan
pea shoots,Vegan
pea tendrils,Vegan
peach,Vegan
peach baby food,Vegan
peach brandy,Vegan
peach butter,Vegetarian
peach chutney,Vegan
peach coffee syrup,Vegan
peach flavored iced tea mix,Vegan
peach flavoring,Vegan
peach gelatin,Non-Vegetarian
peach greek yogurt,Vegetarian
peach halve in juice,Vegan
peach halves in juice,Vegan
peach halves in syrup,Vegan
peach ice cream,Vegetarian
peach jam,Vegan
peach jell-o,Non-Vegetarian
peach jello,Non-Vegetarian
peach jelly,Vegan
peach juice,Vegan
peach liqueur,Vegan
peach nectar,Vegan
peach pie filling,Vegan
peach preserves,Vegan
peach puree,Vegan
peach salsa,Vegan
peach schnapps,Vegan
peach slices,Vegan
peach slices in heavy syrup,Vegan
peach slices in juice,Vegan
peach slices in syrup,Vegan
peach soda,Vegan
peach sorbet,Vegan
peach syrup,Vegan
peach tea bag,Vegan
peach vodka,Vegan
peach wine,Vegan
peach yogurt,Vegetarian
peach-papaya-mango juice,Vegan
peaches,Vegan
peaches in heavy syrup,Vegan
peaches in juice,Vegan
peaches in light syrup,Vegan
peak freen sweet-meal biscuits,Vegan
peameal bacon,Non-Vegetarian
peanut and ginger tofu,Vegan
peanut brittle,Vegan
peanut butter,Vegetarian
peanut butter and milk chocolate chips,Vegetarian
peanut butter captain crunch cereal,Vegetarian
peanut butter chips,Vegetarian
peanut butter cookie,Vegetarian
peanut butter cookie crisp cereal,Vegetarian
peanut butter cookie dough,Vegetarian
peanut butter cookie mix,Vegetarian
peanut butter cookies,Vegetarian
peanut butter cup,Vegetarian
peanut butter cup miniatures,Vegetarian
peanut butter cups,Vegetarian
peanut butter filled pretzels,Vegetarian
peanut butter frosting,Vegetarian
peanut butter kiss,Vegetarian
peanut butter kisses,Vegetarian
peanut butter m&m's,Vegetarian
peanut butter morsels,Vegetarian
peanut butter sandwich cookie,Vegetarian
peanut butter sandwich cookies,Vegetarian
peanut butter sandwich crackers,Vegetarian
peanut butter-filled chocolate sandwich cookies,Vegetarian
peanut oil,Vegan
peanut sauce,Vegan
peanut sauce mix,Vegan
peanuts,Vegan
peapods,Vegan
pear,Vegan
pear baby food,Vegan
pear brandy,Vegan
pear cider,Vegan
pear half,Vegan
pear halves,Vegan
pear halves in natural juice,Vegan
pear halves in syrup,Vegan
pear juice,Vegan
pear liqueur,Vegan
pear nectar,Vegan
pear preserves,Vegan
pear syrup,Vegan
pear vodka,Vegan
pearl barley,Vegan
pearl onions,Vegan
pearl sago,Vegan
pearl tapioca,Vegan
pears,Vegan
pears in heavy syrup,Vegan
pears in light syrup,Vegan
pears with juice,Vegan
peas,Vegan
peas and carrots,Vegan
peas and pearl onions,Vegan
peas corn and carrot mix,Vegan
peasant bread,Vegan
pecan cake frosting,Vegan
pecan chips,Vegan
pecan halves,Vegan
pecan meal,Vegan
pecan nuts,Vegan
pecan pie,Vegan
pecan pieces,Vegan
pecan sandies,Vegan
pecan shortbread cookies,Vegan
pecans,Vegan
pecorino cheese,Vegetarian
pecorino dolce cheese,Vegetarian
pecorino pepato cheese,Vegetarian
pecorino romano cheese,Vegetarian
pecorino siciliano cheese,Vegetarian
pectic enzyme powder,Vegan
pectin,Vegan
peking duck,Non-Vegetarian
penne,Vegan
penne pasta,Vegan
penne rigate,Vegan
peperkoek,Vegan
pepitas,Vegan
peppadew pepper,Vegan
peppadew peppers,Vegan
peppar vodka,Vegan
pepper,Vegan
pepper bacon,Non-Vegetarian
pepper berries,Vegan
pepper jelly,Vegan
pepper leaves,Vegan
pepper rings,Vegan
pepper sauce,Vegan
peppercorn,Vegan
peppercorn blend,Vegan
peppercorn ranch dressing,Vegan
peppercorns,Vegan
pepperidge farm bordeaux cookie crumbs,Vegan
pepperidge farm chessmen cookie,Vegan
pepperidge farm chessmen cookies,Vegan
pepperidge farm cornbread stuffing,Vegan
pepperidge farm dinner rolls,Vegan
pepperidge farm herb dressing,Vegan
pepperidge farm herb stuffing,Vegan
pepperidge farm stuffing,Vegan
peppermint,Vegan
peppermint bark,Vegan
peppermint candies,Vegan
peppermint candy,Vegan
peppermint crisp candy bars,Vegan
peppermint extract,Vegan
peppermint flavoring,Vegan
peppermint ice cream,Vegetarian
peppermint leaf,Vegan
peppermint leaves,Vegan
peppermint milk chocolate,Vegetarian
peppermint oil,Vegan
peppermint oreos,Vegan
peppermint pattie,Vegan
peppermint patties,Vegan
peppermint schnapps,Vegan
peppermint stick candy,Vegan
peppermint syrup,Vegan
peppermint tea,Vegan
peppermint tea bag,Vegan
peppermint tea bags,Vegan
pepperoncini juice,Vegan
pepperoncini pepper,Vegan
pepperoncini pepper juice,Vegan
pepperoncini peppers,Vegan
pepperoni,Non-Vegetarian
pepperoni slice,Non-Vegetarian
pepperoni slices,Non-Vegetarian
pepperoni stick,Non-Vegetarian
pepsi,Vegan
perch,Vegan
perch fillet,Vegan
perch fillets,Vegan
perciatelli,Vegan
perdue short cuts original roasted carved chicken breasts,Non-Vegetarian
perejil,Vegan
peri-peri,Vegan
pernod,Vegan
perruso's spaghetti and meatballs sauce,Vegan
persian cucumbers,Vegan
persimmon,Vegan
persimmon pulp,Vegan
persimmons,Vegan
pesto garlic tortillas,Vegan
pesto sauce,Vegan
pesto sauce mix,Vegan
pet milk,Vegetarian
peteh beans,Vegan
petit beurre biscuits,Vegan
petroleum jelly,Vegan
pheasant,Vegan
pheasant breast,Vegan
pheasants,Vegan
philadelphia chive & onion 1/3 less fat than cream cheese,Vegetarian
philadelphia chive & onion cream cheese spread,Vegetarian
philadelphia cream cheese,Vegetarian
philadelphia italian cheese and herb cooking creme,Vegetarian
philadelphia neufchatel cheese,Vegetarian
philadelphia original cooking creme,Vegan
philadelphia santa fe blend cooking creme,Vegan
phyllo dough,Vegan
phyllo pastry,Vegan
phyllo pastry sheet,Vegan
phyllo pastry sheets,Vegan
piave cheese,Vegetarian
picante salsa,Vegan
picante sauce,Vegan
pickapeppa sauce,Vegan
pickerel,Vegan
pickerel fillets,Vegan
pickle,Vegan
pickle juice,Vegan
pickle masala,Vegan
pickle relish,Vegan
pickle spears,Vegan
pickled artichoke hearts,Vegan
pickled banana pepper rings,Vegan
pickled beet,Vegan
pickled beets,Vegan
pickled cabbage,Vegan
pickled capers,Vegan
pickled cauliflower,Vegan
pickled cucumber,Vegan
pickled cucumbers,Vegan
pickled daikon,Vegan
pickled eggs,Vegetarian
pickled garlic,Vegan
pickled garlic cloves,Vegan
pickled ginger,Vegan
pickled ginger liquid,Vegan
pickled grape leaves,Vegan
pickled green chilies,Vegan
pickled herring,Vegan
pickled hot cherry peppers,Vegan
pickled hot peppers,Vegan
pickled hot red chilies,Vegan
pickled jalapeno chili,Vegan
pickled jalapeno chilies,Vegan
pickled jalapeno pepper,Vegan
pickled jalapeno pepper juice,Vegan
pickled jalapeno peppers,Vegan
pickled mackerel,Vegan
pickled mustard greens,Vegan
pickled okra,Vegan
pickled onion,Vegan
pickled onions,Vegan
pickled pearl onions,Vegan
pickled pepper,Vegan
pickled peppers,Vegan
pickled radishes,Vegan
pickled red cabbage,Vegan
pickled red onions,Vegan
pickled shallots,Vegan
pickled sweet peppers,Vegan
pickled sweet red peppers,Vegan
pickled vegetables,Vegan
pickled whole baby corn,Vegan
pickles,Vegan
pickling cucumber,Vegan
pickling cucumbers,Vegan
pickling lime,Vegan
pickling onions,Vegan
pickling salt,Vegan
pickling spices,Vegan
pickling vinegar,Vegan
pico de gallo,Vegan
pie apple,Vegan
pie apples,Vegan
pie cherries,Vegan
pie crust,Vegan
pie crust mix,Vegan
pie crusts,Vegan
pie dough,Vegan
pie filling,Vegan
pie pastry,Vegan
pie plate,Vegan
pie shell,Vegan
pie shells,Vegan
pierogi,Vegan
pierogies,Vegan
pig,Vegan
pig apron,Vegan
pig head,Vegan
pig liver,Non-Vegetarian
pig stomach,Vegan
pig's feet,Vegan
pig's foot,Vegan
pigeon peas,Vegan
pigeons,Vegan
pignoli nut,Vegan
pignoli nuts,Vegan
pignolis,Vegan
pigs ears,Vegan
pigs tail,Vegan
pigs tails,Vegan
pike,Vegan
pilchards in tomato sauce,Vegan
pillsbury best all purpose flour,Vegan
pillsbury chocolate chip cookie logs,Vegan
pillsbury cinnamon swirl quick bread and coffeecake mix,Vegan
pillsbury cornbread twists,Vegan
pillsbury crescent recipe creations refrigerated flaky dough sheet,Vegan
pillsbury frozen oven baked flaky layers biscuits,Vegan
pillsbury fudge brownie mix,Vegan
pillsbury funfetti cake mix,Vegan
pillsbury golden layers refrigerated flaky original biscuits,Vegan
pillsbury grands refrigerated buttermilk biscuits,Vegetarian
pillsbury grands refrigerated cinnamon rolls,Vegan
pillsbury grands! flaky layers refrigerated biscuits,Vegan
pillsbury grands! refrigerated biscuits,Vegan
pillsbury pecan swirl quick bread and coffeecake mix,Vegan
pillsbury plus devils food cake mix,Vegan
pillsbury plus yellow cake mix,Vegan
pillsbury ready made pie dough,Vegan
pillsbury refrigerated biscuits,Vegan
pillsbury refrigerated breadsticks,Vegan
pillsbury refrigerated butter flake crescent dinner rolls,Vegetarian
pillsbury refrigerated chocolate chip cookie dough,Vegan
pillsbury refrigerated classic pizza crust,Vegan
pillsbury refrigerated crescent dinner rolls,Vegan
pillsbury refrigerated crusty french loaf,Vegan
pillsbury sugar cookie dough,Vegan
pillsbury sugar cookie mix,Vegan
pillsbury yellow cake mix,Vegan
piloncillo,Vegan
piloncillo cone,Vegan
piloncillo cones,Vegan
pilsner beer,Vegan
pimento cheese,Vegetarian
pimento paste,Vegan
pimento pepper,Vegan
pimento strips,Vegan
pimento stuffed olive,Vegan
pimento stuffed olives,Vegan
pimento-stuffed green olives,Vegan
pimenton,Vegan
pimentos,Vegan
pimiento,Vegan
pimiento cheese spread,Vegetarian
pimiento strip,Vegan
pimiento strips,Vegan
pimientos,Vegan
pimm's liqueur,Vegan
pimms,Vegan
pina colada concentrate,Vegan
pina colada nonalcoholic drink mix,Vegan
pina colada sorbet,Vegan
pina colada yogurt,Vegetarian
pine needles,Vegan
pine nuts,Vegan
pineapple,Vegan
pineapple bits,Vegan
pineapple cake mix,Vegan
pineapple chunk,Vegan
pineapple chunks,Vegan
pineapple chunks in heavy syrup,Vegan
pineapple chunks in juice,Vegan
pineapple chunks in light syrup,Vegan
pineapple chunks in syrup,Vegan
pineapple essence,Vegan
pineapple extract,Vegan
pineapple filling,Vegan
pineapple flavoring,Vegan
pineapple gelatin mix,Non-Vegetarian
pineapple ice cream,Vegetarian
pineapple in juice,Vegan
pineapple in syrup,Vegan
pineapple instant pudding,Vegan
pineapple jam,Vegan
pineapple jell-o,Non-Vegetarian
pineapple jelly,Vegan
pineapple juice,Vegan
pineapple juice concentrate,Vegan
pineapple liqueur,Vegan
pineapple orange drink mix,Vegan
pineapple passion sorbet,Vegan
pineapple pie filling,Vegan
pineapple preserves,Vegan
pineapple ring,Vegan
pineapple rings,Vegan
pineapple rum,Vegan
pineapple sage,Vegan
pineapple salsa,Vegan
pineapple schnapps,Vegan
pineapple sherbet,Vegan
pineapple slice,Vegan
pineapple slices,Vegan
pineapple slices in heavy syrup,Vegan
pineapple slices in juice,Vegan
pineapple slices in syrup,Vegan
pineapple soda,Vegan
pineapple sorbet,Vegan
pineapple stick,Vegan
pineapple syrup,Vegan
pineapple tidbits,Vegan
pineapple tidbits in juice,Vegan
pineapple tidbits in syrup,Vegan
pineapple topping,Vegan
pineapple vodka,Vegan
pineapple yogurt,Vegetarian
"pineapple, juice of",Vegan
pineapple-coconut juice,Vegan
pineapple-mango jam,Vegan
pineapple-mango salsa,Vegan
pineapple-orange juice,Vegan
pineapple-orange juice concentrate,Vegan
pineapple-orange marmalade,Vegan
pineapple-orange-banana juice,Vegan
pinhead oats,Vegan
pink beans,Vegan
pink candy melts,Vegan
pink champagne,Vegan
pink food coloring,Vegan
pink grapefruit,Vegan
pink grapefruit juice,Vegan
pink grapefruit slices,Vegan
"pink grapefruit, juice of",Vegan
"pink grapefruits, juice of",Vegan
pink kidney beans,Non-Vegetarian
pink lemonade,Vegan
pink lemonade mix,Vegan
pink peppercorns,Vegan
pink salmon,Non-Vegetarian
pink sugar,Vegan
pink vanilla funfetti frosting,Vegan
pinole nuts,Vegan
pinot grigio wine,Vegan
pinot noir wine,Vegan
pinto bean seasoning,Vegan
pinto beans,Vegan
pinto beans and chili peppers onions and garlic in zesty tomato sauce,Vegan
pinto beans and chipotle peppers in zesty santa fe sauce,Vegan
pinto beans in chili sauce,Vegan
pinto beans with jalapeno peppers,Vegan
pipis,Vegan
pippin apples,Vegan
piquillo pepper,Vegan
piquillo peppers,Vegan
piquin chilies,Vegan
piri-piri,Vegan
pirouette cookies,Vegan
pisco,Vegan
pista,Vegan
pista powder,Vegan
pistachio ice cream,Vegetarian
pistachio nut,Vegan
pistachio nuts,Vegan
pistachio oil,Vegan
pistachio pudding mix,Vegan
pistachios,Vegan
pita bread,Vegan
pita bread round,Vegan
pita bread rounds,Vegan
pita breads,Vegan
pita chips,Vegan
pita pocket,Vegan
pita pocket bread,Vegan
pita pockets,Vegan
pitaya,Vegan
pitted black olives,Vegan
pitted dates,Vegan
pitted prunes,Vegan
pitted ripe olives,Vegan
pizza cheese,Vegetarian
pizza crust,Vegan
pizza crust mix,Vegan
pizza crusts,Vegan
pizza dough,Vegan
pizza dough mix,Vegan
pizza sauce,Vegan
pizza seasoning,Vegan
pizza toppings,Vegan
plaice,Vegan
plaice fillets,Vegan
plain 1% yogurt,Vegetarian
plain 2% yogurt,Vegetarian
plain breadcrumbs,Vegan
plain cornmeal,Vegan
plain croissant,Vegan
plain croissants,Vegan
plain doritos,Vegan
plain fat-free yogurt,Vegetarian
plain firm tofu,Vegan
plain flour,Vegan
plain gelatin,Non-Vegetarian
plain hershey bar,Vegan
plain low-fat yogurt,Vegetarian
plain nonfat yogurt,Vegetarian
plain soymilk,Vegan
plain sweet biscuit crumbs,Vegan
plain sweet biscuits,Vegan
plain tomato juice,Vegan
plain white flour,Vegan
plain yogurt,Vegetarian
plantain,Vegan
plantain chips,Vegan
plantain leaves,Vegan
plantains,Vegan
planter's fancy cashews,Vegan
planters pecans,Vegan
planters sliced almonds,Vegan
plastic cups,Vegan
plastic flowers,Vegan
plastic sandwich bag,Vegan
plastic spoon,Vegan
plastic spoons,Vegan
plastic wrap,Vegan
plum,Vegan
plum baby food,Vegan
plum brandy,Vegan
plum filling,Vegan
plum jam,Vegan
plum jelly,Vegan
plum juice,Vegan
plum preserves,Vegan
plum pudding,Vegan
plum puree,Vegan
plum sauce,Vegan
plum tomato,Vegan
plum tomatoes,Vegan
plum tomatoes in puree,Vegan
plum tomatoes with liquid,Vegan
plum wine,Vegan
plum wine vinegar,Vegan
plums,Vegan
plums in heavy syrup,Vegan
pluots,Vegan
poblano chile,Vegan
poblano chiles,Vegan
poblano pepper,Vegan
poblano peppers,Vegan
poblano soup,Vegan
pocketless pita,Vegan
pocketless pitas,Vegan
poha,Vegan
poi,Vegan
polenta,Vegan
polenta flour,Vegan
polish kielbasa,Non-Vegetarian
polish sausage,Non-Vegetarian
polished rice,Vegan
pollock,Vegan
pollock fillet,Vegan
pollock fillets,Vegan
polly-o natural part skim ricotta cheese,Vegetarian
polska kielbasa,Non-Vegetarian
polyunsaturated margarine,Vegan
polyunsaturated oil,Vegan
pomegranate,Vegan
pomegranate arils,Vegan
pomegranate concentrate,Vegan
pomegranate glaze,Vegan
pomegranate jelly,Vegan
pomegranate juice,Vegan
pomegranate liqueur,Vegan
pomegranate molasses,Vegan
pomegranate paste,Vegan
pomegranate powder,Vegan
pomegranate seeds,Vegan
pomegranate soda,Vegan
pomegranate syrup,Vegan
pomegranate vitamin water,Vegan
pomegranate vodka,Vegan
"pomegranate, seeds of",Vegan
pomegranate-acai juice,Vegan
pomegranate-blueberry juice,Vegan
pomegranate-cranberry juice,Vegan
pomegranates,Vegan
"pomegranates, seeds of",Vegan
pomelo fruit,Vegan
pomeroon cassareep seasoning,Vegan
pomfret fish,Non-Vegetarian
pommeau de normandie,Vegan
pommery mustard,Vegan
ponzu sauce,Vegan
pooper scooper,Vegan
popcorn,Vegan
popcorn chicken,Non-Vegetarian
popcorn shrimp,Non-Vegetarian
popped corn,Vegan
popped popcorn,Vegan
poppy seed,Vegan
poppy seed dressing,Vegan
poppy seed filling,Vegan
poppy seed paste,Vegan
poppy seed rolls,Vegan
poppy seed salad dressing,Vegan
poppy seeds,Vegan
popsicle molds,Vegan
popsicles,Vegan
porcini mushroom,Vegan
porcini mushrooms,Vegan
pork,Non-Vegetarian
pork & beans,Non-Vegetarian
pork and beans,Non-Vegetarian
pork and beans in tomato sauce,Non-Vegetarian
pork and herb sausages,Non-Vegetarian
pork baby back ribs,Non-Vegetarian
pork back ribs,Non-Vegetarian
pork belly,Non-Vegetarian
pork blade steak,Non-Vegetarian
pork blade steaks,Non-Vegetarian
pork blood,Non-Vegetarian
pork bone,Non-Vegetarian
pork bones,Non-Vegetarian
pork bouillon cube,Non-Vegetarian
pork brisket,Non-Vegetarian
pork broth,Non-Vegetarian
pork butt,Non-Vegetarian
pork butt steaks,Non-Vegetarian
pork butterfly steaks,Non-Vegetarian
pork chop,Non-Vegetarian
pork chops,Non-Vegetarian
pork coating mix,Non-Vegetarian
pork crackling,Non-Vegetarian
pork cracklings,Non-Vegetarian
pork crown roast,Non-Vegetarian
pork cube steaks,Non-Vegetarian
pork cutlet,Non-Vegetarian
pork cutlets,Non-Vegetarian
pork escalopes,Non-Vegetarian
pork fat,Non-Vegetarian
pork fatback,Non-Vegetarian
pork fillet,Non-Vegetarian
pork fillets,Non-Vegetarian
pork gravy,Non-Vegetarian
pork gravy mix,Non-Vegetarian
pork heart,Non-Vegetarian
pork hock,Non-Vegetarian
pork hocks,Non-Vegetarian
pork ichiban soup,Non-Vegetarian
pork jowl,Non-Vegetarian
pork knuckle,Non-Vegetarian
pork knuckles,Non-Vegetarian
pork leg steaks,Non-Vegetarian
pork legs,Non-Vegetarian
pork liver,Non-Vegetarian
pork loin,Non-Vegetarian
pork loin chop,Non-Vegetarian
pork loin chops,Non-Vegetarian
pork loin chops with bone,Non-Vegetarian
pork loin roast,Non-Vegetarian
pork loin steaks,Non-Vegetarian
pork medallions,Non-Vegetarian
pork mince,Non-Vegetarian
pork neck,Non-Vegetarian
pork neck bones,Non-Vegetarian
pork necks,Non-Vegetarian
pork pate,Non-Vegetarian
pork rib chops,Non-Vegetarian
pork rib rack,Non-Vegetarian
pork rib racks,Non-Vegetarian
pork rib roast,Non-Vegetarian
pork riblet,Non-Vegetarian
pork riblets,Non-Vegetarian
pork ribs,Non-Vegetarian
pork rind,Non-Vegetarian
pork rinds,Non-Vegetarian
pork roast,Non-Vegetarian
pork roll,Non-Vegetarian
pork sausage,Non-Vegetarian
pork sausage casing,Non-Vegetarian
pork sausage link,Non-Vegetarian
pork sausage links,Non-Vegetarian
pork scallopini,Non-Vegetarian
pork schnitzels,Non-Vegetarian
pork scotch steaks,Non-Vegetarian
pork seasoning,Non-Vegetarian
pork shank,Non-Vegetarian
pork shanks,Non-Vegetarian
pork shoulder,Non-Vegetarian
pork shoulder blade roast,Non-Vegetarian
pork shoulder butt,Non-Vegetarian
pork shoulder chop,Non-Vegetarian
pork shoulder chops,Non-Vegetarian
pork shoulder steaks,Non-Vegetarian
pork side ribs,Non-Vegetarian
pork sirloin chops,Non-Vegetarian
pork sirloin roast,Non-Vegetarian
pork skins,Non-Vegetarian
pork spare rib racks,Non-Vegetarian
pork spareribs,Non-Vegetarian
pork steak,Non-Vegetarian
pork steaks,Non-Vegetarian
pork stew meat,Non-Vegetarian
pork stock,Non-Vegetarian
pork stuffing mix,Non-Vegetarian
pork tenderloin,Non-Vegetarian
pork tenderloin chops,Non-Vegetarian
pork tenderloin steak,Non-Vegetarian
pork tenderloin steaks,Non-Vegetarian
pork tongue,Non-Vegetarian
pork trotter,Non-Vegetarian
pork-flavored ramen noodles,Non-Vegetarian
porridge bread,Vegan
porridge oats,Vegan
port wine,Vegan
port wine cheese,Vegetarian
port wine jelly,Vegan
portabella mushroom,Vegan
portabella mushroom and wine sauce,Vegan
portabella mushroom cap,Vegan
portabella mushroom caps,Vegan
portabella mushroom ravioli,Vegan
portabella mushrooms,Vegan
portabellini mushrooms,Vegan
porter,Vegan
porterhouse steak,Non-Vegetarian
porterhouse steaks,Vegan
portuguese bread,Vegan
portuguese chourico,Vegan
portuguese rolls,Vegan
posole,Vegan
post grape-nuts cereal,Vegan
postum instant drink powder,Vegan
pot barley,Vegan
pot cheese,Vegetarian
pot roast,Vegan
pot stickers,Vegan
potash,Vegan
potassium chloride,Vegan
potato,Vegan
potato & cheese pierogi,Vegetarian
potato & cheese pierogies,Vegetarian
potato and cheddar pierogies,Vegetarian
potato and leek soup,Vegan
potato bread,Vegan
potato buns,Vegan
potato cake,Vegan
potato chips,Vegan
potato crisps,Vegan
potato dinner roll,Vegan
potato dinner rolls,Vegan
potato flakes,Vegan
potato flour,Vegan
potato gnocchi,Vegan
potato hamburger buns,Vegan
potato pancake mix,Vegan
potato peels,Vegan
potato pierogies,Vegan
potato puffs,Vegan
potato salad,Vegan
potato skins,Vegan
potato starch,Vegan
potato sticks,Vegan
potato water,Vegan
potatoes,Vegan
potpourri,Vegan
poultry,Non-Vegetarian
poultry drippings,Non-Vegetarian
poultry seasoning,Non-Vegetarian
poundcake,Vegan
poundcake mix,Vegan
pour & frost chocolate frosting,Vegan
powdered 10x sugar,Vegan
powdered allspice,Vegan
powdered alum,Vegan
powdered basil,Vegan
powdered beets,Vegan
powdered chipotle pepper,Vegan
powdered chocolate milk mix,Vegetarian
powdered chocolate soy protein concentrate,Vegan
powdered clove,Vegan
powdered cloves,Vegan
powdered cocoa mix,Vegan
powdered coffee creamer,Vegan
powdered cream,Vegetarian
powdered cumin,Vegan
powdered drink mix,Vegan
powdered egg substitute,Vegetarian
powdered egg whites,Vegetarian
powdered eggs,Vegetarian
powdered fat free non-dairy coffee creamer,Vegan
powdered french vanilla fat free non-dairy coffee creamer,Vegan
powdered fruit pectin,Vegan
powdered ginger,Vegan
powdered instant coffee,Vegan
powdered jaggery,Vegan
powdered lemon grass,Vegan
powdered milk,Vegetarian
powdered nonfat dry creamer,Vegan
powdered orange breakfast drink mix,Vegan
powdered oregano,Vegan
powdered peanut butter,Vegetarian
powdered rice,Vegan
powdered rice root,Vegan
powdered saffron,Vegan
powdered soy protein concentrate,Vegan
powdered spinach,Vegan
powdered stock,Vegan
powdered sugar,Vegan
powdered sugar icing,Vegan
powdered thyme,Vegan
powdered tomato,Vegan
powdered turmeric,Vegan
powdered vanilla coffee creamer,Vegan
praline,Vegan
praline ice cream,Vegetarian
praline liqueur,Vegan
praline paste,Vegan
praline powder,Vegan
praline sauce,Vegan
praline syrup,Vegan
pralines,Vegan
prawn shells,Vegan
prawns,Vegan
pre-made pie crust sticks,Vegan
pre-rolled puff pastry sheets,Vegan
pre-shredded mozzarella cheese,Vegetarian
precooked shanghai noodles,Vegan
prego extra chunky mushroom & diced tomato spaghetti sauce,Vegan
prego pasta sauce with tomato basil and garlic,Vegan
prego ricotta and parmesan sauce,Vegetarian
prego spaghetti sauce,Vegan
premade puff pastry,Vegan
premium chunk chicken,Non-Vegetarian
premium white baking chocolate,Vegan
prepared brown mustard,Vegan
prepared chocolate pudding,Vegan
prepared cornbread stuffing,Vegan
prepared custard,Vegetarian
prepared fat free sugar-free banana cream pudding,Vegetarian
prepared fat-free chocolate pudding,Vegan
prepared fat-free vanilla pudding,Vegan
prepared garlic in oil,Vegan
prepared gelatin,Non-Vegetarian
prepared graham cracker crust,Vegan
prepared graham cracker crusts,Vegan
prepared horseradish,Vegan
prepared hot mustard,Vegan
prepared icing,Vegan
prepared instant mashed potatoes,Vegan
prepared lemon kool-aid,Vegan
prepared low-fat custard,Vegetarian
prepared low-fat pesto,Vegan
prepared macaroni and cheese,Vegetarian
prepared mayonnaise,Vegetarian
prepared mustard,Vegan
prepared non-creamy horseradish,Vegan
prepared onion dip,Vegan
prepared pizza,Vegan
prepared pizza crust,Vegan
prepared pizza sauce,Vegan
prepared polenta,Vegan
prepared pumpkin,Vegan
prepared stuffing,Vegan
prepared sugar-free brownies,Vegan
prepared sugar-free pudding,Vegan
prepared sugar-free vanilla pudding,Vegan
prepared sweet-and-sour mix,Vegan
prepared tapioca,Vegan
prepared tart shells,Vegan
prepared topping,Vegan
prepared vanilla pudding,Vegan
prepared yellow mustard,Vegan
preserved bean curd,Vegetarian
preserved black bean,Vegan
preserved black beans,Vegan
preserved figs,Vegan
preserved ginger in syrup,Vegan
preserved gingerroot,Vegan
preserved lemon,Vegan
preserved lemons,Vegan
preserved radish,Vegan
preserved turnip,Vegan
preserves,Vegan
presunto,Vegan
pretzel,Vegan
pretzel cracker,Vegan
pretzel crumb,Vegan
pretzel crumbs,Vegan
pretzel goldfish crackers,Vegan
pretzel nuggets,Vegan
pretzel rings,Vegan
pretzel rod,Vegan
pretzel rods,Vegan
pretzel stick,Vegan
pretzel sticks,Vegan
pretzel twists,Vegan
pretzels,Vegan
prickly pear cactus,Vegan
prickly pear juice,Vegan
prickly pear syrup,Vegan
prickly pears,Vegan
prik chi fa daeng,Vegan
primavera pasta sauce,Vegan
prime rib roast,Vegan
primo mixed beans,Vegan
pringles fat free barbecue potato crisps,Vegan
process american cheese,Vegetarian
processed cheese,Vegetarian
processed cheese food,Vegetarian
processed cheese spread,Vegetarian
processed cheese with garlic,Vegetarian
processed cheese with jalapeno peppers,Vegetarian
processed swiss cheese,Vegetarian
progresso chicken broth,Non-Vegetarian
progresso italian style panko crispy bread crumbs,Vegan
progresso italian-style fine bread crumbs,Vegan
progresso plain bread crumbs,Vegan
progresso plain panko crispy bread crumbs,Vegan
progresso recipe starters creamy three cheese cooking sauce,Vegetarian
progresso recipe starters fire roasted tomato cooking sauce,Vegan
prosciutto,Non-Vegetarian
prosciutto di parma,Non-Vegetarian
prosciutto ham,Non-Vegetarian
prosciutto rind,Non-Vegetarian
prosecco,Vegan
protein powder,Vegan
protein shake mix,Vegan
provel cheese,Vegetarian
provolone cheese,Vegetarian
provolone cheese cubes,Vegetarian
prune,Vegan
prune baby food,Vegan
prune butter,Vegetarian
prune filling,Vegan
prune jam,Vegan
prune juice,Vegan
prune puree,Vegan
prunes,Vegan
psyllium,Vegan
psyllium husks,Vegan
pub mustard,Vegan
pudding,Vegan
pudding mix,Vegan
pudding rice,Vegan
puff pastry,Vegan
puff pastry sheet,Vegan
puff pastry sheets,Vegan
puff pastry shells,Vegan
puffed brown rice cereal,Vegan
puffed corn cereal,Vegan
puffed kashi,Vegan
puffed quinoa,Vegan
puffed rice cereal,Vegan
puffed wheat cereal,Vegan
pumpernickel bread,Vegan
pumpernickel cocktail bread,Vegan
pumpernickel flour,Vegan
pumpernickel rolls,Vegan
pumpernickel rounds,Vegan
pumpernickel rye bread,Vegan
pumpkin,Vegan
pumpkin butter,Vegetarian
pumpkin flesh,Vegan
pumpkin muffins,Vegan
pumpkin mush,Vegan
pumpkin pie,Vegan
pumpkin pie filling,Vegan
pumpkin pie mix,Vegan
pumpkin pie spice,Vegan
pumpkin puree,Vegan
pumpkin quick bread mix,Vegan
pumpkin seed oil,Vegan
pumpkin seeds,Vegan
pumpkin soup,Vegan
pumpkin spice,Vegan
pumpkin spice syrup,Vegan
pumpkin-filled tortellini,Vegan
pure chile powder,Vegan
pure maple syrup,Vegan
pure olive oil,Vegan
pure vanilla extract,Vegan
pure wesson canola oil,Vegan
puree,Vegan
puree sauce,Vegan
pureed chipotle chile,Vegan
pureed chipotle chiles,Vegan
puri,Vegan
purple basil,Vegan
purple bell pepper,Vegan
purple cabbage,Vegan
purple cauliflower,Vegan
purple food coloring paste,Vegan
purple grape juice concentrate,Vegan
purple hull peas,Vegan
purple onion,Vegan
purple onions,Vegan
purple plums,Vegan
purple potatoes,Vegan
purple seedless grapes,Vegan
purple sweet potato,Vegan
purple tomato,Vegan
purple turnip,Vegan
purple turnips,Vegan
purslane,Vegan
puttanesca sauce,Vegan
qatayef,Vegan
quahogs,Vegan
quail,Non-Vegetarian
quail eggs,Non-Vegetarian
quaker maple and brown suger high-fiber oatmeal,Vegan
quaker oatmeal squares cereal,Vegan
quaker oats,Vegan
quaker oh's cereal,Vegan
quaker quick barley,Vegan
quark,Vegan
quatre-epices,Vegan
queso anejo,Vegan
queso blanco,Vegan
queso duro,Vegan
queso fresco,Vegan
queso ranchero,Vegan
queso sauce,Vegan
quick cooking yellow grits,Vegan
quick curing salt,Vegan
quick oatmeal,Vegan
quick oats,Vegan
quick-cooking barley,Vegan
quick-cooking brown rice,Vegan
quick-cooking couscous,Vegan
quick-cooking grits,Vegan
quick-cooking long grain and wild rice mix,Vegan
quick-cooking oatmeal,Vegan
quick-cooking oats,Vegan
quick-cooking polenta,Vegan
quick-cooking rice,Vegan
quick-cooking rolled oats,Vegan
quick-cooking tapioca,Vegan
quick-cooking white rice,Vegan
quick-cooking wild rice,Vegan
quick-rising yeast,Vegan
quicker quaker oats,Vegan
quik chocolate milk mix,Vegetarian
quince paste,Vegan
quince preserves,Vegan
quinces,Vegan
quinoa,Vegan
quinoa flakes,Vegan
quinoa flour,Vegan
quinoa pasta,Vegan
quorn mince,Vegan
quorn pieces,Vegan
quorn tenders,Vegan
rabbit,Non-Vegetarian
rabbit joints,Non-Vegetarian
rabbits,Vegan
raccoon,Vegan
rack of baby-back pork ribs,Non-Vegetarian
rack of lamb,Non-Vegetarian
rack of ribs,Vegan
racks of baby-back pork ribs,Non-Vegetarian
racks of lamb,Non-Vegetarian
racks venison side ribs,Non-Vegetarian
raclette cheese,Vegetarian
radiatore,Vegan
radicchio,Vegan
radish,Vegan
radish sprouts,Vegan
radish tops,Vegan
radishes,Vegan
rag pasta sauce,Vegan
ragi flour,Vegan
ragu cheese sauce,Vegetarian
ragu chunky tomato onion & garlic sauce,Vegan
ragu hearty robusto pasta sauce,Vegan
ragu parmesan and romano spaghetti sauce,Vegetarian
ragu pizza sauce,Vegan
ragu sundried tomato and sweet basil pasta sauce,Vegan
ragu tomato sauce,Vegan
rainbow chocolate chips,Vegan
rainbow sherbet,Vegan
rainbow trout,Vegan
rainbow trout fillets,Vegan
raisin bran cereal,Vegan
raisin bread,Vegan
raisin granola,Vegan
raisin nut bread,Vegan
raisins,Vegan
raita,Vegan
rajma,Vegan
rambutans,Vegan
ramen mushroom-flavor noodles,Vegan
ramen noodle soup base,Vegan
ramen noodles,Vegan
ramps,Vegan
ranch dip,Vegan
ranch dip mix,Vegan
ranch dressing,Vegan
ranch dressing mix,Vegan
ranch fiesta dip mix,Vegan
ranch salad dressing,Vegan
ranch style bean,Vegan
ranch style beans,Vegan
ranch style black beans,Vegan
ranch style black-eyed peas,Vegan
ranch style black-eyed peas with jalapenos,Vegan
ranch-style beans with jalapenos,Vegan
ranch-style black beans,Vegan
ranch-style pinto beans,Vegan
ranchera sauce,Vegan
rapadura,Vegan
rapeseed oil,Vegan
rapini,Vegan
ras el hanout spice blend,Vegan
ras el hanout spice mix,Vegan
raspberries,Vegan
raspberries in juice,Vegan
raspberry balsamic vinegar,Vegan
raspberry beer,Vegan
raspberry chipotle jam,Vegan
raspberry chipotle sauce,Vegan
raspberry chocolate chips,Vegan
raspberry cordial,Vegan
raspberry drink concentrate,Vegan
raspberry drink mix,Vegan
raspberry extract,Vegan
raspberry flavored syrup,Vegan
raspberry gelatin powder,Non-Vegetarian
raspberry hot cocoa mix,Vegan
raspberry ice cream,Vegetarian
raspberry jam,Vegan
raspberry jam seedless,Vegan
raspberry jell-o gelatin,Non-Vegetarian
raspberry jelly,Vegan
raspberry jelly crystals,Vegan
raspberry juice,Vegan
raspberry kool-aid,Vegan
raspberry lemonade,Vegan
raspberry liqueur,Vegan
raspberry low-fat yogurt,Vegetarian
raspberry muffin mix,Vegan
raspberry pastry filling,Vegan
raspberry pie filling,Vegan
raspberry preserves,Vegan
raspberry puree,Vegan
raspberry red wine vinegar,Vegan
raspberry salsa,Vegan
raspberry sauce,Vegan
raspberry schnapps,Vegan
raspberry seltzer water,Vegan
raspberry sherbet,Vegan
raspberry sorbet,Vegan
raspberry spreadable fruit,Vegan
raspberry vinaigrette dressing,Vegan
raspberry vinegar,Vegan
raspberry vodka,Vegan
raspberry white wine vinegar,Vegan
raspberry yogurt,Vegetarian
raspberry zinger tea bags,Vegan
raspberry-cranberry frozen juice concentrate,Vegan
raspberry-cranberry preserves,Vegan
raspberry-filled glazed doughnuts,Vegan
raspberry-flavored olive oil,Vegan
raspberry-flavored sparkling water,Vegan
raspberry-flavored white wine vinegar,Vegan
raspberry-flavored wine cooler,Vegan
raspberry-flavored wine coolers,Vegan
raspberry-lime juice,Vegan
raspberry-vanilla swirl frozen yogurt,Vegetarian
rattlesnake,Vegan
rau ram,Vegan
rava,Vegan
ravioli,Vegan
raw beet,Vegan
raw beets,Vegan
raw black sesame tahini,Vegan
raw brown sugar,Vegan
raw cacao powder,Vegan
raw carrot,Vegan
raw carrots,Vegan
raw cashew nuts,Vegan
raw cashews,Vegan
raw cauliflower,Vegan
raw chicken,Non-Vegetarian
raw cranberries,Vegan
raw egg yolks,Vegetarian
raw green cabbage,Vegan
raw honey,Vegetarian
raw jasmine rice,Vegan
raw mange-tout,Vegan
raw milk,Vegetarian
raw mushrooms,Vegan
raw peanuts,Vegan
raw potatoes,Vegan
raw red bell pepper,Vegan
raw red cabbage,Vegan
raw rice,Vegan
raw shrimp,Non-Vegetarian
raw shrimp in shells,Non-Vegetarian
raw small shrimp,Non-Vegetarian
raw spinach leaves,Vegan
raw sugar,Vegan
raw sweet potato,Vegan
raw wild rice,Vegan
raw zucchini,Vegan
razor clams,Vegan
ready shortbread crust,Vegan
ready-made bruschetta,Vegan
ready-made pie crust,Vegan
ready-made pie crusts,Vegan
ready-to-bake refrigerated buttermilk flaky biscuits,Vegetarian
ready-to-serve beef broth,Non-Vegetarian
ready-to-serve chicken broth,Non-Vegetarian
ready-to-serve custard,Vegetarian
ready-to-serve tomato basil soup,Vegan
ready-to-use baked pizza crust,Vegan
ready-to-use square crepes,Vegan
real butter,Vegetarian
real maple syrup,Vegan
real vanilla,Vegan
real vanilla extract,Vegan
realemon juice,Vegan
realime juice,Vegan
reames frozen noodles,Vegan
reblochon cheese,Vegetarian
recaito,Vegan
recao,Vegan
recipe amaretto frosting,Vegan
recipe basic meatballs,Vegan
recipe cream filling,Vegetarian
recipe of basic meatballs,Vegan
recipe pizza dough,Vegan
reconstituted dry milk,Vegetarian
red aji limo chile,Vegan
red apple,Vegan
red apples,Vegan
red azuki bean paste,Vegan
red baking apple,Vegan
red baking apples,Vegan
red banana,Vegan
red bananas,Vegan
red bean paste,Vegan
red beans,Vegan
red beans and rice mix,Vegan
red beet,Vegan
red beets,Vegan
red bell pepper,Vegan
red bell pepper flakes,Vegan
red bell peppers,Vegan
red bird's eye chili,Vegan
red bird's eye chilies,Vegan
red bliss potatoes,Vegan
red bull energy drink,Vegan
red burgundy wine,Vegan
red cabbage,Vegan
red cabbage head,Vegan
red candy melts,Vegan
red capsicum,Vegan
red capsicums,Vegan
red caviar,Vegan
red cayenne pepper,Vegan
red cherries,Vegan
red chicory,Vegan
red chile,Vegan
red chile honey,Vegetarian
red chili oil,Vegan
red chili paste,Vegan
red chili pepper,Vegan
red chili pepper flakes,Vegan
red chili peppers,Vegan
red chili powder,Vegan
red chili sauce,Vegan
red chili seeds,Vegan
red chilies,Vegan
red chilli padi,Vegan
red cinnamon candies,Vegan
red clam sauce,Non-Vegetarian
red clover blossoms,Vegan
red currant jam,Vegan
red currant jelly,Vegan
red currant preserves,Vegan
red currants,Vegan
red curry paste,Vegan
red dates,Vegan
red decorating gel,Vegan
red decorating icing,Vegan
red delicious apple,Vegan
red delicious apples,Vegan
red devil hot sauce,Vegan
red enchilada sauce,Vegan
red fish,Non-Vegetarian
red fish fillets,Non-Vegetarian
red food coloring,Vegan
red food coloring paste,Vegan
red fresno chile,Vegan
red fresno chiles,Vegan
red fruit punch,Vegan
red fruit roll-ups,Vegan
red gatorade,Vegan
red gelatin,Non-Vegetarian
red glazed cherries,Vegan
red gram,Vegan
red grape vinegar,Vegan
red grapefruit,Vegan
red grapefruits,Vegan
red grapes,Vegan
red horseradish,Vegan
red hot pepper,Vegan
red hot pepper sauce,Vegan
red hot peppers,Vegan
red hot sauce,Vegan
red irish ale,Vegan
red jalapeno chile,Vegan
red jalapeno chiles,Vegan
red jalapeno jelly,Vegan
red jell-o,Non-Vegetarian
red kidney beans,Non-Vegetarian
red leaf lettuce,Vegan
red leicester cheese,Vegetarian
red lentil,Vegan
red lentils,Vegan
red licorice,Vegan
red licorice strings,Vegan
red maraschino cherries,Vegan
red maraschino cherry,Vegan
red miso,Vegan
red mullet,Vegan
red onion,Vegan
red onion ring,Vegan
red onion rings,Vegan
red onion strip,Vegan
red onion strips,Vegan
red onions,Vegan
red paprika,Vegan
red pasta sauce,Vegan
red pear tomatoes,Vegan
red pearl onion,Vegan
red pearl onions,Vegan
red pears,Vegan
red pepper,Vegan
red pepper flakes,Vegan
red pepper jelly,Vegan
red pepper olive oil,Vegan
red pepper paste,Vegan
red pepper pod,Vegan
red pepper powder,Vegan
red pepper rings,Vegan
red pepper rotini pasta,Vegan
red pepper sauce,Vegan
red pepper seasoning,Vegan
red pepper vinaigrette,Vegan
red peppercorns,Vegan
red peppers,Vegan
red pesto sauce,Vegan
red plum,Vegan
red plums,Vegan
red potatoes,Vegan
red pumpkins,Vegan
red radish,Vegan
red radishes,Vegan
red raisins,Vegan
red raspberries,Vegan
red raspberry preserves,Vegan
red rice,Vegan
red ripe tomato,Vegan
red ripe tomatoes,Vegan
red river hot cereal,Vegan
red romaine lettuce,Vegan
red salmon,Non-Vegetarian
red sea bass,Vegan
red seedless grapes,Vegan
red serrano chilie,Vegan
red shallot,Vegan
red shallots,Vegan
red skin white potato,Vegan
red skin white potatoes,Vegan
red snapper,Vegan
red snapper fillet,Vegan
red snapper fillets,Vegan
red snapper steaks,Vegan
red sockeye,Vegan
red spanish onion,Vegan
red spanish onions,Vegan
red star active dry yeast,Vegan
red star nutritional yeast,Vegan
red stripe beer,Vegan
red sugar crystals,Vegan
red sweet bell pepper,Vegan
red sweet bell peppers,Vegan
red sweet pepper,Vegan
red sweet peppers,Vegan
red sweet potatoes,Vegan
red swiss chard,Vegetarian
red table wine,Vegan
red thai chile,Vegan
red tree chilies,Vegan
red velvet cake mix,Vegan
red wine,Vegan
red wine and vinegar salad dressing,Vegan
red wine vinaigrette,Vegan
red wine vinegar,Vegan
red wine with rosemary and garlic sauce mix,Vegan
red zinfandel wine,Vegan
red zinger tea bags,Vegan
red-hot candies,Vegan
red-leaf lettuce,Vegan
reddi-wip topping,Vegan
redfish fillet,Vegan
redfish fillets,Vegan
reduced calorie cream cheese,Vegetarian
reduced cream,Vegetarian
reduced fat graham cracker crust,Vegan
reduced fat margarine,Vegan
reduced fat raspberry cream cheese,Vegetarian
reduced fat reduced sodium condensed tomato soup,Vegan
reduced fat romano cheese,Vegetarian
reduced sodium black beans,Vegan
reduced sodium ketchup,Vegan
reduced sodium soy sauce,Vegan
reduced sugar devils food cake mix,Vegan
reduced sugar instant apple and cinnamon oatmeal,Vegan
reduced-calorie apricot spread,Vegan
reduced-calorie butter,Vegetarian
reduced-calorie chili sauce,Vegan
reduced-calorie condensed mushroom soup,Vegan
reduced-calorie cranberry juice cocktail,Vegan
reduced-calorie cucumber salad dressing,Vegan
reduced-calorie hamburger buns,Vegan
reduced-calorie hot dog buns,Vegan
reduced-calorie italian dressing,Vegan
reduced-calorie maple syrup,Vegan
reduced-calorie margarine,Vegan
reduced-calorie mayonnaise,Vegetarian
reduced-calorie orange marmalade,Vegan
reduced-calorie peanut butter,Vegetarian
reduced-calorie ranch dressing,Vegan
reduced-calorie russian salad dressing,Vegan
reduced-calorie stick margarine,Vegan
reduced-calorie strawberry jam,Vegan
reduced-calorie tomato sauce,Vegan
reduced-calorie vanilla wafer crumbs,Vegan
reduced-calorie whipped topping,Vegan
reduced-calorie whole wheat bread,Vegan
reduced-fat 9-inch graham cracker crust,Vegan
reduced-fat alfredo sauce,Vegan
reduced-fat american cheese,Vegetarian
reduced-fat bacon,Non-Vegetarian
reduced-fat baking mix,Vegan
reduced-fat beef broth,Non-Vegetarian
reduced-fat beef hot dog,Non-Vegetarian
reduced-fat beef hot dogs,Non-Vegetarian
reduced-fat blackberry yogurt,Vegetarian
reduced-fat butter,Vegetarian
reduced-fat butter-flavored cracker,Vegetarian
reduced-fat butter-flavored cracker crumbs,Vegetarian
reduced-fat buttermilk,Vegetarian
reduced-fat caesar salad dressing,Vegan
reduced-fat catalina dressing,Vegan
reduced-fat cheddar cheese,Vegetarian
reduced-fat cheese,Vegetarian
reduced-fat cheese crackers,Vegetarian
reduced-fat chicken broth,Non-Vegetarian
reduced-fat coconut milk,Vegan
reduced-fat colby-monterey jack cheese,Vegetarian
reduced-fat coleslaw dressing,Vegan
reduced-fat crackers,Vegan
reduced-fat cream cheese,Vegetarian
reduced-fat cream of broccoli soup,Vegetarian
reduced-fat cream of celery soup,Vegetarian
reduced-fat cream of chicken soup,Non-Vegetarian
reduced-fat cream of mushroom soup,Vegetarian
reduced-fat cream of potato soup,Vegetarian
reduced-fat creamy peanut butter,Vegetarian
reduced-fat creme-filled chocolate sandwich cookies,Vegan
reduced-fat crescent rolls,Vegan
reduced-fat crunchy peanut butter,Vegetarian
reduced-fat evaporated milk,Vegetarian
reduced-fat extra sharp cheddar cheese,Vegetarian
reduced-fat feta cheese,Vegetarian
reduced-fat feta cheese with dried basil and tomato,Vegetarian
reduced-fat firm tofu,Vegan
reduced-fat goat cheese,Vegan
reduced-fat graham cracker crumbs,Vegan
reduced-fat granola with raisins,Vegan
reduced-fat half-and-half,Vegetarian
reduced-fat ham,Non-Vegetarian
reduced-fat hamburger buns with sesame seeds,Vegan
reduced-fat honey graham crackers,Vegetarian
reduced-fat honey yogurt,Vegetarian
reduced-fat hot dogs,Vegan
reduced-fat italian cheese blend,Vegetarian
reduced-fat italian salad dressing,Vegan
reduced-fat italian sausage,Non-Vegetarian
reduced-fat jarlsberg cheese,Vegetarian
reduced-fat kielbasa,Non-Vegetarian
reduced-fat mayonnaise,Vegetarian
reduced-fat mexican cheese blend,Vegetarian
reduced-fat mild cheddar cheese,Vegetarian
reduced-fat milk,Vegetarian
reduced-fat monterey jack and cheddar cheese blend,Vegetarian
reduced-fat monterey jack cheese,Vegetarian
reduced-fat mozzarella cheese,Vegetarian
reduced-fat neufchatel cheese,Vegetarian
reduced-fat oreo cookies,Vegan
reduced-fat parmesan cheese,Vegetarian
reduced-fat peanut butter,Vegetarian
reduced-fat pie crusts,Vegan
reduced-fat pork sausage,Non-Vegetarian
reduced-fat potato chips,Vegan
reduced-fat pound cake,Vegan
reduced-fat provolone cheese,Vegetarian
reduced-fat ranch dressing,Vegan
reduced-fat raspberry vinaigrette,Vegan
reduced-fat red wine vinaigrette,Vegan
reduced-fat reduced-sodium condensed cream of broccoli soup,Vegetarian
reduced-fat reduced-sodium condensed cream of chicken soup,Non-Vegetarian
reduced-fat reduced-sodium condensed cream of mushroom soup,Vegetarian
reduced-fat refried beans with green chilies,Vegan
reduced-fat ricotta cheese,Vegetarian
reduced-fat sausage,Non-Vegetarian
reduced-fat sharp cheddar cheese,Vegetarian
reduced-fat smoked turkey breast,Non-Vegetarian
reduced-fat smoked turkey kielbasa,Non-Vegetarian
reduced-fat soft tofu,Vegan
reduced-fat sour cream,Vegetarian
reduced-fat spaghetti sauce,Vegan
reduced-fat sweetened condensed milk,Vegetarian
reduced-fat swiss cheese,Vegetarian
reduced-fat tasty cheese,Vegetarian
reduced-fat thousand island dressing,Vegan
reduced-fat tortillas,Vegan
reduced-fat triscuit,Vegan
reduced-fat unsweetened coconut milk,Vegan
reduced-fat vanilla frozen yogurt,Vegetarian
reduced-fat vanilla ice cream,Vegetarian
reduced-fat vanilla wafers,Vegan
reduced-fat vanilla yogurt,Vegetarian
reduced-fat wheat thins crackers,Vegan
reduced-fat whipped topping,Vegan
reduced-fat white bread,Vegan
reduced-fat white cake mix,Vegan
reduced-fat whole-wheat waffle,Vegan
reduced-fat yellow cake mix,Vegan
reduced-sodium asparagus spears,Vegan
reduced-sodium bacon,Non-Vegetarian
reduced-sodium beef broth,Non-Vegetarian
reduced-sodium beef stock,Non-Vegetarian
reduced-sodium brown gravy mix,Vegan
reduced-sodium chicken broth,Non-Vegetarian
reduced-sodium chicken flavor stuffing mix,Non-Vegetarian
reduced-sodium chicken noodle soup mix,Non-Vegetarian
reduced-sodium cream of chicken soup,Non-Vegetarian
reduced-sodium cream of mushroom soup,Vegetarian
reduced-sodium diced tomatoes,Vegan
reduced-sodium fat-free beef broth,Non-Vegetarian
reduced-sodium fat-free chicken broth,Non-Vegetarian
reduced-sodium ham,Non-Vegetarian
reduced-sodium hot dogs,Vegan
reduced-sodium marinara sauce,Vegan
reduced-sodium navy beans,Vegan
reduced-sodium soy sauce,Vegan
reduced-sodium soya sauce,Vegan
reduced-sodium stewed tomatoes,Vegan
reduced-sodium taco seasoning mix,Vegan
reduced-sodium tamari soy sauce,Vegan
reduced-sodium tomato juice,Vegan
reduced-sodium tomato paste,Vegan
reduced-sodium tomato sauce,Vegan
reduced-sodium turkey broth,Non-Vegetarian
reduced-sodium vegetable broth,Vegan
reduced-sodium vegetable juice cocktail,Vegan
reduced-sodium vegetable stock,Vegan
reduced-sodium worcestershire sauce,Non-Vegetarian
reduced-sugar chocolate cake mix,Vegan
reduced-sugar orange marmalade,Vegan
reduced-sugar white cake mix,Vegan
reduced-sugar yellow cake mix,Vegan
reese's baking pieces,Vegan
reese's peanut butter cups,Vegetarian
reese's pieces,Vegan
reese's puffs cereal,Vegan
refined flour,Vegan
refined oil,Vegan
refined sugar,Vegan
refried beans,Vegan
refried beans with green chilies,Vegan
refried black beans,Vegan
refrigerated 3-cheese tortellini,Vegetarian
refrigerated biscuit,Vegan
refrigerated biscuits,Vegan
refrigerated bread dough,Vegan
refrigerated breadstick dough,Vegan
refrigerated brownie bar dough,Vegan
refrigerated butterflake rolls,Vegan
refrigerated buttermilk biscuit,Vegetarian
refrigerated buttermilk biscuits,Vegetarian
refrigerated cheese tortellini,Vegetarian
refrigerated chocolate chip cookie dough,Vegan
refrigerated chocolate cookie dough,Vegan
refrigerated cooked beef roast with au jus sauce,Non-Vegetarian
refrigerated corn biscuits,Vegan
refrigerated cornbread twists dough,Vegan
refrigerated crescent dinner roll,Vegan
refrigerated crescent dinner rolls,Vegan
refrigerated dinner rolls,Vegan
refrigerated garlic breadsticks,Vegan
refrigerated orange sweet roll dough,Vegan
refrigerated parmesan breadsticks,Vegetarian
refrigerated pie crust,Vegan
refrigerated pie crusts,Vegan
refrigerated pie dough,Vegan
refrigerated reduced-fat buttermilk biscuits,Vegetarian
refrigerated reduced-fat crescent roll,Vegan
refrigerated reduced-fat crescent rolls,Vegan
refrigerated sugar cookie dough,Vegan
refrigerated taco sauce with seasoned shredded chicken,Non-Vegetarian
refrigerated white chocolate chip cookie dough,Vegan
refrigerated white chocolate chip macadamia nut cookie dough,Vegan
refrigerated whole wheat biscuit dough,Vegan
regular grind coffee,Vegan
regular hamburger,Vegan
regular margarine,Vegan
regular-strength chicken broth,Non-Vegetarian
relish,Vegan
relish sandwich spread,Vegan
remoulade sauce,Vegan
rennet,Vegan
rennet tablet,Vegan
rennin tablets,Vegan
requeson cheese,Vegetarian
reserved juices,Vegan
reynolds wrap foil,Vegan
rhine wine,Vegan
rhodes anytime cinnamon rolls,Vegan
rhodes frozen rolls,Vegan
rhubarb,Vegan
rhubarb jam,Vegan
rib,Vegan
rib chops,Vegan
rib eye,Vegan
rib eye steak,Non-Vegetarian
rib eye steaks,Vegan
rib roast,Vegan
rib veal chops,Non-Vegetarian
ribbon,Vegan
ribs,Vegan
rice,Vegan
rice and sauce mix,Vegan
rice balls,Vegan
rice bran,Vegan
rice bran oil,Vegan
rice bran powder,Vegan
rice bubbles,Vegan
rice cake,Vegan
rice cakes,Vegan
rice chex,Vegan
rice crackers,Vegan
rice crumbs,Vegan
rice dream milk,Vegan
rice dressing,Vegan
rice flour,Vegan
rice krispies,Vegan
rice krispies treats,Vegan
rice milk,Vegan
rice noodles,Vegan
rice paddy herb,Vegan
rice paper,Vegan
rice paper sheet,Vegan
rice paper sheets,Vegan
rice pilaf mix,Vegan
rice powder,Vegan
rice starch,Vegan
rice sticks,Vegan
rice syrup,Vegan
rice vermicelli,Vegan
rice vinegar,Vegan
rice wine,Vegan
rice wine vinegar,Vegan
rice-a-roni,Vegan
rice-a-roni broccoli au gratin,Vegan
rice-a-roni third-less salt wild rice,Vegan
rich chicken broth,Non-Vegetarian
rich turkey stock,Non-Vegetarian
ricotta cheese,Vegetarian
ricotta salata,Vegetarian
riesling wine,Vegan
rigatoni pasta,Vegan
rindless bacon,Non-Vegetarian
rindless smoked streaky bacon,Non-Vegetarian
ring bologna,Non-Vegetarian
rioja wine,Vegan
ripe olives,Vegan
risoni,Vegan
risotto rice,Vegan
ritz bits mini cheese crackers,Vegetarian
ritz bits mini peanut butter crackers,Vegetarian
ritz bits miniature crackers,Vegan
ritz cracker,Vegan
ritz cracker crumbs,Vegan
ritz crackers,Vegan
ritz honey butter crackers,Vegetarian
ro*tel original diced tomatoes & green chilies,Vegan
ro*tel original tomato & green chili sauce,Vegan
ro-tel diced tomatoes with peppers,Vegan
ro-tel green chilies,Vegan
ro-tel mexican festival tomatoes,Vegan
ro-tel tomatoes,Vegan
ro-tel tomatoes and onions,Vegan
roast,Vegan
roast beef,Non-Vegetarian
roast beef hash,Non-Vegetarian
roast beef in gravy,Non-Vegetarian
roast chicken seasoning,Non-Vegetarian
roast garlic vinaigrette dressing,Vegan
roast pork,Non-Vegetarian
roast turkey meat,Non-Vegetarian
roasted almonds,Vegan
roasted bell pepper hummus,Vegan
roasted cashew nuts,Vegan
roasted cashews,Vegan
roasted chestnuts,Vegan
roasted chicken breast,Non-Vegetarian
roasted chicken meat,Non-Vegetarian
roasted cumin,Vegan
roasted cumin seeds,Vegan
roasted deli chicken,Non-Vegetarian
roasted eggplant packed in oil,Vegan
roasted garlic,Vegan
roasted garlic alfredo sauce,Vegan
roasted garlic and herb pasta sauce,Vegan
roasted garlic and olive oil couscous,Vegan
roasted garlic and red pepper spice mix,Vegan
roasted garlic and sweet onion jam,Vegan
roasted garlic clove,Vegan
roasted garlic cloves,Vegan
roasted garlic cream cheese,Vegetarian
roasted garlic cream sauce,Vegetarian
roasted garlic mushroom soup,Vegan
roasted garlic salad dressing,Vegan
roasted garlic teriyaki sauce,Vegan
roasted garlic triscuits,Vegan
roasted green chilies,Vegan
roasted jalapeno peppers,Vegan
roasted peanuts,Vegan
roasted pecan,Vegan
roasted pecans,Vegan
roasted pepper,Vegan
roasted peppers,Vegan
roasted pistachios,Vegan
roasted potatoes,Vegan
roasted red and yellow peppers,Vegan
roasted red pepper,Vegan
roasted red pepper alfredo sauce,Vegan
roasted red pepper and eggplant spread,Vegan
roasted red pepper cream cheese,Vegetarian
roasted red pepper pesto,Vegan
roasted red peppers,Vegan
roasted red peppers packed in oil,Vegan
roasted salted pistachio nuts,Vegan
roasted sesame seeds,Vegan
roasted shallot smear,Vegan
roasted sichuan peppercorn,Vegan
roasted smoked skinless turkey,Non-Vegetarian
roasted soybeans,Vegan
roasted sunflower seeds,Vegan
roasted sweet peppers,Vegan
roasted sweet red pepper,Vegan
roasted sweet red peppers,Vegan
roasted tomato and garlic pasta sauce,Vegan
roasted tomato salsa,Vegan
roasted turkey,Non-Vegetarian
roasted unsalted peanuts,Vegan
roasted walnut,Vegan
roasted walnuts,Vegan
roasted wattleseed,Vegan
roasting bag,Vegan
roasting chicken,Non-Vegetarian
roasting chickens,Vegan
robin hood all-purpose flour,Vegan
robin hood nutri flour blend,Vegan
robin hood oats,Vegan
robiola cheese,Vegetarian
rock cornish game hen,Non-Vegetarian
rock cornish game hens,Non-Vegetarian
rock cornish hens,Vegan
rock lobster tail,Non-Vegetarian
rock melon,Vegan
rock melons,Vegan
rock salt,Vegan
rock shrimp,Non-Vegetarian
rock sugar,Vegan
rocket,Vegan
rockfish,Vegan
rockfish fillets,Vegan
roll,Vegan
roll of pork sausage,Non-Vegetarian
rolled anchovies over capers,Non-Vegetarian
rolled barley,Vegan
rolled oatmeal,Vegan
rolled oats,Vegan
rolled roast beef,Non-Vegetarian
rollo candies,Vegan
rolls,Vegan
rolo chocolates,Vegan
roma,Vegan
roma tomato,Vegan
roma tomatoes,Vegan
romaine leaf,Vegan
romaine leaves,Vegan
romaine lettuce,Vegan
romaine lettuce hearts,Vegan
romaine lettuce leaf,Vegan
romaine lettuce leaves,Vegan
roman beans,Vegan
romanesco,Vegan
romano beans,Vegan
romano cheese,Vegetarian
rome apple,Vegan
rome apples,Vegan
rondele cheese,Vegetarian
rooibos tea bag,Vegan
rooibos tea bags,Vegan
root beer,Vegan
root beer concentrate,Vegan
root beer extract,Vegan
root beer schnapps,Vegan
root vegetables,Vegan
rootbeer float ice cream,Vegan
roqaq,Vegan
roquefort blue cheese,Vegetarian
roquefort cheese,Vegetarian
rosamarina pasta,Vegan
rosarita premium whole black beans,Vegan
rose essence,Vegan
rose extract,Vegan
rose hips,Vegan
rose oil,Vegan
rose petal,Vegan
rose petal jam,Vegan
rose petals,Vegan
rose syrup,Vegan
rose water,Vegan
rose wine,Vegan
rose's lime juice,Vegan
rose-scented geranium leaves,Vegan
rosebuds,Vegan
rosemary,Vegan
rosemary and olive oil triscuits,Vegan
rosemary bread,Vegan
rosemary mayonnaise,Vegetarian
rosemary oil,Vegan
rosemary sprig,Vegan
rosemary sprigs,Vegan
rosemary-infused olive oil,Vegan
roses,Vegan
roses sweetened lime sauce,Vegan
rotel,Vegan
rotel chili fixins tomatoes,Vegan
rotel diced tomatoes,Vegan
rotel tomatoes,Vegan
rotel tomatoes & chilies,Vegan
rotelle pasta,Vegan
rotini noodles,Vegan
rotini pasta,Vegan
rotis,Vegan
rotisserie-cooked chicken,Non-Vegetarian
rouladen beef,Non-Vegetarian
round bone sirloin,Non-Vegetarian
round loaf italian bread,Vegan
round onion,Vegan
round rice paper sheets,Vegan
round roast,Vegan
round sourdough loaf,Vegan
round steak,Non-Vegetarian
round steak .5 inch thick,Non-Vegetarian
round steaks,Vegan
round tip roast,Vegan
round tip steak,Non-Vegetarian
round wonton skins,Vegan
roux,Vegan
royal ann cherries,Vegan
royal icing,Vegan
rubbed sage,Vegan
rubbing alcohol,Vegan
ruby grapefruits,Vegan
ruby port,Vegan
ruby red grapefruit juice,Vegan
ruby red grapefruit vodka,Vegan
"ruby red grapefruit, juice of",Vegan
rucola,Vegan
rue,Vegan
ruffed grouse breast,Vegan
rum,Vegan
rum extract,Vegan
rum flavoring,Vegan
rump roast,Vegan
rump steak,Non-Vegetarian
rumpleminze,Vegan
runner beans,Vegan
rusk,Vegan
rusks,Vegan
russet baking potatoes,Vegan
russet potato,Vegan
russet potatoes,Vegan
russian salad dressing,Vegan
rutabaga,Vegan
rutabagas,Vegan
rutland cheese,Vegetarian
rye bagels,Vegan
rye berries,Vegan
rye bread,Vegan
rye bread cubes,Vegan
rye breadcrumbs,Vegan
rye cocktail bread,Vegan
rye cracker crumbs,Vegan
rye crackers,Vegan
rye crisps,Vegan
rye flakes,Vegan
rye flour,Vegan
rye meal,Vegan
rye meal mountain bread wraps,Vegan
rye rolls,Vegan
rye toast,Vegan
rye whiskey,Vegan
saba,Vegan
sabra roasted garlic hummus,Vegan
sabra roasted red pepper hummus,Vegan
sachet d'espices,Vegan
safflower margarine,Vegan
safflower oil,Vegan
saffron,Vegan
saffron rice mix,Vegan
saffron strand,Vegan
saffron strands,Vegan
saffron thread,Vegan
saffron threads,Vegan
saga blue cheese,Vegetarian
sage,Vegan
sage derby cheese,Vegetarian
sage leaf,Vegan
sage leaves,Vegan
sage sausage,Non-Vegetarian
sage sprig,Vegan
sage sprigs,Vegan
sago,Vegan
saimin noodles,Vegan
sake,Vegan
sake vinegar,Vegan
salad burnet,Vegan
salad dressing,Vegan
salad dressing mix,Vegan
salad elegance seasoning mix,Vegan
salad greens,Vegan
salad leaves,Vegan
salad macaroni,Vegan
salad mustard,Vegan
salad oil,Vegan
salad potatoes,Vegan
salad seasoning,Vegan
salad supreme dry seasoning,Vegan
salam leaf,Vegan
salami,Non-Vegetarian
salba seeds,Vegan
salisbury steaks in gravy,Vegan
salmon,Non-Vegetarian
salmon caviar,Non-Vegetarian
salmon fillet,Non-Vegetarian
salmon fillets,Non-Vegetarian
salmon head,Non-Vegetarian
salmon liquid,Non-Vegetarian
salmon roe,Non-Vegetarian
salmon salad,Non-Vegetarian
salmon steak,Non-Vegetarian
salmon steaks,Non-Vegetarian
salmon-gefilte,Non-Vegetarian
salsa,Vegan
salsa con queso,Vegan
salsa de chile fresco,Vegan
salsa fresca,Vegan
salsa ranch dressing,Vegan
salsa verde,Vegan
salsa verde doritos,Vegan
salsa-style tomatoes,Vegan
salsify,Vegan
salt,Vegan
salt & fresh ground pepper,Vegan
salt & freshly ground black pepper,Vegan
salt & pepper,Vegan
salt and black pepper,Vegan
salt and fresh pepper,Vegan
salt and pepper,Vegan
salt beef,Non-Vegetarian
salt cod fish,Non-Vegetarian
salt free herb and spice seasoning mix,Vegan
salt herring fillets,Vegan
salt pork,Non-Vegetarian
salt substitute,Vegan
salt water,Vegan
salt-free cajun seasoning,Vegan
salt-free cream-style corn,Vegetarian
salt-free fajita seasoning mix,Vegan
salt-free garlic and herb seasoning,Vegan
salt-free garlic powder,Vegan
salt-free italian herb seasoning,Vegan
salt-free lemon & herb seasoning,Vegan
salt-free lemon pepper,Vegan
salt-free onion powder,Vegan
salt-free seasoned dried breadcrumbs,Vegan
salt-free spike seasoning,Vegan
salt-free tomato sauce,Vegan
salt-packed anchovy fillet,Non-Vegetarian
salted almond,Vegan
salted almonds,Vegan
salted anchovies,Non-Vegetarian
salted butter,Vegetarian
salted cashew halves,Vegan
salted cashew pieces,Vegan
salted cashews,Vegan
salted herrings,Vegan
salted macadamia nut,Vegan
salted macadamia nuts,Vegan
salted mixed nuts,Vegan
salted nuts,Vegan
salted peanuts,Vegan
salted peanuts without skins,Vegan
salted pork ears,Non-Vegetarian
salted pork tail,Non-Vegetarian
salted salmon,Non-Vegetarian
salted shrimp,Non-Vegetarian
salted sunflower seeds,Vegan
saltine,Vegan
saltine crackers,Vegan
saltine crumbs,Vegan
saltines,Vegan
saltpeter,Vegan
salts of hartshorn,Vegan
saltwort,Vegan
sambal bajak,Vegan
sambal chili paste,Vegan
sambal oelek,Vegan
sambal oelek chili paste,Vegan
sambal powder,Vegan
sambal tjampoer,Vegan
sambar onions,Vegan
sambhar powder,Vegan
sambuca liqueur,Vegan
sambuca romana,Vegan
samp,Vegan
san marzano tomatoes,Vegan
sand dab,Vegan
sandwich and salad sauce,Vegan
sandwich bread,Vegan
sandwich bun,Vegan
sandwich buns,Vegan
sandwich steak,Non-Vegetarian
sandwich steaks,Vegan
sandwich wrap,Vegan
sandwich wraps,Vegan
sandwich-size english muffins,Vegan
sandwich-size sourdough english muffins,Vegan
sangria,Vegan
sansho,Vegan
sansho pepper,Vegan
sao biscuits,Vegan
sapodilla,Vegan
sardine fillet,Vegan
sardine fillets,Vegan
sardines,Vegan
sardines in oil,Vegan
sardines in tomato sauce,Vegan
sargento. chefstyle cheddar cheese,Vegetarian
sashimi-grade tuna,Non-Vegetarian
saskatoon berries,Vegan
satay sauce,Vegan
sate seasoning,Vegan
satsuma oranges,Vegan
saucy susan peach apricot sauce,Vegan
sauerkraut,Vegan
sauerkraut juice,Vegan
saunf,Vegan
sausage,Non-Vegetarian
sausage and green pepper spaghetti sauce,Non-Vegetarian
sausage drippings,Non-Vegetarian
sausage gravy,Non-Vegetarian
sausage links,Non-Vegetarian
sausage meat,Non-Vegetarian
sausage pattie,Non-Vegetarian
sausage patties,Non-Vegetarian
sausage patty,Non-Vegetarian
sausage ring,Non-Vegetarian
sausage seasoning,Non-Vegetarian
sausage-filled ravioli,Non-Vegetarian
sausages,Vegan
sauterne,Vegan
sauterne white wine,Vegan
sauternes wine,Vegan
sauvignon blanc wine,Vegan
savoiardi cookie,Vegan
savoiardi cookies,Vegan
savor salt seasoning,Vegan
savory,Vegan
savoy cabbage,Vegan
sazon con azafran seasoning,Vegan
sazon goya,Vegan
sazon goya con culantro y achiote,Vegan
sazon goya seasoning,Vegan
sazon goya with azafran,Vegan
sazon goya with coriander and annatto,Vegan
sazon goya with tomato and coriander,Vegan
scallion,Vegan
scallion bulbs,Vegan
scallion top,Vegan
scallion tops,Vegan
scallions,Vegan
scalloped potatoes mix,Vegan
scallops,Vegan
scamorza cheese,Vegetarian
scampi,Vegan
schmaltz,Non-Vegetarian
schnapps,Vegan
scone,Vegan
scotch,Vegan
scotch bonnet pepper,Vegan
scotch bonnet peppers,Vegan
scotch finger biscuits,Vegan
scotch whisky,Vegan
screwpine leaves,Vegan
scrod fillets,Vegan
scrod fish,Non-Vegetarian
scullcap herb,Vegan
scungilli,Vegan
sea bass,Vegan
sea bass fillet,Vegan
sea bass fillets,Vegan
sea bass steak,Non-Vegetarian
sea bass steaks,Vegan
sea bream,Vegan
sea bream fillets,Vegan
sea legs,Vegan
sea salt,Vegan
sea salt & fresh black pepper,Vegan
sea scallops,Vegan
sea vegetables,Vegan
seafood,Vegan
seafood boil,Vegan
seafood cocktail sauce,Vegan
seafood salad,Vegan
seafood sauce,Vegan
seafood seasoning,Vegan
seafood stock,Vegan
season salt,Vegan
season-all salt,Vegan
seasoned bread crumbs,Vegan
seasoned chunky tomato,Vegan
seasoned croutons,Vegan
seasoned dry bread crumb,Vegan
seasoned dry bread crumbs,Vegan
seasoned fish coating,Non-Vegetarian
seasoned fish fry,Non-Vegetarian
seasoned flour,Vegan
seasoned pepper,Vegan
seasoned rice vinegar,Vegan
seasoned rice vinegar with roasted garlic,Vegan
seasoned rice wine vinegar,Vegan
seasoned sea salt,Vegan
seasoned stuffing mix,Vegan
seasoning,Vegan
seasoning salt,Vegan
seedless black grapes,Vegan
seedless blackberry jam,Vegan
seedless blackberry preserves,Vegan
seedless blackberry spread,Vegan
seedless cucumber,Vegan
seedless european cucumber,Vegan
seedless grapes,Vegan
seedless oranges,Vegan
seedless raisin,Vegan
seedless raisins,Vegan
seedless raspberry jam,Vegan
seedless raspberry preserves,Vegan
seedless red grapes halves,Vegan
seedless red raspberry jam,Vegan
seedless strawberry jam,Vegan
seedless watermelon,Vegan
seeds,Vegan
seitan,Vegan
self raising flour,Vegan
self rising flour,Vegan
self-raising flour,Vegan
self-rising cake flour,Vegan
self-rising cornmeal,Vegan
self-rising cornmeal mix,Vegan
self-rising flour,Vegan
self-rising white cornmeal,Vegan
self-rising white cornmeal mix,Vegan
self-rising yellow cornmeal,Vegan
seltzer water,Vegan
semi-soft goat cheese,Vegan
semi-sweet chocolate,Vegan
semi-sweet chocolate baking square,Vegan
semi-sweet chocolate baking squares,Vegan
semi-sweet chocolate bit,Vegan
semi-sweet chocolate bits,Vegan
semi-sweet chocolate candy coating,Vegan
semi-sweet chocolate chips,Vegan
semi-sweet chocolate leaves,Vegan
semi-sweet chocolate shavings,Vegan
semi-sweet hershey's chipits- small chocolate chip,Vegan
semi-sweet wine,Vegan
semisweet baking chocolate,Vegan
semisweet baking chocolate square,Vegan
semisweet baking chocolate squares,Vegan
semisweet chips,Vegan
semisweet chocolate,Vegan
semisweet chocolate bar,Vegan
semisweet chocolate bars,Vegan
semisweet chocolate chips,Vegan
semisweet chocolate chunk,Vegan
semisweet chocolate chunks,Vegan
semisweet chocolate morsel,Vegan
semisweet chocolate morsels,Vegan
semisweet chocolate piece,Vegan
semisweet chocolate pieces,Vegan
semisweet dark chocolate baking bar,Vegan
semisweet dark chocolate squares,Vegan
semisweet mini chocolate chips,Vegan
semisweet vegan chocolate chips,Vegan
semolina,Vegan
semolina flour,Vegan
semolina meal,Vegan
serrano chili,Vegan
serrano chili pepper,Vegan
serrano chili peppers,Vegan
serrano chilies,Vegan
serrano ham,Non-Vegetarian
serrano pepper,Vegan
serrano peppers,Vegan
serranos,Vegan
sesame,Vegan
sesame and ginger marinade,Vegan
sesame breadsticks,Vegan
sesame butter,Vegetarian
sesame chili oil,Vegan
sesame dressing,Vegan
sesame garlic sauce,Vegan
sesame ginger salad dressing,Vegan
sesame oil,Vegan
sesame paste,Vegan
sesame powder,Vegan
sesame salt,Vegan
sesame seed oil,Vegan
sesame seed paste,Vegan
sesame seed rolls,Vegan
sesame seeds,Vegan
sesame sticks,Vegan
sev,Vegan
seven-grain bread,Vegan
seven-grain cereal,Vegan
seville oranges,Vegan
shah zeera,Vegan
shake-n-bake,Vegan
shake-n-bake for pork,Non-Vegetarian
shallot,Vegan
shallot salt,Vegan
shallots,Vegan
shanghai noodles,Vegan
shaosing wine,Vegan
shaoxing wine,Vegan
shark,Vegan
shark fillets,Vegan
shark steak,Non-Vegetarian
shark steaks,Vegan
sharp american cheese,Vegetarian
sharp canadian cheddar cheese,Vegetarian
sharp cheddar cheese,Vegetarian
sharp cheese,Vegetarian
sharp longhorn cheese,Vegetarian
sharp processed cheese spread,Vegetarian
sharp white cheddar cheese,Vegetarian
shaved parmesan cheese,Vegetarian
shedd spread country crock,Vegan
sheep heart,Vegan
sheep liver,Non-Vegetarian
sheep milk,Vegetarian
sheep stomach,Vegan
sheep tongue,Non-Vegetarian
sheep's milk cheese,Vegetarian
shell macaroni,Vegan
shell noodles,Vegan
shell pasta,Vegan
shell steaks,Vegan
shelled peas,Vegan
shelled pistachios,Vegan
shellfish spice mix,Vegan
shellfish stock,Vegan
shellfish veloute,Vegan
sherbet,Vegan
sherry vinegar,Vegan
sherry wine,Vegan
sherry wine vinegar,Vegan
shichimi togarashi,Vegan
shichimi-togarashi,Vegan
shiitake mushroom,Vegan
shiitake mushroom caps,Vegan
shiitake mushrooms,Vegan
shilling lemon herb seasoning,Vegan
shimeji mushrooms,Vegan
shin beef,Non-Vegetarian
shirataki noodles,Vegan
shiraz wine,Vegan
shiritaki noodles,Vegan
shiro miso,Vegan
shishito green peppers,Vegan
shiso,Vegan
shiso leaf,Vegan
shiso leaves,Vegan
shitake mushroom,Vegan
shitake mushrooms,Vegan
shochu,Vegan
shoe peg corn,Vegan
shoestring carrots,Vegan
shoestring potatoes,Vegan
short pastry,Vegan
short rib of beef,Non-Vegetarian
short-grain brown rice,Vegan
short-grain rice,Vegan
short-grain white rice,Vegan
short-tailed shearwater,Vegan
shortbread,Vegan
shortbread cookie,Vegan
shortbread cookies,Vegan
shortbread cookies with pecans,Vegan
shortbread pie crust,Vegan
shortbread pie crusts,Vegan
shortcake cups,Vegan
shortcakes,Vegan
shortcrust pastry,Vegan
shortcrust pastry dough,Vegan
shortcut bacon,Non-Vegetarian
shortening,Vegan
shoulder bacon,Non-Vegetarian
shoulder lamb chop,Non-Vegetarian
shoulder lamb chops,Non-Vegetarian
shoyu,Vegan
shredded bran cereal,Vegan
shredded cheddar cheese,Vegetarian
shredded chicken with barbecue sauce,Non-Vegetarian
shredded coconut,Vegan
shredded hash brown potatoes,Vegan
shredded pork with barbecue sauce,Non-Vegetarian
shredded reduced fat cheddar cheese,Vegetarian
shredded steak and cheese taquitos,Non-Vegetarian
shredded wheat biscuits,Vegan
shredded wheat cereal,Vegan
shreddies cereal,Vegan
shrimp,Non-Vegetarian
shrimp boil,Non-Vegetarian
shrimp boil seasoning,Non-Vegetarian
shrimp bouillon,Non-Vegetarian
shrimp bouillon cube,Non-Vegetarian
shrimp bouillon cubes,Non-Vegetarian
shrimp broth,Non-Vegetarian
shrimp crackers,Non-Vegetarian
shrimp flavor ramen noodle soup,Non-Vegetarian
shrimp paste,Non-Vegetarian
shrimp sauce,Non-Vegetarian
shrimp shells,Non-Vegetarian
shrimp soup paste,Non-Vegetarian
shrimp stock,Non-Vegetarian
sicilian olives,Vegan
side bacon,Non-Vegetarian
side pork,Non-Vegetarian
sierra mist,Vegan
sierra mist free,Vegan
sifted flour,Vegan
sifting,Vegan
silicon paper,Vegan
siljans mini croustade shells,Vegan
silk leaves,Vegan
silken tofu,Vegan
silver beet,Vegan
silver cachous,Vegan
simple syrup,Vegan
simply balanced organic tomato basil pasta sauce,Vegan
simply macaroni & cheese,Vegetarian
simply potatoes,Vegan
simply potatoes diced potatoes with onion,Vegan
simply potatoes garlic and herb hash browns,Vegan
simply potatoes garlic mashed potatoes,Vegan
simply potatoes homestyle slices,Vegan
simply potatoes mashed sweet potatoes,Vegan
simply potatoes o'brien hash browns,Vegan
simply potatoes red potato wedges,Vegan
simply potatoes rosemary & garlic red potato wedges,Vegan
simply potatoes shredded hash browns,Vegan
simply potatoes sour cream and chive mashed potatoes,Vegetarian
simply potatoes southwest style hash browns,Vegan
simply potatoes steakhouse seasoned diced potatoes,Vegan
simply potatoes traditional mashed potatoes,Vegan
single cream,Vegetarian
single strength beef broth,Non-Vegetarian
single trifle sponge cakes,Vegan
sirloin,Vegan
sirloin beef,Non-Vegetarian
sirloin lamb chops,Non-Vegetarian
sirloin steak,Non-Vegetarian
sirloin steaks,Vegan
sirloin strip steak,Non-Vegetarian
sirloin strip steaks,Vegan
sirloin tip roast,Vegan
sirloin tip steak,Non-Vegetarian
sirloin tip steaks,Vegan
six bean blend,Vegan
six-pepper spice blend,Vegan
skate,Vegan
skewer,Vegan
skewers,Vegan
skim evaporated milk,Vegetarian
skim milk,Vegetarian
skim milk buttermilk,Vegetarian
skim milk powder,Vegetarian
skim milk ricotta cheese,Vegetarian
skim milk yogurt,Vegetarian
skim natural yoghurt,Vegetarian
skimmed condensed milk,Vegetarian
skinless boneless pheasant breast halves,Vegan
skinless boneless turkey breast,Non-Vegetarian
skinless boneless turkey breasts,Non-Vegetarian
skinless catfish,Vegan
skinless chicken,Non-Vegetarian
skinless chicken breast,Non-Vegetarian
skinless chicken breast fillet,Non-Vegetarian
skinless chicken breast half,Non-Vegetarian
skinless chicken breast halves,Non-Vegetarian
skinless chicken breasts,Non-Vegetarian
skinless chicken drumsticks,Non-Vegetarian
skinless chicken leg quarters,Non-Vegetarian
skinless chicken legs,Non-Vegetarian
skinless chicken piece,Non-Vegetarian
skinless chicken pieces,Non-Vegetarian
skinless chicken quarters,Non-Vegetarian
skinless chicken thigh,Non-Vegetarian
skinless chicken thighs,Non-Vegetarian
skinless dark meat chicken,Non-Vegetarian
skinless duck breasts,Non-Vegetarian
skinless frankfurter,Non-Vegetarian
skinless halibut fillet,Vegan
skinless halibut fillets,Vegan
skinless pollock fillets,Vegan
skinless salmon fillet,Non-Vegetarian
skinless turkey breast,Non-Vegetarian
skinless turkey legs,Non-Vegetarian
skinless turkey thighs,Non-Vegetarian
skippy creamy peanut butter,Vegetarian
skirt steak,Non-Vegetarian
skirt steaks,Vegan
skittles candies,Vegan
skor candy bar,Vegan
skor candy bars,Vegan
skor chips,Vegan
skor english toffee bit,Vegan
skor english toffee bits,Vegan
skordalia,Vegan
sliced almonds,Vegan
sliced apple,Vegan
sliced apples,Vegan
sliced kosher pickles,Vegan
sliced mushrooms,Vegan
sliced peaches in juice,Vegan
sliced ripe olives,Vegan
sliced water chestnuts,Vegan
slivered almonds,Vegan
sloe gin,Vegan
sloes,Vegan
sloppy joe meat,Non-Vegetarian
sloppy joe sandwich sauce,Vegan
sloppy joe seasoning mix,Vegan
small bean,Vegan
small beans,Vegan
small caper,Vegan
small capers,Vegan
small clam,Non-Vegetarian
small clams,Vegan
small curd cottage cheese,Vegetarian
small elbow macaroni,Vegan
small macaroni noodles,Vegan
small macaroni pasta,Vegan
small marshmallow,Non-Vegetarian
small marshmallows,Non-Vegetarian
small mushroom,Vegan
small mushrooms,Vegan
small onion,Vegan
small potato,Vegan
small potatoes,Vegan
small pretzels,Vegan
small quahogs,Vegan
small red potato,Vegan
small red potatoes,Vegan
small scallop,Vegan
small scallops,Vegan
small shell pasta,Vegan
small shrimp,Non-Vegetarian
small squid,Non-Vegetarian
small white beans,Vegan
small white potatoes,Vegan
small whole potatoes,Vegan
small whole wheat pasta shells,Vegan
smart balance butter spread,Vegetarian
smart balance light butter spread,Vegetarian
smart balance omega plus,Vegan
smart beat fat free cheese,Vegetarian
smart beat fat free mayonnaise,Vegetarian
smart start cereal,Vegan
smarties candies,Vegan
smelt,Vegan
smen,Vegan
smirnoff citrus twist vodka,Vegan
smirnoff no.21 vodka,Vegan
smirnoff orange vodka,Vegan
smithfield ham,Non-Vegetarian
smoked almonds,Vegan
smoked back bacon,Non-Vegetarian
smoked bacon,Non-Vegetarian
smoked beef,Non-Vegetarian
smoked beef sausage,Non-Vegetarian
smoked catfish,Vegan
smoked cheddar cheese,Vegetarian
smoked cheese,Vegetarian
smoked chicken,Non-Vegetarian
smoked chicken and habanero sausage,Non-Vegetarian
smoked chicken breast,Non-Vegetarian
smoked chicken breasts,Non-Vegetarian
smoked cod,Vegan
smoked duck,Non-Vegetarian
smoked fish fillet,Non-Vegetarian
smoked gouda cheese,Vegetarian
smoked gruyere cheese,Vegetarian
smoked haddock,Vegan
smoked haddock fillets,Vegan
smoked ham,Non-Vegetarian
smoked ham hock,Non-Vegetarian
smoked ham hocks,Non-Vegetarian
smoked ham stock,Non-Vegetarian
smoked jalapeno sausage,Non-Vegetarian
smoked kielbasa,Non-Vegetarian
smoked link sausage,Non-Vegetarian
smoked mackerel,Vegan
smoked mackerel fillets,Vegan
smoked meat,Non-Vegetarian
smoked mozzarella cheese,Vegetarian
smoked mussels,Vegan
smoked oysters,Vegan
smoked paprika,Vegan
smoked pork,Non-Vegetarian
smoked pork butt,Non-Vegetarian
smoked pork chops,Non-Vegetarian
smoked pork hock,Non-Vegetarian
smoked pork hocks,Non-Vegetarian
smoked pork jowl,Non-Vegetarian
smoked pork sausage,Non-Vegetarian
smoked pork shanks,Non-Vegetarian
smoked pork shoulder,Non-Vegetarian
smoked provolone cheese,Vegetarian
smoked salmon,Non-Vegetarian
smoked sausage,Non-Vegetarian
smoked streaky bacon,Non-Vegetarian
smoked swiss cheese,Vegetarian
smoked tofu,Vegan
smoked trout,Vegan
smoked trout fillet,Vegan
smoked trout fillets,Vegan
smoked turkey,Non-Vegetarian
smoked turkey breast,Non-Vegetarian
smoked turkey drumstick,Non-Vegetarian
smoked turkey ham,Non-Vegetarian
smoked turkey leg,Non-Vegetarian
smoked turkey legs,Non-Vegetarian
smoked turkey necks,Non-Vegetarian
smoked turkey sausage,Non-Vegetarian
smoked whitefish,Vegan
smokies,Vegan
smoky tomato vinaigrette,Vegan
smooth almond butter,Vegan
smooth cashew butter,Vegan
smooth peanut butter,Vegetarian
smucker's black cherry flavored topping,Vegan
smucker's caramel flavored topping,Vegan
smucker's creamy natural peanut butter,Vegetarian
smucker's hot dark chocolate microwaveable topping,Vegan
smucker's natural creamy peanut butter,Vegetarian
smucker's no sugar added orange spread,Vegan
smucker's orchard's finest coastal valley peach apricot preserves,Vegan
smucker's orchard's finest michigan red tart cherry preserves,Vegan
smucker's orchard's finest northwest triple berry preserves,Vegan
smucker's orchard's finest northwoods blueberry preserves,Vegan
smucker's strawberry jelly,Vegan
smucker's sugar-free strawberry jam,Vegan
smuckers baking healthy oil & shortening,Vegan
snack mix,Vegan
snackbread,Vegan
snackwell's cinnamon snacks,Vegan
snackwell's fat-free wheat crackers,Vegan
snail,Vegan
snail shells,Vegan
snails,Vegan
snake beans,Vegan
snap peas,Vegan
snapper steaks,Vegan
snickers candy bars,Vegan
snickers miniature candy bars,Vegan
snow,Vegan
snow crab legs,Non-Vegetarian
snow crab meat,Non-Vegetarian
snow pea pods,Vegan
snow pea sprouts,Vegan
snow peas,Vegan
snowshoe hares,Vegan
soba noodles,Vegan
sobe elixir cranberry grapefruit,Vegan
sockeye salmon,Non-Vegetarian
soda cracker,Vegan
soda cracker crumbs,Vegan
soda crackers,Vegan
soda pop,Vegan
soda straws,Vegan
soda water,Vegan
sodium-free baking powder,Vegan
sodium-free beef bouillon,Non-Vegetarian
sodium-free beef bouillon granules,Non-Vegetarian
sodium-free chicken broth,Non-Vegetarian
sodium-free chicken flavor instant bouillon,Non-Vegetarian
sodium-free chicken stock,Non-Vegetarian
sodium-free chili powder,Vegan
sodium-free ketchup,Vegan
sodium-free margarine,Vegan
sodium-free seasoning,Vegan
sodium-free shoyu,Vegan
sodium-free tamari,Vegan
sodium-free tomato paste,Vegan
sodium-free vegetable bouillon,Vegan
sodium-free vegetable broth,Vegan
sodium-free vegetable seasoning,Vegan
sodium-free vegetable stock,Vegan
sofrito sauce,Vegan
soft baking butter with canola oil,Vegetarian
soft bread cubes,Vegan
soft breadcrumbs,Vegan
soft breadsticks,Vegan
soft brown sugar,Vegan
soft cheese,Vegetarian
soft cheese spread with herbs,Vegetarian
soft coconut macaroon,Vegan
soft coconut macaroons,Vegan
soft cracker bread,Vegan
soft cream cheese,Vegetarian
soft egg sandwich buns,Vegetarian
soft fresh goat cheese,Vegan
soft macaroons,Vegan
soft margarine,Vegan
soft pretzels,Vegan
soft shelled crabs,Vegan
soft silk flour,Vegan
soft silken tofu,Vegan
soft stale bread crumb,Vegan
soft stale bread crumbs,Vegan
soft taco shells,Vegan
soft taco-size flour tortillas,Vegan
soft tofu,Vegan
soft white bread cubes,Vegan
soft-shell clams,Vegan
soho lychee liqueur,Vegan
sole,Vegan
sole fillet,Vegan
sole fillets,Vegan
solid pack pumpkin,Vegan
solid shortening,Vegan
solid white tuna,Non-Vegetarian
solid white tuna packed in water,Non-Vegetarian
solid-pack pumpkin,Vegan
solo brand filling,Vegan
somen noodles,Vegan
soppressata,Vegan
sopressata,Vegan
sorbet,Vegan
sorghum,Vegan
sorghum flour,Vegan
sorghum molasses,Vegan
sorrel,Vegan
soul seasoning,Vegan
soup,Vegan
soup bone,Non-Vegetarian
soup bone with meat,Non-Vegetarian
soup bones,Vegan
soup bones with meat,Non-Vegetarian
soup mix,Vegan
soup stock,Vegan
sour apple,Vegan
sour apple bubble gum tape,Vegan
sour apple liqueur,Vegan
sour apple schnapps,Vegan
sour apples,Vegan
sour cherries,Vegan
sour cherry,Vegan
sour cherry jam,Vegan
sour cherry marmalade,Vegan
sour cream,Vegetarian
sour cream and bacon salad dressing,Non-Vegetarian
sour cream and cheddar potato chips,Vegetarian
sour cream and chive dip,Vegetarian
sour cream and chive flavored cream cheese,Vegetarian
sour cream and chive potato topping,Vegetarian
sour cream and chives potato mix,Vegetarian
sour cream and onion potato chips,Vegetarian
sour cream substitute,Vegetarian
sour cream vanilla frosting,Vegetarian
sour cream with chives,Vegetarian
sour cream with cilantro,Vegetarian
sour curd,Vegetarian
sour dill pickle,Vegan
sour dill pickles,Vegan
sour gherkins,Vegan
sour kimchee,Vegan
sour mash,Vegan
sour milk,Vegetarian
sour mix,Vegan
sour orange,Vegan
sour orange juice,Vegan
sour pitted cherries,Vegan
sour raspberry liqueur,Vegan
sourdough baguette,Vegan
sourdough baguettes,Vegan
sourdough bread,Vegan
sourdough bread cubes,Vegan
sourdough bread rounds,Vegan
sourdough breadcrumbs,Vegan
sourdough cocktail bread,Vegan
sourdough english muffin,Vegan
sourdough english muffins,Vegan
sourdough hamburger buns,Vegan
sourdough loaf,Vegan
sourdough roll,Vegan
sourdough rolls,Vegan
sourdough starter,Vegan
soured milk,Vegetarian
southeast asian fish sauce,Non-Vegetarian
southern comfort,Vegan
southern style hash browns,Vegan
southwest chipotle seasoning,Vegan
southwest seasoned hamburger,Vegan
southwest seasoning,Vegan
southwest-style hash browns,Vegan
southwestern chicken strips,Non-Vegetarian
southwestern-flavored cornbread stuffing mix,Vegan
southwestern-seasoned chicken breast,Non-Vegetarian
soy bacon bits,Vegan
soy cheddar cheese,Vegan
soy cheese,Vegan
soy chorizo,Vegan
soy coffee creamer,Vegan
soy cream,Vegan
soy cream cheese,Vegan
soy crumbles,Vegan
soy dairy firm tofu,Vegan
soy eggnog,Vegan
soy flakes,Vegan
soy flour,Vegan
soy ginger broth,Vegan
soy ginger glaze,Vegan
soy grits,Vegan
soy ham,Vegan
soy ice cream,Vegan
soy lecithin,Vegan
soy margarine,Vegan
soy mayonnaise,Vegan
soy miso,Vegan
soy mozzarella cheese,Vegan
soy nut butter,Vegan
soy oil,Vegan
soy pepperoni,Vegan
soy powder,Vegan
soy protein,Vegan
soy protein isolate,Vegan
soy protein powder,Vegan
soy sauce,Vegan
soy sausage,Vegan
soy sour cream,Vegan
soy whip,Vegan
soy yogurt,Vegan
soya flour,Vegan
soya granules,Vegan
soya margarine,Vegan
soya milk,Vegan
soya oil,Vegan
soya sauce,Vegan
soyabean nuggets,Vegan
soyaki,Vegan
soybean flour,Vegan
soybean oil,Vegan
soybean paste,Vegan
soybeans,Vegan
soymilk,Vegan
soymilk lite,Vegan
soymilk powder,Vegan
spaetzle noodles,Vegan
spaghetti,Vegan
spaghetti in tomato sauce,Vegan
spaghetti noodles,Vegan
spaghetti sauce,Vegan
spaghetti sauce mix,Vegan
spaghetti sauce seasoning with mushroom flavors,Vegan
spaghetti sauce with meat,Non-Vegetarian
spaghetti sauce with mushrooms,Vegan
spaghetti squash,Vegan
spaghettini,Vegan
spam,Vegan
spam lite,Vegan
spanish brandy,Vegan
spanish chorizo,Vegan
spanish ham,Non-Vegetarian
spanish olive oil,Vegan
spanish olives,Vegan
spanish olives with pimento,Vegan
spanish onion,Vegan
spanish onions,Vegan
spanish peanut,Vegan
spanish peanuts,Vegan
spanish rice,Vegan
spanish rice and vermicelli mix,Vegan
spanish rice mix,Vegan
spanish saffron threads,Vegan
spanish salad olives,Vegan
sparerib rack,Vegan
sparerib racks,Vegan
spareribs,Vegan
sparkling apple cider,Vegan
sparkling apple juice,Vegan
sparkling grape juice,Vegan
sparkling rose wine,Vegan
sparkling water,Vegan
sparkling white wine,Vegan
sparkling wild berry jello,Non-Vegetarian
sparkling wine,Vegan
spearmint,Vegan
spearmint candy leaf,Vegan
spearmint candy leaves,Vegan
special k cereal,Vegan
special k vanilla almond cereal,Vegan
special k vanilla snack bites,Vegan
speck,Vegan
speckled butterbeans,Vegan
speckled sugar beans,Vegan
speculaas,Vegan
spelt,Vegan
spelt berries,Vegan
spelt flour,Vegan
spice cake mix,Vegan
spice essence,Vegan
spice plum sauce,Vegan
spicebush twigs,Vegan
spiced apple cider,Vegan
spiced pumpkin,Vegan
spiced rum,Vegan
spices,Vegan
spicy bbq sauce,Vegan
spicy brown mustard,Vegan
spicy bulk sausage,Non-Vegetarian
spicy cajun pasta sauce,Vegan
spicy clamato juice,Vegan
spicy hot v8,Vegan
spicy mustard,Vegan
spicy pork rinds,Non-Vegetarian
spicy pork sausage,Non-Vegetarian
spicy refried beans,Vegan
spicy sausage,Non-Vegetarian
spicy seasoning mix,Vegan
spicy sesame oil,Vegan
spicy smoked sausage,Non-Vegetarian
spicy spaghetti sauce,Vegan
spicy tomato salsa,Vegan
spicy tomato sauce,Vegan
spicy turkey sausage,Non-Vegetarian
spicy vegetable juice,Vegan
spike seasoning,Vegan
spinach,Vegan
spinach and artichoke cream cheese,Vegetarian
spinach and artichoke dip,Vegan
spinach and cheese tortellini,Vegetarian
spinach and ricotta tortellini,Vegetarian
spinach artichoke spread,Vegan
spinach dip,Vegan
spinach dip mix,Vegan
spinach egg noodles,Vegetarian
spinach fettuccine,Vegan
spinach gnocchi,Vegan
spinach lasagna noodles,Vegan
spinach leaves,Vegan
spinach linguine,Vegan
spinach noodles,Vegan
spinach pasta,Vegan
spinach penne,Vegan
spinach ravioli,Vegan
spinach rotini pasta,Vegan
spinach salad dressing,Vegan
spinach souffle,Vegan
spinach tagliatelle,Vegan
spinach tortellini,Vegan
spinach tortilla,Vegan
spinach tortillas,Vegan
spiral cut ham,Non-Vegetarian
spiral shaped pasta,Vegan
spirulina,Vegan
spirulina powder,Vegan
splenda brown sugar blend,Vegan
splenda granular,Vegan
splenda quick pack,Vegan
splenda quick packs,Vegan
splenda sugar blend for baking,Vegan
splenda sugar substitute,Vegan
splenda sweetened cherry pie filling,Vegan
splenda sweetened cranberry juice,Vegan
split chickpeas,Vegan
split pea and ham soup,Non-Vegetarian
split pea soup,Vegan
split peas,Vegan
split red lentils,Vegan
split white gram,Vegan
split yellow lentils,Vegan
sponge cake,Vegan
sponge cake base,Vegan
sponge cake fingers,Vegan
sponge cake shells,Vegan
sponge cakes,Vegan
spray bottle,Vegan
spray varnish,Vegan
spreadable cheese with garlic and herbs,Vegetarian
spring chicken,Non-Vegetarian
spring greens,Vegan
spring onion,Vegan
spring onions,Vegan
spring roll wrappers,Vegan
spring rolls,Vegan
sprite,Vegan
sprite zero,Vegan
sprouted wheat bread,Vegan
spumanti,Vegan
squab,Vegan
square bean curd,Vegetarian
squash,Vegan
squash baby food,Vegan
squash blossoms,Vegan
squash puree,Vegan
squeezable margarine,Vegan
squid,Non-Vegetarian
squid ink,Non-Vegetarian
squid ring,Non-Vegetarian
squid rings,Non-Vegetarian
squirrel,Vegan
squirrels,Vegan
squirt soda,Vegan
squirtable cheese spread,Vegetarian
sriracha sauce,Vegan
st. amand french country ale,Vegan
st. germain elderflower liqueur,Vegan
staceys pita chips,Vegan
stale bread,Vegan
standing rib roast,Vegan
standing ribs,Vegan
star anise,Vegan
star anise pods,Vegan
star fruit,Vegan
star-shaped pasta,Vegan
starch,Vegan
starch flour,Vegan
starkist lemon and cracked pepper tuna fillets,Non-Vegetarian
starkist sweet and spicy tuna,Non-Vegetarian
starkist tuna,Non-Vegetarian
steak,Non-Vegetarian
steak fillet,Non-Vegetarian
steak fillets,Non-Vegetarian
steak sauce,Non-Vegetarian
steak seasoning,Non-Vegetarian
steak spice,Non-Vegetarian
steak-style french fries,Non-Vegetarian
steak-ums,Non-Vegetarian
steaks,Vegan
steamed rice,Vegan
steamer clams,Vegan
steel cut oats,Vegan
steelhead fillet,Vegan
steelhead trout,Vegan
stella doro almond toast cookies,Vegan
stella doro anginetti cookies,Vegan
stella doro anisette toast,Vegan
stevia,Vegan
stevia plus,Vegan
stevia powder,Vegan
stevia truvia,Vegan
stew beef chunk,Non-Vegetarian
stew beef chunks,Non-Vegetarian
stew meat,Non-Vegetarian
stewed apples,Vegan
stewed fruit,Vegan
stewed plums,Vegan
stewed tomatoes,Vegan
stewed tomatoes with basil and garlic,Vegan
stewed tomatoes with herbs,Vegan
stewed tomatoes with onion and green pepper,Vegan
stewed tomatoes with peppers and celery,Vegan
stewing beef,Non-Vegetarian
stewing chicken,Non-Vegetarian
stewing lamb,Non-Vegetarian
stewing pork,Non-Vegetarian
stewing veal,Non-Vegetarian
stick,Vegan
sticks,Vegan
sticky rice,Vegan
stilton cheese,Vegetarian
stingray,Vegan
stir fry seasoning,Vegan
stir fry vegetables,Vegan
stir-fry beef,Non-Vegetarian
stir-fry sauce,Vegan
stir-fry sauce with garlic and ginger,Vegan
stirrings bloody mary cocktail mixer,Vegan
stock,Vegan
stock cubes,Vegan
stolichnaya ohranj vodka,Vegan
stolichnaya raspberry vodka,Vegan
stolichnaya vodka,Vegan
stollen,Vegan
stone ground corn grits,Vegan
stone ground dijon mustard,Vegan
stone ground mustard,Vegan
stone ground whole wheat flour,Vegan
stone-ground white cornmeal,Vegan
stone-ground yellow cornmeal,Vegan
store-bought bordelaise sauce,Vegan
stout beer,Vegan
stove top low-sodium chicken stuffing mix,Non-Vegetarian
stove top stuffing mix,Vegan
stove top stuffing mix monterey style with mushroom and onion,Vegan
straight to wok noodles,Vegan
strained peaches baby food,Vegan
stravecchio cheese,Vegetarian
straw mushroom,Vegan
straw mushrooms,Vegan
strawberries,Vegan
strawberries with sugar,Vegan
strawberry,Vegan
strawberry all-fruit spread,Vegan
strawberry applesauce,Vegan
strawberry banana nectar,Vegan
strawberry berry burst cheerios,Vegan
strawberry cake mix,Vegan
strawberry cake mix with pudding,Vegan
strawberry chex cereal,Vegan
strawberry cool whip,Vegan
strawberry cream cheese,Vegetarian
strawberry cream liqueur,Vegetarian
strawberry crush,Vegan
strawberry daiquiri mix,Vegan
strawberry drink mix,Vegan
strawberry essence,Vegan
strawberry extract,Vegan
strawberry flavored syrup,Vegan
strawberry frosting,Vegan
strawberry frozen yogurt,Vegetarian
strawberry gelatin,Non-Vegetarian
strawberry glaze,Vegan
strawberry ice cream,Vegetarian
strawberry ice cream topping,Vegetarian
strawberry instant breakfast drink,Vegan
strawberry jam,Vegan
strawberry jam sweetened with fruit juice,Vegan
strawberry jell-o gelatin dessert,Non-Vegetarian
strawberry jelly,Vegan
strawberry jelly crystals,Vegan
strawberry juice,Vegan
strawberry kiwi gelatin powder,Non-Vegetarian
strawberry kool-aid,Vegan
strawberry koolaid,Vegan
strawberry liqueur,Vegan
strawberry margarita mix,Vegan
strawberry milk mix,Vegetarian
strawberry muffin mix,Vegan
strawberry nectar,Vegan
strawberry pie filling,Vegan
strawberry pop tarts,Vegan
strawberry preserves,Vegan
strawberry protein powder,Vegan
strawberry puree,Vegan
strawberry ripple ice cream,Vegetarian
strawberry sauce,Vegan
strawberry schnapps,Vegan
strawberry sherbet,Vegan
strawberry slices,Vegan
strawberry soda,Vegan
strawberry soda pop rocks candy,Vegan
strawberry sorbet,Vegan
strawberry syrup,Vegan
strawberry vodka,Vegan
strawberry whipped topping,Vegan
strawberry wine,Vegan
strawberry yogurt,Vegetarian
strawberry-banana gelatin,Non-Vegetarian
strawberry-banana nectar,Vegan
strawberry-banana yogurt,Vegetarian
strawberry-flavor danish dessert mix,Vegan
strawberry-flavor nestle nesquik powder,Vegan
strawberry-flavored tea bags,Vegan
strawberry-raspberry preserves,Vegan
streaky bacon,Non-Vegetarian
string,Vegan
string bean,Vegan
string beans,Vegan
strip steak,Non-Vegetarian
strip steaks,Vegan
striped bass,Vegan
strong black coffee,Vegan
strong black tea,Vegan
strong coffee,Vegan
strong decaffinated coffee,Vegan
strong hot tea,Vegan
strong rich coffee,Vegan
strong white flour,Vegan
strudel sheets,Vegan
stuffed green olive,Vegan
stuffed green olives,Vegan
stuffed manzanilla olives,Vegan
stuffed olives,Vegan
stuffing cubes,Vegan
sturgeon fillets,Vegan
submarine bun,Vegan
submarine buns,Vegan
submarine rolls,Vegan
submarine sandwich bread,Vegan
sucanat,Vegan
sucanat with honey,Vegetarian
suddenly salad basil pesto pasta salad mix,Vegan
suddenly salad pasta salad mix,Vegan
suet,Non-Vegetarian
sugar,Vegan
sugar cane,Vegan
sugar cane swizzle sticks,Vegan
sugar cookie,Vegan
sugar cookie mix,Vegan
sugar cookies,Vegan
sugar crystals,Vegan
sugar cube,Vegan
sugar cubes,Vegan
sugar free 7-up,Vegan
sugar free chocolate fudge pudding and pie filling mix,Vegan
sugar free fat free french vanilla pudding and pie filling mix,Vegan
sugar free fat free instant pudding mix,Vegan
sugar free instant coconut pudding mix,Vegan
sugar free pistachio pudding mix,Vegan
sugar ice cream cone,Vegetarian
sugar ice cream cones,Vegetarian
sugar loaf,Vegan
sugar pumpkin,Vegan
sugar rolled dates,Vegan
sugar snap pea,Vegan
sugar snap peas,Vegan
sugar substitute,Vegan
sugar syrup,Vegan
sugar twin,Vegan
sugar water,Vegan
sugar-and-spice nuts,Vegan
sugar-free almond syrup,Vegan
sugar-free angel food cake,Vegan
sugar-free apple cider mix,Vegan
sugar-free apple pie filling,Vegan
sugar-free applesauce,Vegan
sugar-free apricot jam,Vegan
sugar-free apricot preserves,Vegan
sugar-free banana cream pudding mix,Vegetarian
sugar-free banana syrup,Vegan
sugar-free bittersweet chocolate,Vegan
sugar-free black cherry gelatin,Non-Vegetarian
sugar-free black cherry jell-o,Non-Vegetarian
sugar-free black cherry syrup,Vegan
sugar-free blackberry gelatin,Non-Vegetarian
sugar-free blackberry jam,Vegan
sugar-free cafe vienna coffee powder,Vegan
sugar-free caramel syrup,Vegan
sugar-free caramel topping,Vegan
sugar-free caramels,Vegan
sugar-free carbonated orange beverage,Vegan
sugar-free chai latte mix,Vegan
sugar-free cheesecake pudding mix,Vegan
sugar-free cherry gelatin,Non-Vegetarian
sugar-free cherry jam,Vegan
sugar-free cherry pie filling,Vegan
sugar-free chocolate,Vegan
sugar-free chocolate cake mix,Vegan
sugar-free chocolate chip cookie dough,Vegan
sugar-free chocolate chips,Vegan
sugar-free chocolate cream-filled cookies,Vegetarian
sugar-free chocolate ice cream,Vegetarian
sugar-free chocolate pudding mix,Vegan
sugar-free chocolate syrup,Vegan
sugar-free chunky peanut butter,Vegetarian
sugar-free coconut syrup,Vegan
sugar-free coffee syrup,Vegan
sugar-free cool whip,Vegan
sugar-free cranberry flavor gelatin,Non-Vegetarian
sugar-free cranberry jell-o,Non-Vegetarian
sugar-free cranberry juice,Vegan
sugar-free fat free instant banana cream pudding mix,Vegetarian
sugar-free fat-free banana cream pudding mix,Vegetarian
sugar-free fat-free butterscotch pudding,Vegan
sugar-free fat-free frozen whipped topping,Vegan
sugar-free fat-free frozen yogurt,Vegetarian
sugar-free french vanilla cafe instant coffee,Vegan
sugar-free french vanilla powdered coffee creamer,Vegan
sugar-free fruit flavor drink mix,Vegan
sugar-free fruit-flavored gelatin,Non-Vegetarian
sugar-free fudgsicle,Vegan
sugar-free gelatin mix,Non-Vegetarian
sugar-free ginger ale,Vegan
sugar-free grape drink mix,Vegan
sugar-free hazelnut syrup,Vegan
sugar-free honey,Vegetarian
sugar-free hot cocoa mix,Vegan
sugar-free ice cream,Vegetarian
sugar-free iced tea mix with lemon,Vegan
sugar-free instant banana cream pudding mix,Vegetarian
sugar-free instant banana pudding mix,Vegan
sugar-free instant butterscotch pudding mix,Vegan
sugar-free instant cheesecake pudding mix,Vegan
sugar-free instant chocolate fudge pudding mix,Vegan
sugar-free instant chocolate milk mix,Vegetarian
sugar-free instant chocolate pudding mix,Vegan
sugar-free instant lemon pudding,Vegan
sugar-free instant pistachio pudding,Vegan
sugar-free instant pudding mix,Vegan
sugar-free instant vanilla pudding mix,Vegan
sugar-free instant white chocolate pudding mix,Vegan
sugar-free irish cream syrup,Vegetarian
sugar-free jam,Vegan
sugar-free jello,Non-Vegetarian
sugar-free jelly,Vegan
sugar-free kool-aid mix,Vegan
sugar-free lemon cookies,Vegan
sugar-free lemon gelatin,Non-Vegetarian
sugar-free lemon jell-o powder,Non-Vegetarian
sugar-free lemon yogurt,Vegetarian
sugar-free lemonade concentrate,Vegan
sugar-free lemonade-flavored drink mix,Vegan
sugar-free lime gelatin,Non-Vegetarian
sugar-free lime jell-o gelatin,Non-Vegetarian
sugar-free maple syrup,Vegan
sugar-free mayonnaise,Vegetarian
sugar-free milk chocolate candy bars,Vegetarian
sugar-free mint candies,Vegan
sugar-free mocha instant coffee,Vegan
sugar-free molasses,Vegan
sugar-free non-fat vanilla yogurt,Vegetarian
sugar-free orange drink mix,Vegan
sugar-free orange fruit spread,Vegan
sugar-free orange gelatin,Non-Vegetarian
sugar-free orange jello,Non-Vegetarian
sugar-free orange juice,Vegan
sugar-free orange marmalade,Vegan
sugar-free peach gelatin mix,Non-Vegetarian
sugar-free peanut butter,Vegetarian
sugar-free peanut butter syrup,Vegetarian
sugar-free pie filling,Vegan
sugar-free pineapple jelly crystals,Vegan
sugar-free pound cake,Vegan
sugar-free preserves,Vegan
sugar-free pudding mix,Vegan
sugar-free ranch dressing,Vegan
sugar-free raspberry flavored syrup,Vegan
sugar-free raspberry fruit spread,Vegan
sugar-free raspberry gelatin,Non-Vegetarian
sugar-free raspberry jam,Vegan
sugar-free raspberry preserves,Vegan
sugar-free red jell-o,Non-Vegetarian
sugar-free reese's miniature peanut butter cups,Vegetarian
sugar-free salsa,Vegan
sugar-free shortbread cookies,Vegan
sugar-free sodium-free peanut butter,Vegetarian
sugar-free spaghetti sauce,Vegan
sugar-free strawberry banana flavor gelatin,Non-Vegetarian
sugar-free strawberry gelatin,Non-Vegetarian
sugar-free strawberry jam,Vegan
sugar-free strawberry jell-o gelatin dessert,Non-Vegetarian
sugar-free strawberry jelly,Vegan
sugar-free strawberry syrup,Vegan
sugar-free sweetened condensed milk,Vegetarian
sugar-free syrup,Vegan
sugar-free tomato puree,Vegan
sugar-free vanilla extract,Vegan
sugar-free vanilla ice cream,Vegetarian
sugar-free vanilla pudding,Vegan
sugar-free vanilla pudding mix,Vegan
sugar-free vanilla syrup,Vegan
sugar-free vanilla wafers,Vegan
sugar-free vanilla yogurt,Vegetarian
sugar-free whipped topping,Vegan
sugar-free white chocolate pudding mix,Vegan
sugar-free whole berry cranberry sauce,Vegan
sugar-free whole wheat bread,Vegan
sugar-free yellow cake mix,Vegan
sugar-reduced peach jam,Vegan
sultana,Vegan
sultana raisin,Vegan
sultana raisins,Vegan
sultanas,Vegan
sumac,Vegan
sumaq,Vegan
summer crisp corn,Vegan
summer sausage,Non-Vegetarian
summer savory,Vegan
summer squash,Vegan
sun-dried blueberries,Vegan
sun-dried cherries,Vegan
sun-dried cranberries,Vegan
sun-dried tomato,Vegan
sun-dried tomato alfredo sauce,Vegan
sun-dried tomato bread,Vegan
sun-dried tomato chicken sausage,Non-Vegetarian
sun-dried tomato dressing,Vegan
sun-dried tomato flat bread,Vegan
sun-dried tomato italian bread,Vegan
sun-dried tomato olive basil rub,Vegan
sun-dried tomato olive oil,Vegan
sun-dried tomato packed in oil,Vegan
sun-dried tomato paste,Vegan
sun-dried tomato pesto,Vegan
sun-dried tomato polenta,Vegan
sun-dried tomato puree,Vegan
sun-dried tomato tapenade,Vegan
sun-dried tomato tortillas,Vegan
sun-dried tomato vinaigrette dressing,Vegan
sun-dried tomatoes,Vegan
sun-dried tomatoes packed in oil,Vegan
sun-dried tomatoes packed in oil with herbs,Vegan
sun-dried tomatoes with italian herbs,Vegan
sun-maid golden seedless raisins,Vegan
sundried tomato & oregano salad dressing,Vegan
sundrop soda,Vegan
sunflower margarine,Vegan
sunflower oil,Vegan
sunflower seed butter,Vegetarian
sunflower seeds,Vegan
sunflower sprouts,Vegan
sunny delight mango flavor orange drink,Vegan
sunny delight orange drink,Vegan
superfine sugar,Vegan
supermoist yellow cake mix,Vegan
sure-jell,Vegan
surimi,Vegan
sushi rice,Vegan
swai fillets,Vegan
swans down cake flour,Vegan
swanson chicken broth,Non-Vegetarian
swanson vegetable broth,Vegan
swede,Vegan
swedes,Vegan
swedish meatball seasoning,Vegan
swedish mustard,Vegan
sweet 'n low,Vegan
sweet almonds,Vegan
sweet and sour barbecue sauce,Vegan
sweet and sour cocktail mix,Vegan
sweet and sour dressing,Vegan
sweet and sour pickles,Vegan
sweet and sour plum sauce,Vegan
sweet and sour sauce,Vegan
sweet and sour soda,Vegan
sweet and spicy barbecue sauce,Vegan
sweet apple,Vegan
sweet apple cider,Vegan
sweet apples,Vegan
sweet asian chicken chili sauce,Non-Vegetarian
sweet baking chocolate,Vegan
sweet basil,Vegan
sweet bean paste,Vegan
sweet bell pepper,Vegan
sweet bell peppers,Vegan
sweet bread,Vegan
sweet bread crumbs,Vegan
sweet bread roll,Vegan
sweet brown rice,Vegan
sweet bulk sausage,Non-Vegetarian
sweet butter,Vegetarian
sweet cherries,Vegan
sweet chili sauce,Vegan
sweet chocolate,Vegan
sweet chocolate squares,Vegan
sweet cooking german chocolate,Vegan
sweet corn,Vegan
sweet corn cake mix,Vegan
sweet corn cobs,Vegan
sweet corn relish,Vegan
sweet cream,Vegetarian
sweet creamy butter,Vegetarian
sweet dark mustard,Vegan
sweet dessert wine,Vegan
sweet dumpling squash,Vegan
sweet gherkin,Vegan
sweet gherkins,Vegan
sweet green pepper,Vegan
sweet green peppers,Vegan
sweet hungarian paprika,Vegan
sweet italian fennel sausage,Non-Vegetarian
sweet italian fennel sausages,Vegan
sweet italian sausage,Non-Vegetarian
sweet italian sausage link,Non-Vegetarian
sweet italian sausage links,Non-Vegetarian
sweet italian turkey sausage,Non-Vegetarian
sweet italian turkey sausage links,Non-Vegetarian
sweet mangoes,Vegan
sweet marjoram,Vegan
sweet marsala wine,Vegan
sweet milk,Vegetarian
sweet mustard,Vegan
sweet onion,Vegan
sweet onion and pepper relish,Vegan
sweet onions,Vegan
sweet oranges,Vegan
sweet paprika,Vegan
sweet peas,Vegan
sweet pepper,Vegan
sweet pepper flake,Vegan
sweet pepper flakes,Vegan
sweet peppers,Vegan
sweet pickle,Vegan
sweet pickle juice,Vegan
sweet pickle relish,Vegan
sweet pickles,Vegan
sweet plums,Vegan
sweet pork sausage,Non-Vegetarian
sweet potato,Vegan
sweet potato baby food,Vegan
sweet potato flour,Vegan
sweet potato puree,Vegan
sweet potatoes,Vegan
sweet potatoes in light syrup,Vegan
sweet potatoes in syrup,Vegan
sweet red apples,Vegan
sweet red cherry peppers,Vegan
sweet red onion,Vegan
sweet red onions,Vegan
sweet red pepper,Vegan
sweet red pepper relish,Vegan
sweet red pepper strips,Vegan
sweet red peppers,Vegan
sweet red wine,Vegan
sweet relish,Vegan
sweet rice,Vegan
sweet rice flour,Vegan
sweet roll dough,Vegan
sweet russian mustard,Vegan
sweet sausage,Non-Vegetarian
sweet sherry,Vegan
sweet smoked paprika,Vegan
sweet soy sauce,Vegan
sweet sparkling wine,Vegan
sweet tart crust,Vegan
sweet tea flavored vodka,Vegan
sweet turkey sausage,Non-Vegetarian
sweet unsalted butter,Vegetarian
sweet vermouth,Vegan
sweet white onion,Vegan
sweet white onions,Vegan
sweet white wine,Vegan
sweet whole kernel corn,Vegan
sweet wine,Vegan
sweet yeast,Vegan
sweet yellow onion,Vegan
sweet yellow onions,Vegan
sweet'n low brown sugar substitute,Vegan
sweet-hot mustard,Vegan
sweetbreads,Vegan
sweetcorn,Vegan
sweetened chestnut puree,Vegan
sweetened cocoa powder,Vegan
sweetened coconut,Vegan
sweetened coconut milk,Vegan
sweetened condensed chocolate milk,Vegetarian
sweetened condensed coconut milk,Vegan
sweetened condensed milk,Vegetarian
sweetened crushed pineapple,Vegan
sweetened flaked coconut,Vegan
sweetened iced tea,Vegan
sweetened kool-aid drink mix,Vegan
sweetened lemonade drink mix,Vegan
sweetened lime juice,Vegan
sweetened raspberry-lemonade drink mix,Vegan
sweetened strawberry-lemonade drink mix,Vegan
sweetened whipped cream,Vegetarian
swiss almond chocolate liqueur,Vegan
swiss brown mushrooms,Vegetarian
swiss chard,Vegetarian
swiss chard leaf,Vegetarian
swiss chard leaves,Vegetarian
swiss cheese,Vegetarian
swiss chocolate cake mix,Vegetarian
swiss dark chocolate,Vegetarian
swiss miss diet cocoa mix,Vegetarian
swiss provolone cheese mix,Vegetarian
swiss rolls,Vegetarian
swiss steak,Non-Vegetarian
swordfish,Vegan
swordfish fillets,Vegan
swordfish steak,Non-Vegetarian
swordfish steaks,Vegan
symphony candy bar,Vegan
syrian bread,Vegan
syrian cheese,Vegetarian
syrup,Vegan
szechuan chile flakes,Vegan
szechuan hot bean sauce,Vegan
szechuan oil,Vegan
szechuan peppercorns,Vegan
szechuan sauce,Vegan
szechwan chili sauce,Vegan
szechwan pepper,Vegan
szechwan preserved vegetables,Vegan
t-bone type lamb chops,Non-Vegetarian
tabasco bloody mary mix,Vegan
tabasco brand chipotle pepper sauce,Vegan
tabasco garlic pepper sauce,Vegan
tabasco jalapeno sauce,Vegan
tabasco pepper,Vegan
tabasco peppers,Vegan
tabasco sauce,Vegan
tabbouleh,Vegan
tabil,Vegan
table cream,Vegetarian
table molasses,Vegan
table salt,Vegan
tabouli mix,Vegan
taco bell home originals taco dinner kit,Vegan
taco bell home originals thick 'n chunky salsa,Vegan
taco blend cheese,Vegetarian
taco cheese,Vegetarian
taco chips,Vegan
taco flavor doritos,Vegan
taco salad shells,Vegan
taco sauce,Vegan
taco seasoning,Vegan
taco seasoning mix,Vegan
taco shell,Vegan
taco shells,Vegan
taco soup seasoning,Vegan
taco-seasoned cheddar cheese,Vegetarian
taco-size corn tortillas,Vegan
tagliatelle pasta noodles,Vegan
tagliolini,Vegan
tahini,Vegan
tahini paste,Vegan
tahini sauce,Vegan
tahini sesame butter,Vegetarian
taleggio,Vegan
tall slender 4 cup container,Vegan
tallow,Non-Vegetarian
tamale,Vegan
tamales,Vegan
tamari,Vegan
tamari soy sauce,Vegan
tamarillos,Vegan
tamarind chutney,Vegan
tamarind extract,Vegan
tamarind juice,Vegan
tamarind nectar,Vegan
tamarind paste,Vegan
tamarind pod,Vegan
tamarind pods,Vegan
tamarind powder,Vegan
tamarind pulp,Vegan
tamarind soup mix,Vegan
tandoori color powder,Vegan
tandoori marinade,Vegan
tandoori masala,Vegan
tandoori paste,Vegan
tandoori spice mix,Vegan
tang orange crystals,Vegan
tangelo,Vegan
tangelos,Vegan
tangerine,Vegan
tangerine juice,Vegan
tangerine juice concentrate,Vegan
tangerine liqueur,Vegan
tangerine peel,Vegan
tangerine sherbet,Vegan
tangerine zest,Vegan
"tangerine, juice of",Vegan
"tangerine, zest of",Vegan
tangerines,Vegan
"tangerines, juice of",Vegan
"tangerines, zest of",Vegan
tanqueray london dry gin,Vegan
tap water,Vegan
tape,Vegan
tapenade,Vegan
tapioca,Vegan
tapioca flour,Vegan
tapioca pudding,Vegan
tapioca pudding mix,Vegan
tapioca starch,Vegan
tapioca starch wraps,Vegan
tarama,Vegan
tarhana,Vegan
taro root,Vegan
taro root leaves,Vegan
tarragon,Vegan
tarragon leaf,Vegan
tarragon leaves,Vegan
tarragon vinegar,Vegan
tarragon white wine vinegar,Vegan
tarragon-infused champagne vinegar,Vegan
tart apple,Vegan
tart apples,Vegan
tart baking apples,Vegan
tart cherries,Vegan
tart cooking apple,Vegan
tart cooking apples,Vegan
tart crusts,Vegan
tart green apple,Vegan
tart green apples,Vegan
tart red cherries,Vegan
tart shell,Vegan
tart shells,Vegan
tartar sauce,Vegan
tartaric,Vegan
tasso,Vegan
tasty cheese,Vegetarian
tater tots,Vegan
tatsoi,Vegan
tawny port,Vegan
tea,Vegan
tea bag,Vegan
tea bags,Vegan
tea biscuit mix,Vegan
tea biscuits,Vegan
tea leaves,Vegan
teddy grahams chocolate graham snacks,Vegan
teddy grahams cinnamon graham snacks,Vegan
teddy grahams honey graham snacks,Vegetarian
teff,Vegan
teff flour,Vegan
teifi,Vegan
tejpatta,Vegan
teleme cheese,Vegetarian
tempeh,Vegan
tempeh bacon,Vegan
tempeh burgers,Vegan
tempura batter,Vegan
tempura dipping sauce,Vegan
tempura flour,Vegan
tempura mix,Vegan
ten-grain pancake mix,Vegan
tender quick,Vegan
tenderloin,Vegan
tequila,Vegan
tequila liqueur,Vegan
tequila rose,Vegan
teriyaki baste and glaze,Vegan
teriyaki marinade,Vegan
teriyaki sauce,Vegan
teriyaki seasoning mix,Vegan
teriyaki-seasoned tofu,Vegan
terra chips,Vegan
terrapins,Vegan
tex-mex cheese,Vegetarian
tex-mex seasoning,Vegan
texas pete,Vegan
texas pete original hot sauce,Vegan
texas sweet onions,Vegan
texas toast thick bread,Vegan
textured soy protein flakes,Vegan
textured soy protein granules,Vegan
textured vegetable protein,Vegan
thai basil,Vegan
thai chile,Vegan
thai chiles,Vegan
thai chili flavored tuna,Non-Vegetarian
thai chili paste,Vegan
thai curry paste,Vegan
thai fish sauce,Non-Vegetarian
thai green chili,Vegan
thai holy basil,Vegan
thai peppers,Vegan
thai red chili pepper,Vegan
thai red chili peppers,Vegan
thai red curry paste,Vegan
thai rice,Vegan
thai rice noodles,Vegan
thai seasoning,Vegan
thai sweet chili sauce,Vegan
thai tea,Vegan
thai tea powder,Vegan
thangkwa,Vegan
thick & chunky salsa,Vegan
thick bread,Vegan
thick raspberry jam,Vegan
thick slab bacon,Non-Vegetarian
thick soy sauce,Vegan
thickened cream,Vegetarian
thin cornstarch paste,Vegan
thin crackers,Vegan
thin egg noodles,Vegetarian
thin mint cookie,Vegan
thin mint cookies,Vegan
thin pizza crust,Vegan
thin pork scallop,Non-Vegetarian
thin soy sauce,Vegan
thin spaghetti,Vegan
third less fat margarine,Vegan
thompson seedless grapes,Vegan
thoor dhal,Vegan
thousand island dressing,Vegan
thousand island sandwich spread,Vegan
three musketeers candy bars,Vegan
three-cheese blend,Vegetarian
three-cheese pasta sauce,Vegetarian
three-cheese tortellini,Vegetarian
threebe,Vegan
thyme,Vegan
thyme honey,Vegetarian
thyme leaves,Vegan
thymol seeds,Vegan
ti leaves,Vegan
tia maria,Vegan
tic tac mint,Vegan
tic tac mints,Vegan
tiger sauce,Vegan
tiger shrimp,Non-Vegetarian
tikka paste,Vegan
tikka powder,Vegan
tilapia fillet,Vegan
tilapia fillets,Vegan
tilapia loins,Vegan
tilsit cheese,Vegetarian
tilsiter cheese,Vegetarian
tim tam biscuits,Vegan
tiny new potatoes,Vegan
tiny pasta,Vegan
tiny peas,Vegan
tiny pumpkins,Vegan
toast,Vegan
toast points,Vegan
toast rounds,Vegan
toasted almond,Vegan
toasted almonds,Vegan
toasted breadcrumb,Vegan
toasted breadcrumbs,Vegan
toasted coconut marshmallows,Non-Vegetarian
toasted corn cereal,Vegan
toasted hazelnuts,Vegan
toasted oat cereal,Vegan
toasted rice cereal,Vegan
toasted sesame oil,Vegan
toasted sesame seeds,Vegan
toasted sliced almonds,Vegan
toasted wheat cereal,Vegan
toasted wheat germ,Vegan
tobiko,Vegan
toblerone chocolate bar,Vegan
toblerone chocolate bars,Vegan
toffee ice cream,Vegetarian
toffee pieces,Vegan
toffeepop cookies,Vegan
tofu,Vegan
tofu crumbles,Vegan
tofu hot dogs,Vegan
tofu mayonnaise,Vegetarian
tofu shirataki noodles,Vegan
tofu sour cream,Vegetarian
tofunaise,Vegan
tofutti better-than-cream-cheese,Vegetarian
tofutti sour cream,Vegetarian
tofutti sour supreme natural flavor,Vegan
togarashi pepper,Vegan
tom & jerry mix,Vegan
tom collins mix,Vegan
tom kha paste,Vegan
tom yam broth cubes,Vegan
tom yam paste,Vegan
tom yum paste,Vegan
tomatillo,Vegan
tomatillo salsa,Vegan
tomatillos,Vegan
tomato & basil flavored tuna,Non-Vegetarian
tomato & onion soup mix,Vegan
tomato and basil pasta sauce,Vegan
tomato and green chile mix,Vegan
tomato and spinach rotini,Vegan
tomato bacon salad dressing,Non-Vegetarian
tomato base barbecue sauce,Vegan
tomato basil soup mix,Vegan
tomato beef soup mix,Non-Vegetarian
tomato bisque,Vegan
tomato bisque soup,Vegan
tomato bouillon,Vegan
tomato bouillon with chicken flavor,Non-Vegetarian
tomato bruschetta topping,Vegan
tomato chili sauce,Vegan
tomato chutney,Vegan
tomato cocktail juice,Vegan
tomato concentrate,Vegan
tomato cream sauce,Vegetarian
tomato fettuccine,Vegan
tomato jam,Vegan
tomato juice,Vegan
tomato ketchup,Vegan
tomato paste,Vegan
tomato paste with basil and garlic,Vegan
tomato paste with basil garlic and oregano,Vegan
tomato paste with garlic,Vegan
tomato powder,Vegan
tomato puree,Vegan
tomato relish,Vegan
tomato rice soup,Vegan
tomato sauce,Vegan
tomato sauce & mushrooms,Vegan
tomato sauce mix,Vegan
tomato sauce with basic and garlic,Vegan
tomato sauce with basil garlic and oregano,Vegan
tomato sauce with garlic,Vegan
tomato sauce with herbs,Vegan
tomato sauce with italian seasoning,Vegan
tomato sauce with onion,Vegan
tomato sauce with roasted red pepper,Vegan
tomato soup,Vegan
tomato soup mix,Vegan
tomato soup with basil,Vegan
tomato tortilla,Vegan
tomato tortillas,Vegan
tomato with juice,Vegan
tomato-based meat sauce,Non-Vegetarian
tomato-basil bread,Vegan
tomato-basil tortilla,Vegan
tomato-basil tortillas,Vegan
tomato-flavored bouillon cube,Vegan
tomato-flavored bouillon cubes,Vegan
tomatoes,Vegan
tomatoes and green chilies,Vegan
tomatoes in puree,Vegan
tomatoes seasoned with basil garlic & oregano,Vegan
tomatoes with basil,Vegan
tomatoes with garlic,Vegan
tomatoes with herbs,Vegan
tomatoes with jalapeno peppers,Vegan
tomatoes with juice,Vegan
tomatoes with onion and garlic,Vegan
tomatoes with spicy red pepper,Vegan
tonic water,Vegan
tonkatsu sauce,Vegan
tony chachere's salt-free cajun spice,Vegan
tony chachere's seasoning,Vegan
toor dal,Vegan
toothpick,Vegan
toothpicks,Vegan
tootsie roll,Vegan
tootsie rolls,Vegan
top loin beef,Non-Vegetarian
top loin pork chops,Non-Vegetarian
top n fill caramel,Vegan
top ramen noodles,Vegan
top round beef,Non-Vegetarian
top round roast,Vegan
top round steak,Non-Vegetarian
top round steaks,Vegan
top round veal,Non-Vegetarian
top sirloin roast,Vegan
top sirloin steak,Non-Vegetarian
top sirloin steaks,Vegan
topping mix,Vegan
topside mince,Vegan
topside steak,Non-Vegetarian
torani orange syrup,Vegan
tortellini,Vegan
tortellini cheese pasta,Vegetarian
tortiglioni,Vegan
tortilla,Vegan
tortilla chip strips,Vegan
tortilla chips,Vegan
tortilla flour,Vegan
tortilla soup,Vegan
tortillas,Vegan
tostadas,Vegan
tostado shells,Vegan
tostados,Vegan
tostitos scoops,Vegan
toulouse sausages,Vegan
trader joe's 21 seasoning salute,Vegan
trader joe's creamy vegetable medley bisque,Vegan
trail mix,Vegan
trail mix bars,Vegan
trans fat free crisco,Vegan
trans fat-free extra-light vegetable oil spread,Vegan
trans-fat free margarine,Vegan
trans-fat free non-hydrogenated vegetable shortening,Vegan
trappey's jalapenos,Vegan
trassi oedang,Vegan
treacle,Vegan
trefoil,Vegan
tri-color radiatore pasta,Vegan
tri-color spiral pasta,Vegan
tri-colored corkscrew macaroni,Vegan
tri-colored fusilli,Vegan
tri-colored pasta,Vegan
tri-tip roast,Vegan
tri-tip steak,Non-Vegetarian
trinidadian green seasoning,Vegan
tripe,Non-Vegetarian
triple berry burst cheerios,Vegan
triple cream brie,Vegetarian
triple sec,Vegan
triple succotash,Vegan
triscuit crackers,Vegan
triscuit parmesan garlic thin crisps,Vegetarian
trix cereal,Vegan
tropical fruit in light syrup,Vegan
tropical fruit salad,Vegan
tropical punch mix,Vegan
trout,Vegan
trout fillet,Vegan
trout fillets,Vegan
true lemon crystals,Vegan
truffle,Vegan
truffle butter,Vegetarian
truffle oil,Vegan
truffle salt,Vegan
truffles,Vegan
truffles in brine,Vegan
truvia,Vegan
tsubushi-an,Vegan
tsuyu sauce,Vegan
tuaca liqueur,Vegan
tubetti,Vegan
tubetti pasta,Vegan
tubettini pasta,Vegan
tuna,Non-Vegetarian
tuna fillet,Non-Vegetarian
tuna fillets,Non-Vegetarian
tuna fish,Non-Vegetarian
tuna in brine,Non-Vegetarian
tuna in olive oil,Non-Vegetarian
tuna in vegetable oil,Non-Vegetarian
tuna in water,Non-Vegetarian
tuna packed in oil,Non-Vegetarian
tuna salad,Non-Vegetarian
tuna steak,Non-Vegetarian
tuna steaks,Non-Vegetarian
turban squash,Vegan
turbinado sugar,Vegan
turbot fillet,Vegan
turkey,Non-Vegetarian
turkey bacon,Non-Vegetarian
turkey base,Non-Vegetarian
turkey bone,Non-Vegetarian
turkey bones,Non-Vegetarian
turkey bratwursts,Non-Vegetarian
turkey breakfast sausage,Non-Vegetarian
turkey breast,Non-Vegetarian
turkey breast cutlets,Non-Vegetarian
turkey breast half,Non-Vegetarian
turkey breast halves,Non-Vegetarian
turkey breast tenderloin,Non-Vegetarian
turkey breast tenderloin steaks,Non-Vegetarian
turkey breast tenderloins,Non-Vegetarian
turkey broth,Non-Vegetarian
turkey burgers,Non-Vegetarian
turkey carcass,Non-Vegetarian
turkey chili,Non-Vegetarian
turkey chili without beans,Non-Vegetarian
turkey chops,Non-Vegetarian
turkey chorizo,Non-Vegetarian
turkey cutlets,Non-Vegetarian
turkey drippings,Non-Vegetarian
turkey drumsticks,Non-Vegetarian
turkey escalopes,Non-Vegetarian
turkey fat,Non-Vegetarian
turkey fillet,Non-Vegetarian
turkey fillets,Non-Vegetarian
turkey giblets,Non-Vegetarian
turkey gizzard,Non-Vegetarian
turkey gizzards,Non-Vegetarian
turkey gravy,Non-Vegetarian
turkey gravy mix,Non-Vegetarian
turkey ham,Non-Vegetarian
turkey heart,Non-Vegetarian
turkey hot dogs,Non-Vegetarian
turkey kielbasa,Non-Vegetarian
turkey leg,Non-Vegetarian
turkey legs,Non-Vegetarian
turkey liver,Non-Vegetarian
turkey london broil,Non-Vegetarian
turkey meat,Non-Vegetarian
turkey meatballs,Non-Vegetarian
turkey neck,Non-Vegetarian
turkey neck bone,Non-Vegetarian
turkey parts,Non-Vegetarian
turkey pastrami,Non-Vegetarian
turkey pepperoni,Non-Vegetarian
turkey polish kielbasa,Non-Vegetarian
turkey salami,Non-Vegetarian
turkey sausage,Non-Vegetarian
turkey sausage patties,Non-Vegetarian
turkey scallopini,Non-Vegetarian
turkey skin,Non-Vegetarian
turkey slice,Non-Vegetarian
turkey slices,Non-Vegetarian
turkey spam,Non-Vegetarian
turkey steaks,Non-Vegetarian
turkey stock,Non-Vegetarian
turkey strips,Non-Vegetarian
turkey stuffing,Non-Vegetarian
turkey stuffing mix,Non-Vegetarian
turkey tenderloins,Non-Vegetarian
turkey thighs,Non-Vegetarian
turkey wings,Non-Vegetarian
turkish bay leaves,Vegan
turkish bread,Vegan
turkish coffee powder,Vegan
turkish delight,Vegan
turmeric,Vegan
turmeric powder,Vegan
turnip,Vegan
turnip greens,Vegan
turnips,Vegan
turnover dough,Vegan
turtle candies,Vegan
turtle meat,Non-Vegetarian
tuvar dal,Vegan
twelve-grain bread,Vegan
twisted cilantro and lime butter,Vegetarian
twix candy bar,Vegan
twix candy bars,Vegan
twix miniature candy bars,Vegan
two alarm chili mix,Vegan
tyson fajita chicken strips,Non-Vegetarian
tzatziki,Vegan
u- 12 shrimp,Non-Vegetarian
udon noodles,Vegan
umeboshi,Vegan
umeboshi plum paste,Vegan
umeboshi vinegar,Vegan
unbaked 10-inch pie shell,Vegan
unbaked 8-inch pie shell,Vegan
unbaked 8-inch pie shells,Vegan
unbaked 9-inch deep dish pie pastry,Vegan
unbaked 9-inch pie crust,Vegan
unbaked 9-inch pie shell,Vegan
unbaked 9-inch pie shells,Vegan
unbaked double pie crust,Vegan
unbaked double pie crusts,Vegan
unbaked pastry shell,Vegan
unbaked pastry shells,Vegan
unbaked pie crust,Vegan
unbaked pie crusts,Vegan
unbaked pie shell,Vegan
unbaked pie shells,Vegan
unbaked tart shells,Vegan
unblanched sliced almonds,Vegan
unblanched whole almonds,Vegan
unbleached all-purpose flour,Vegan
unbleached bread flour,Vegan
unbleached cane sugar,Vegan
unbleached flour,Vegan
unbleached white flour,Vegan
unbuttered and unsalted popcorn,Vegan
uncle ben ready rice buttery rice,Vegan
uncle ben's brown and wild rice and mushrooms,Vegan
uncle ben's chicken-flavored wild rice,Non-Vegetarian
uncle ben's converted brand rice,Vegan
uncle ben's ready rice,Vegan
uncle bens wild rice,Vegan
uncooked rice,Vegan
underblade steak,Non-Vegetarian
unflavored gelatin,Non-Vegetarian
unpopped popcorn,Vegan
unrefined sugar,Vegan
unsalted almonds,Vegan
unsalted beef stock,Non-Vegetarian
unsalted butter,Vegetarian
unsalted butter substitute,Vegetarian
unsalted butter-flavored crackers,Vegetarian
unsalted cashews,Vegan
unsalted chicken stock,Non-Vegetarian
unsalted cracker,Vegan
unsalted cream corn,Vegetarian
unsalted creamy peanut butter,Vegetarian
unsalted dry roasted peanuts,Vegan
unsalted dry-roasted cashews,Vegan
unsalted macadamia nuts,Vegan
unsalted margarine,Vegan
unsalted matzo crackers,Vegan
unsalted matzos,Vegan
unsalted natural-style peanut butter,Vegetarian
unsalted nuts,Vegan
unsalted peanuts,Vegan
unsalted pistachio nuts,Vegan
unsalted pretzels,Vegan
unsalted pumpkin seeds,Vegan
unsalted saltine crackers,Vegan
unsalted shelled pistachio,Vegan
unsalted shelled pistachios,Vegan
unsalted spanish peanuts,Vegan
unsalted stock,Vegan
unsalted sunflower seed kernels,Vegan
unsalted sunflower seeds,Vegan
unsalted vegetable stock,Vegan
unseasoned breadcrumbs,Vegan
unsifted all-purpose flour,Vegan
unsifted flour,Vegan
unsmoked bacon,Non-Vegetarian
unsulphured molasses,Vegan
unsweetened alkalized cocoa powder,Vegan
unsweetened almond milk,Vegan
unsweetened apple butter,Vegetarian
unsweetened apple cider,Vegan
unsweetened apple juice,Vegan
unsweetened apple juice concentrate,Vegan
unsweetened apple-raspberry juice,Vegan
unsweetened applesauce,Vegan
unsweetened baking chocolate,Vegan
unsweetened baking cocoa,Vegan
unsweetened berries,Vegan
unsweetened blue raspberry lemonade mix,Vegan
unsweetened blueberries,Vegan
unsweetened cherries,Vegan
unsweetened cherry drink,Vegan
unsweetened cherry drink mix,Vegan
unsweetened chocolate,Vegan
unsweetened chocolate chips,Vegan
unsweetened chocolate square,Vegan
unsweetened chocolate squares,Vegan
unsweetened chunky applesauce,Vegan
unsweetened cocoa,Vegan
unsweetened cocoa powder,Vegan
unsweetened coconut,Vegan
unsweetened coconut cream,Vegan
unsweetened coconut milk,Vegan
unsweetened cranberry juice,Vegan
unsweetened crushed canned pineapple,Vegan
unsweetened dark chocolate,Vegan
unsweetened dried cranberries,Vegan
unsweetened dried shredded coconut,Vegan
unsweetened dutch cocoa,Vegan
unsweetened flaked coconut,Vegan
unsweetened flavored drink mix,Vegan
unsweetened frozen blueberries,Vegan
unsweetened frozen peach slices,Vegan
unsweetened frozen sliced peaches,Vegan
unsweetened fruit juice,Vegan
unsweetened gelatin,Non-Vegetarian
unsweetened grape juice,Vegan
unsweetened grapefruit juice,Vegan
unsweetened instant tea,Vegan
unsweetened ketchup,Vegan
unsweetened kool-aid powdered drink mix,Vegan
unsweetened lemonade mix,Vegan
unsweetened mandarin orange segment,Vegan
unsweetened orange drink mix,Vegan
unsweetened orange juice,Vegan
unsweetened orange juice concentrate,Vegan
unsweetened orange kool-aid,Vegan
unsweetened organic cranberry juice,Vegan
unsweetened peaches,Vegan
unsweetened pineapple,Vegan
unsweetened pineapple chunks,Vegan
unsweetened pineapple juice,Vegan
unsweetened pineapple slices,Vegan
unsweetened pineapple tidbits,Vegan
unsweetened plain yogurt,Vegetarian
unsweetened pomegranate juice,Vegan
unsweetened raspberries,Vegan
unsweetened raspberry,Vegan
unsweetened raspberry drink,Vegan
unsweetened raspberry kool-aid,Vegan
unsweetened sliced peaches,Vegan
unsweetened soymilk,Vegan
unsweetened strawberries,Vegan
unsweetened strawberry kool-aid,Vegan
unsweetened strawberry preserves,Vegan
unsweetened tart red cherries,Vegan
unsweetened tomato juice,Vegan
unsweetened vanilla almond breeze,Vegan
unsweetened vanilla almond milk,Vegan
unsweetened white grape juice,Vegan
urad dal,Vegan
urad dal flour,Vegan
v8 diet tropical blend,Vegan
v8 fusion light peach mango juice,Vegan
v8 fusion strawberry banana juice,Vegan
v8 splash berry blend,Vegan
v8 tropical blend,Vegan
v8 vegetable juice,Vegan
valencia oranges,Vegan
vanilla,Vegan
vanilla baking chips,Vegan
vanilla bark,Vegan
vanilla bean,Vegan
vanilla bean paste,Vegan
vanilla bean seeds,Vegan
vanilla beans,Vegan
vanilla butternut flavoring,Vegan
vanilla cake mix,Vegan
vanilla candy coating,Vegan
vanilla caramel truffle tea bags,Vegan
vanilla caramels,Vegan
vanilla cheesecake frozen yogurt,Vegetarian
vanilla chip,Vegan
vanilla chips,Vegan
vanilla chocolate chips,Vegan
vanilla coffee syrup,Vegan
vanilla cookie crumbs,Vegan
vanilla cookie pie crust,Vegan
vanilla cookie pie crusts,Vegan
vanilla cookies,Vegan
vanilla cream-filled sandwich style cookies,Vegetarian
vanilla cupcake,Vegan
vanilla cupcakes,Vegan
vanilla custard,Vegetarian
vanilla custard powder,Vegetarian
vanilla ensure,Vegan
vanilla essence,Vegan
vanilla extract,Vegan
vanilla flavor instant pudding and pie filling mix,Vegan
vanilla flavored black tea bags,Vegan
vanilla flavored square,Vegan
vanilla flavored squares,Vegan
vanilla flavoring,Vegan
vanilla frosting,Vegan
vanilla frozen yogurt,Vegetarian
vanilla fudge ripple ice cream,Vegetarian
vanilla gelato,Vegan
vanilla greek yogurt,Vegetarian
vanilla ice cream,Vegetarian
vanilla ice milk,Vegetarian
vanilla icing,Vegan
vanilla instant breakfast drink mix,Vegan
vanilla instant pudding mix,Vegan
vanilla liqueur,Vegan
vanilla pod,Vegan
vanilla powder,Vegan
vanilla protein powder,Vegan
vanilla pudding mix,Vegan
vanilla rum,Vegan
vanilla rum extract,Vegan
vanilla schnapps,Vegan
vanilla soy protein powder,Vegan
vanilla sugar,Vegan
vanilla tea bag,Vegan
vanilla tea bags,Vegan
vanilla vodka,Vegan
vanilla wafer,Vegan
vanilla wafer cookie,Vegan
vanilla wafer cookies,Vegan
vanilla wafer crumbs,Vegan
vanilla wafer pie crusts,Vegan
vanilla wafers,Vegan
vanilla whey protein powder,Vegetarian
vanilla yogurt,Vegetarian
vanilla-flavored rice milk,Vegan
vanilla-flavored soy yogurt,Vegan
vanilla-flavored soymilk,Vegan
vanilla-flavored syrup,Vegan
vanillin sugar,Vegan
veal,Non-Vegetarian
veal bones,Non-Vegetarian
veal bratwursts,Non-Vegetarian
veal brisket,Non-Vegetarian
veal broth,Non-Vegetarian
veal chops,Non-Vegetarian
veal cutlet,Non-Vegetarian
veal cutlets,Non-Vegetarian
veal demi-glace,Non-Vegetarian
veal escalopes,Non-Vegetarian
veal fillets,Non-Vegetarian
veal glaze,Non-Vegetarian
veal heart,Non-Vegetarian
veal kidney,Non-Vegetarian
veal kidneys,Non-Vegetarian
veal knuckle,Non-Vegetarian
veal liver,Non-Vegetarian
veal loin,Non-Vegetarian
veal medallions,Non-Vegetarian
veal mince,Non-Vegetarian
veal neck bones,Non-Vegetarian
veal reduction,Non-Vegetarian
veal riblets,Non-Vegetarian
veal roast,Non-Vegetarian
veal round roast,Non-Vegetarian
veal round steak,Non-Vegetarian
veal sausage,Non-Vegetarian
veal scallopini,Non-Vegetarian
veal scallops,Non-Vegetarian
veal schnitzels,Non-Vegetarian
veal shank,Non-Vegetarian
veal shanks,Non-Vegetarian
veal shoulder,Non-Vegetarian
veal shoulder chops,Non-Vegetarian
veal steak,Non-Vegetarian
veal stew meat,Non-Vegetarian
veal stock,Non-Vegetarian
veal tenderloin,Non-Vegetarian
veat bites,Vegan
veg-all,Vegan
vegan american cheese,Vegan
vegan bacon,Vegan
vegan burger,Vegan
vegan burgers,Vegan
vegan butter,Vegan
vegan cheddar cheese,Vegan
vegan cheese,Vegan
vegan chicken,Vegan
vegan chicken bouillon powder,Vegan
vegan chicken broth,Vegan
vegan chicken seasoning,Vegan
vegan chocolate,Vegan
vegan chocolate syrup,Vegan
vegan chorizo sausage,Vegan
vegan cocoa powder,Vegan
vegan cooking spray,Vegan
vegan cream cheese,Vegan
vegan cream of mushroom soup,Vegan
vegan creamer,Vegan
vegan egg replacer powder,Vegan
vegan egg substitute,Vegan
vegan maple syrup,Vegan
vegan margarine,Vegan
vegan mayonnaise,Vegan
vegan mincemeat,Vegan
vegan monterey jack cheese,Vegan
vegan mozzarella cheese,Vegan
vegan parmesan cheese,Vegan
vegan pesto,Vegan
vegan pie crusts,Vegan
vegan pizza dough,Vegan
vegan powdered sugar,Vegan
vegan sausage links,Vegan
vegan sausage patties,Vegan
vegan sour cream,Vegan
vegan soy sauce,Vegan
vegan sugar,Vegan
vegan sweet and sour sauce,Vegan
vegan taco seasoning,Vegan
vegan worcestershire sauce,Vegan
vegan yogurt,Vegan
vegemite,Vegan
vegeta,Vegan
vegetable beef soup,Non-Vegetarian
vegetable beef soup mix,Non-Vegetarian
vegetable bouillon,Vegan
vegetable bouillon cube,Vegan
vegetable bouillon cubes,Vegan
vegetable bouillon granules,Vegan
vegetable broth,Vegan
vegetable butter,Vegetarian
vegetable chips,Vegan
vegetable cocktail,Vegan
vegetable crackers,Vegan
vegetable dip,Vegan
vegetable drumsticks,Vegan
vegetable extract,Vegan
vegetable juice,Vegan
vegetable juice cocktail,Vegan
vegetable lard,Non-Vegetarian
vegetable magic seasoning,Vegan
vegetable margarine,Vegan
vegetable marrow,Vegan
vegetable oil,Vegan
vegetable oil cooking spray,Vegan
vegetable peels,Vegan
vegetable seasoning,Vegan
vegetable shortening,Vegan
vegetable soup,Vegan
vegetable soup mix,Vegan
vegetable soup with beef stock,Non-Vegetarian
vegetable stock,Vegan
vegetable stock base,Vegan
vegetable stock cube,Vegan
vegetable stock cubes,Vegan
vegetable stock powder,Vegan
vegetable stuffing,Vegan
vegetable suet,Non-Vegetarian
vegetables,Vegan
vegetarian bacon,Vegan
vegetarian bacon bits,Vegan
vegetarian baked beans,Vegan
vegetarian banana pudding mix,Vegan
vegetarian beef bouillon powder,Vegan
vegetarian beef broth,Vegan
vegetarian beef stock cube,Vegan
vegetarian beef strips,Vegan
vegetarian blue cheese,Vegetarian
vegetarian bologna,Vegan
vegetarian bouillon powder,Vegan
vegetarian breakfast sausage,Vegan
vegetarian breakfast sausage patties,Vegan
vegetarian broth,Vegan
vegetarian canadian bacon,Vegan
vegetarian cheddar cheese,Vegetarian
vegetarian chicken bouillon cube,Vegan
vegetarian chicken bouillon cubes,Vegan
vegetarian chicken bouillon granules,Vegan
vegetarian chicken broth,Vegan
vegetarian chicken flavored broth mix,Vegan
vegetarian chicken pieces,Vegan
vegetarian chicken soup mix,Vegan
vegetarian chicken stock,Vegan
vegetarian chicken strips,Vegan
vegetarian chicken substitute,Vegan
vegetarian chili,Vegan
vegetarian chorizo,Vegan
vegetarian cream cheese,Vegetarian
vegetarian dinner cuts,Vegan
vegetarian duck,Vegan
vegetarian enchilada sauce,Vegan
vegetarian gelatin,Vegan
vegetarian ground beef,Vegan
vegetarian ham,Vegan
vegetarian hamburger patties,Vegan
vegetarian hamburger patty,Vegan
vegetarian hot dogs,Vegan
vegetarian italian sausages,Vegan
vegetarian kielbasa,Vegan
vegetarian low-sodium baked beans,Vegan
vegetarian meatballs,Vegan
vegetarian oyster sauce,Vegan
vegetarian parmesan cheese,Vegetarian
vegetarian pepperoni,Vegan
vegetarian poultry seasoning,Vegan
vegetarian refried beans,Vegan
vegetarian sausage,Vegan
vegetarian sausage crumbles,Vegan
vegetarian sausage links,Vegan
vegetarian sausages,Vegan
vegetarian stilton cheese,Vegetarian
vegetarian turkey pieces,Vegan
vegetarian vegetable soup,Vegan
vegetarian worcestershire sauce,Vegan
veggie burger,Vegan
veggie burgers,Vegan
veggie crumbles,Vegan
veggie shreds cheese,Vegetarian
vegit seasoning,Vegan
velveeta american cheese spread,Vegetarian
velveeta cheese,Vegetarian
velveeta cheese slices,Vegetarian
velveeta mexican cheese,Vegetarian
velveeta pepper jack cheese,Vegetarian
velveeta queso blanco with jalapenos,Vegan
velveeta reduced fat cheese product,Vegetarian
velveeta shells and cheese dinner,Vegetarian
venison,Non-Vegetarian
venison chops,Non-Vegetarian
venison chuck roast,Non-Vegetarian
venison heart,Non-Vegetarian
venison loin,Non-Vegetarian
venison loin roasts,Non-Vegetarian
venison loin steaks,Non-Vegetarian
venison roast,Non-Vegetarian
venison sausage,Non-Vegetarian
venison shanks,Non-Vegetarian
venison shoulder,Non-Vegetarian
venison steak,Non-Vegetarian
venison stew meat,Non-Vegetarian
venison stock,Non-Vegetarian
venison tenderloin,Non-Vegetarian
venison tenderloins,Non-Vegetarian
verjuice,Vegan
verjus,Vegan
vermicelli,Vegan
vermicelli rice noodles,Vegan
vermont sharp cheddar cheese,Vegetarian
vermouth,Vegan
vernor's soda,Vegan
very strong coffee,Vegan
victoria sponge cake,Vegan
vidalia onion,Vegan
vidalia onion spreadable cheese,Vegetarian
vidalia onions,Vegan
vienna bread,Vegan
vienna sausages,Vegan
vin santo,Vegan
vinaigrette,Vegan
vinaigrette dressing,Vegan
vindaloo curry paste,Vegan
vinegar,Vegan
vinegar potato chips,Vegan
vinegar-pickled sauerkraut,Vegan
violet blossoms,Vegan
violets,Vegan
virgin olive oil,Vegan
vita brits,Vegan
vital wheat gluten,Vegan
vital wheat gluten flour,Vegan
vitamin,Vegan
vitamin c powder,Vegan
vitamin e,Vegan
vlasic dill pickle relish,Vegan
vochelle cocoa cooking chocolate,Vegan
vodka,Vegan
vodka sauce,Vegan
vol-au-vent cases,Vegan
voyant chai cream liqueur,Vegetarian
wafer cookies,Vegan
wafers,Vegan
waffle,Vegan
waffle batter,Vegan
waffle bowls,Vegan
waffle cones,Vegan
waffle mix,Vegan
waffle-cut sweet potato fries,Vegan
waffle-shaped french fries,Vegan
waffles,Vegan
wagon wheel macaroni,Vegan
wahoo fillets,Vegan
wakame seaweed,Vegan
wakame seaweed salad,Vegan
walla walla onion,Vegan
walla walla onions,Vegan
walleye,Vegan
walleyed pike fillet,Vegan
walnut brownie mix,Vegan
walnut extract,Vegan
walnut halves,Vegan
walnut ice cream topping,Vegetarian
walnut liqueur,Vegan
walnut meal,Vegan
walnut meat,Non-Vegetarian
walnut meats,Vegan
walnut oil,Vegan
walnut pieces,Vegan
walnut vinegar,Vegan
walnuts,Vegan
warm water,Vegan
warrigal greens,Vegan
wasa,Vegan
wasa bread,Vegan
wasa sesame rye crackers,Vegan
wasabi,Vegan
wasabi mayonnaise,Vegetarian
wasabi mustard,Vegan
wasabi paste,Vegan
wasabi peas,Vegan
wasabi powder,Vegan
wasabi-horseradish light mayonnaise,Vegetarian
wasabi-horseradish mayonnaise,Vegetarian
washing soda,Vegan
water,Vegan
water chestnut,Vegan
water chestnut flour,Vegan
water chestnut starch,Vegan
water chestnuts,Vegan
water crackers,Vegan
water-packed artichoke hearts,Vegan
watercress,Vegan
watercress leaf,Vegan
watercress leaves,Vegan
watermelon,Vegan
watermelon balls,Vegan
watermelon gelatin,Non-Vegetarian
watermelon juice,Vegan
watermelon liqueur,Vegan
watermelon radish,Vegan
watermelon radishes,Vegan
watermelon rind,Vegan
watermelon rum,Vegan
watermelon schnapps,Vegan
watermelon seeds,Vegan
watermelon slice candy,Vegan
watermelon vodka,Vegan
watermelon wedges,Vegan
wattleseed,Vegan
wax bean,Vegan
wax beans,Vegan
wax paper,Vegan
wax pepper,Vegan
wax peppers,Vegan
waxed yellow beans,Vegan
weet-bix,Vegan
weetabix,Vegan
wehani rice,Vegan
weight watchers peppermint patties,Vegan
weight watchers white bread,Vegan
weisswurst sausages,Vegan
wellfleet oysters,Vegan
wensleydale cheese,Vegetarian
wesson oil,Vegan
wesson pure vegetable oil,Vegan
western salad dressing,Vegan
westphalian ham,Non-Vegetarian
whale meat,Non-Vegetarian
wheat,Vegan
wheat beer,Vegan
wheat berries,Vegan
wheat berry bread,Vegan
wheat berry sprouts,Vegan
wheat bran,Vegan
wheat bran flakes,Vegan
wheat bread flour,Vegan
wheat chex,Vegan
wheat crackers,Vegan
wheat flakes,Vegan
wheat flakes cereal,Vegan
wheat flour,Vegan
wheat flour tortilla,Vegan
wheat flour tortillas,Vegan
wheat germ,Vegan
wheat gluten,Vegan
wheat gluten flour,Vegan
wheat grass,Vegan
wheat grass powder,Vegan
wheat hamburger buns,Vegan
wheat noodles,Vegan
wheat starch,Vegan
wheat thins crackers,Vegan
wheat thins sun-dried tomato and basil crackers,Vegan
wheat toast,Vegan
wheatables crackers,Vegan
wheatberries,Vegan
whey,Vegetarian
whey powder,Vegetarian
whey protein,Vegetarian
whey protein powder,Vegetarian
whipped butter,Vegetarian
whipped cream,Vegetarian
whipped cream cheese,Vegetarian
whipped cream powder,Vegetarian
whipped dessert topping mix,Vegan
whipped margarine,Vegan
whipped onion cream cheese,Vegetarian
whipped topping,Vegan
whipping cream,Vegetarian
whiskey,Vegan
white almond bark,Vegan
white and yellow corn,Vegan
white asparagus,Vegan
white baking bar,Vegan
white baking chocolate,Vegan
white balsamic vinegar,Vegan
white beans,Vegan
white beef stock,Non-Vegetarian
white bread,Vegan
white bread cubes,Vegan
white bread flour,Vegan
white bread machine flour,Vegan
white bread rolls dough,Vegan
white breadcrumb,Vegan
white breadcrumbs,Vegan
white burgundy,Vegan
white button mushrooms,Vegan
white cabbage,Vegan
white cake,Vegan
white cake layers,Vegan
white cake mix,Vegan
white cake mix with pudding,Vegan
white candy coating,Vegan
white castle hamburgers,Vegan
white cheddar cheese,Vegetarian
white cheddar rice cakes,Vegan
white cheese,Vegetarian
white cheese dip,Vegetarian
white chicken meat,Non-Vegetarian
white chicken meat packed in water,Non-Vegetarian
white chocolate,Vegan
white chocolate baking bar,Vegan
white chocolate baking square,Vegan
white chocolate baking squares,Vegan
white chocolate bark,Vegan
white chocolate candy melts,Vegan
white chocolate cheesecake nonfat yogurt,Vegetarian
white chocolate chips,Vegan
white chocolate chunks,Vegan
white chocolate curls,Vegan
white chocolate kisses,Vegan
white chocolate liqueur,Vegan
white chocolate pieces,Vegan
white chocolate pudding mix,Vegan
white chocolate sauce,Vegan
white chocolate square,Vegan
white chocolate syrup,Vegan
white chocolate wafers,Vegan
white chocolate-covered pretzels,Vegan
white clam sauce,Non-Vegetarian
white clover blossoms,Vegan
white cooking chocolate,Vegan
white corn,Vegan
white corn kernels,Vegan
white corn syrup,Vegan
white corn tortilla,Vegan
white corn tortilla chips,Vegan
white corn tortillas,Vegan
white cornbread mix,Vegan
white cornmeal,Vegan
white cornmeal mix,Vegan
white crab meat,Non-Vegetarian
white cranberry juice,Vegan
white cranberry juice with splenda,Vegan
white cranberry strawberry juice,Vegan
white cream-style corn,Vegetarian
white creme de cacao,Vegan
white creme de menthe,Vegan
white decorating icing,Vegan
white dinner rolls,Vegan
white distilled vinegar,Vegan
white enriched flour,Vegan
white fish fillet,Non-Vegetarian
white fish fillets,Non-Vegetarian
white fleshed fish filets,Non-Vegetarian
white flour,Vegan
white flour tortillas,Vegan
white fondant,Vegan
white frosting,Vegan
white frosting mix,Vegan
white fudge covered oreos,Vegan
white grape juice,Vegan
white grape juice concentrate,Vegan
white grape vinegar,Vegan
white grapefruit,Vegan
white grapefruits,Vegan
white grapes,Vegan
white hominy,Vegan
white horseradish,Vegan
white hot cocoa mix,Vegan
white karo,Vegan
white kidney beans,Non-Vegetarian
white lentils,Vegan
white lily self-rising cornmeal mix,Vegan
white lily self-rising flour,Vegan
white macon wine,Vegan
white meat chicken,Non-Vegetarian
white minute rice,Vegan
white mirepoix,Vegan
white miso,Vegan
white mushroom,Vegan
white mushrooms,Vegan
white mustard seeds,Vegan
white onion,Vegan
white onions,Vegan
white pea beans,Vegan
white peach,Vegan
white peaches,Vegan
white pearl onion,Vegan
white pearl onions,Vegan
white pepper,Vegan
white pepper powder,Vegan
white peppercorns,Vegan
white pickling onions,Vegan
white pineau,Vegan
white poppy seeds,Vegan
white port,Vegan
white potato,Vegan
white potatoes,Vegan
white processed cheese,Vegetarian
white pudding sausage,Non-Vegetarian
white pumpkin,Vegan
white radish,Vegan
white radishes,Vegan
white raisins,Vegan
white rice,Vegan
white rice vinegar,Vegan
white rum,Vegan
white sambuca,Vegan
white sandwich loaf,Vegan
white sauce,Vegan
white sauce mix,Vegan
white seedless grapes,Vegan
white sesame seeds,Vegan
white shoepeg corn,Vegan
white sugar,Vegan
white swiss chard,Vegetarian
white syrup,Vegan
white tequila,Vegan
white toast,Vegan
white truffle,Vegan
white truffle oil,Vegan
white truffles,Vegan
white tuna packed in oil,Non-Vegetarian
white turkey meat,Non-Vegetarian
white vanilla,Vegan
white vanilla chip,Vegan
white vanilla chips,Vegan
white vermouth,Vegan
white vinegar,Vegan
white whole wheat flour,Vegan
white wine,Vegan
white wine vinaigrette,Vegan
white wine vinegar,Vegan
white wine worcestershire sauce,Non-Vegetarian
white wings buttercake mix,Vegan
white worcestershire sauce,Non-Vegetarian
white zinfandel wine,Vegan
white-fleshed fish,Non-Vegetarian
white-meat chicken quarters,Non-Vegetarian
whitebait,Vegan
whitefish,Vegan
whitefish trimmings,Vegan
whiting fish fillets,Non-Vegetarian
whole allspice,Vegan
whole almond,Vegan
whole almonds,Vegan
whole bay leaf,Vegan
whole berry cranberry sauce,Vegan
whole black bass,Vegan
whole black cardamom seeds,Vegan
whole black peppercorn,Vegan
whole black peppercorns,Vegan
whole boneless chicken breast,Non-Vegetarian
whole boneless chicken breasts,Non-Vegetarian
whole boneless skinless chicken breast,Non-Vegetarian
whole boneless skinless chicken breasts,Non-Vegetarian
whole buttermilk,Vegetarian
whole canned tomatoes,Vegan
whole cardamom pod,Vegan
whole cardamom pods,Vegan
whole chestnuts,Vegan
whole chicken,Non-Vegetarian
whole chicken breast,Non-Vegetarian
whole chicken breasts,Non-Vegetarian
whole chickens,Vegan
whole cloves,Vegan
whole coriander seed,Vegan
whole coriander seeds,Vegan
whole corn,Vegan
whole crisp corn tortillas,Vegan
whole cumin seed,Vegan
whole cumin seeds,Vegan
whole duck,Non-Vegetarian
whole farro,Vegan
whole fruit jam,Vegan
whole grain bagel,Vegan
whole grain bagels,Vegan
whole grain baguette,Vegan
whole grain bread,Vegan
whole grain breakfast cereal,Vegan
whole grain brown rice,Vegan
whole grain buns,Vegan
whole grain cereal,Vegan
whole grain cinnamon-raisin bread,Vegan
whole grain cornmeal,Vegan
whole grain cracker,Vegan
whole grain crackers,Vegan
whole grain crunch cereal,Vegan
whole grain dijon mustard,Vegan
whole grain english muffins,Vegan
whole grain fettuccine,Vegan
whole grain honey mustard,Vegetarian
whole grain mustard,Vegan
whole grain oat flour,Vegan
whole grain oatmeal,Vegan
whole grain oats,Vegan
whole grain pie crust,Vegan
whole grain pita,Vegan
whole grain rice,Vegan
whole grain sandwich rolls,Vegan
whole grain spelt flour,Vegan
whole grain wheat and barley cereal,Vegan
whole grain wheat flour,Vegan
whole grains and sesame pilaf mix,Vegan
whole green chili,Vegan
whole green chilies,Vegan
whole green onion,Vegan
whole green onions,Vegan
whole kernel corn,Vegan
whole leaf oregano,Vegan
whole meal bread,Vegan
whole meal flour,Vegan
whole milk,Vegetarian
whole milk cottage cheese,Vegetarian
whole milk mozzarella,Vegetarian
whole milk ricotta cheese,Vegetarian
whole mixed pickling spice,Vegan
whole mixed pickling spices,Vegan
whole mushroom,Vegan
whole mushrooms,Vegan
whole mustard seeds,Vegan
whole nutmeg,Vegan
whole nutmegs,Vegan
whole oat groats,Vegan
whole oats,Vegan
whole pecans,Vegan
whole pike,Vegan
whole pumpkin,Vegan
whole salmon,Non-Vegetarian
whole skinless chicken breast,Non-Vegetarian
whole skinless chicken breasts,Non-Vegetarian
whole tilapia,Vegan
whole toasted hazelnuts,Vegan
whole tomato,Vegan
whole tomatoes,Vegan
whole trout,Vegan
whole turkey,Non-Vegetarian
whole turkey breast,Non-Vegetarian
whole unblanched almond,Vegan
whole unblanched almonds,Vegan
whole wheat angel hair pasta,Vegan
whole wheat bagel,Vegan
whole wheat bagels,Vegan
whole wheat baguette,Vegan
whole wheat bow tie pasta,Vegan
whole wheat bread,Vegan
whole wheat bread crumbs,Vegan
whole wheat bread cubes,Vegan
whole wheat bread dough,Vegan
whole wheat bread flour,Vegan
whole wheat bread machine flour,Vegan
whole wheat breadcrumbs,Vegan
whole wheat bun,Vegan
whole wheat buns,Vegan
whole wheat capellini,Vegan
whole wheat cereal,Vegan
whole wheat chicken & herb couscous,Non-Vegetarian
whole wheat ciabatta,Vegan
whole wheat couscous,Vegan
whole wheat cracker crumbs,Vegan
whole wheat crackers,Vegan
whole wheat dinner rolls,Vegan
whole wheat egg noodles,Vegetarian
whole wheat elbow macaroni,Vegan
whole wheat english muffin,Vegan
whole wheat english muffins,Vegan
whole wheat fettuccine,Vegan
whole wheat flat bread,Vegan
whole wheat flour,Vegan
whole wheat frankfurter bun,Non-Vegetarian
whole wheat french bread,Vegan
whole wheat fusilli,Vegan
whole wheat hamburger bun,Vegan
whole wheat hamburger buns,Vegan
whole wheat hoagie rolls,Vegan
whole wheat honey graham crackers,Vegetarian
whole wheat hot dog buns,Vegan
whole wheat hot roll mix,Vegan
whole wheat italian breadcrumbs,Vegan
whole wheat lasagna noodles,Vegan
whole wheat linguine,Vegan
whole wheat macaroni,Vegan
whole wheat matzot,Vegan
whole wheat noodles,Vegan
whole wheat orzo,Vegan
whole wheat pancake mix,Vegan
whole wheat panko,Vegan
whole wheat pasta,Vegan
whole wheat pasta shells,Vegan
whole wheat pastry flour,Vegan
whole wheat penne,Vegan
whole wheat penne rigate,Vegan
whole wheat pita bread,Vegan
whole wheat pizza crust,Vegan
whole wheat pizza dough,Vegan
whole wheat ravioli,Vegan
whole wheat rigatoni,Vegan
whole wheat roll,Vegan
whole wheat rolls,Vegan
whole wheat rotini,Vegan
whole wheat sandwich loaf,Vegan
whole wheat sandwich wrap,Vegan
whole wheat sandwich wraps,Vegan
whole wheat self-rising flour,Vegan
whole wheat spaghetti,Vegan
whole wheat spiral pasta,Vegan
whole wheat toast,Vegan
whole wheat tortilla,Vegan
whole wheat tortilla chip,Vegan
whole wheat tortillas,Vegan
whole wheat ziti,Vegan
whole yams in heavy syrup,Vegan
wholemeal rye flour,Vegan
wholemeal self-rising flour,Vegan
whoppers candy,Vegan
wide egg noodles,Vegetarian
wide rice noodles,Vegan
wild berry sugar-free gelatin mix,Non-Vegetarian
wild blueberries,Vegan
wild boar chops,Non-Vegetarian
wild cherry vanilla frosting,Vegan
wild cranberry juice,Vegan
wild duck breasts,Non-Vegetarian
wild ducks,Vegan
wild fennel,Vegan
wild grape and port jelly,Vegan
wild mushroom,Vegan
wild mushrooms,Vegan
wild rice,Vegan
wild rice mix,Vegan
wild salmon,Non-Vegetarian
wild strawberry gelatin,Non-Vegetarian
wild strawberry sugar-free gelatin,Non-Vegetarian
wild turkey bourbon,Non-Vegetarian
wildberry jam,Vegan
wildflower honey,Vegetarian
willow run soy margarine,Vegan
wine,Vegan
wine biscuits,Vegan
wine vinegar,Vegan
wine yeast,Vegan
wine-cured sauerkraut,Vegan
wing beans,Vegan
winter melon,Vegan
winter savory,Vegan
winter squash,Vegan
winter squash puree,Vegan
wire racks,Vegan
wish bone italian salad dressing,Non-Vegetarian
wishbone deluxe french salad dressing,Vegan
wishbone fat-free italian dressing,Vegan
wishbone italian dressing,Vegan
wishbone italian salad dressing,Vegan
witch hazel,Vegan
wok oil,Vegan
wolf brand chili,Vegan
wondra flour,Vegan
wonton,Vegan
wonton skins,Vegan
wonton wrapper,Vegan
wonton wrappers,Vegan
wontons,Vegan
wood bethony,Vegan
wood branch,Vegan
wood chips,Vegan
wood chunks,Vegan
wood ear mushrooms,Vegan
wooden popsicle sticks,Vegan
wooden skewer,Vegan
wooden skewers,Vegan
wooden stick,Vegan
wooden sticks,Vegan
woodruff,Vegan
worcestershire powder,Non-Vegetarian
worcestershire sauce,Non-Vegetarian
worcestershire sauce for chicken,Non-Vegetarian
worchestershire sauce,Vegan
worthington frichik,Vegan
worthington veja-links,Vegan
worthington wham vegetable protein slices,Vegan
wrap,Vegan
wraps,Vegan
wyler's chicken bouillon cubes,Non-Vegetarian
x-rated fusion liqueur,Vegan
xanthan gum,Vegan
xxxx confectioners' sugar,Vegan
xylitol sugar substitute,Vegan
xylitol sweetener,Vegan
yabbies,Vegan
yacon syrup,Vegan
yak meat,Non-Vegetarian
yakisoba noodles,Vegan
yakisoba sauce,Vegan
yam,Vegan
yams,Vegan
yard-long beans,Vegan
yautia,Vegan
yeast,Vegan
yeast bread dough,Vegan
yeast cube,Vegan
yeast energizer,Vegan
yeast extract,Vegan
yellow aji limo chile,Vegan
yellow aji limo chiles,Vegan
yellow apple,Vegan
yellow apples,Vegan
yellow bean sauce,Vegan
yellow beans,Vegan
yellow beet,Vegan
yellow beets,Vegan
yellow bell pepper,Vegan
yellow bell peppers,Vegan
yellow cake batter,Vegan
yellow cake mix,Vegan
yellow cake mix with pudding,Vegan
yellow candy melts,Vegan
yellow capsicum,Vegan
yellow capsicums,Vegan
yellow cauliflower,Vegan
yellow cheese,Vegetarian
yellow cherry tomato,Vegan
yellow cherry tomatoes,Vegan
yellow chiles,Vegan
yellow cling peaches,Vegan
yellow corn flour,Vegan
yellow corn grits,Vegan
yellow cornmeal,Vegan
yellow curry paste,Vegan
yellow enriched cornmeal,Vegan
yellow fin potatoes,Vegan
yellow food coloring,Vegan
yellow food coloring paste,Vegan
yellow hominy,Vegan
yellow hominy with peppers,Vegan
yellow lentils,Vegan
yellow masarepa,Vegan
yellow miso,Vegan
yellow moong dal,Vegan
yellow mustard,Vegan
yellow mustard seeds,Vegan
yellow onion,Vegan
yellow onions,Vegan
yellow pattypan squash,Vegan
yellow pear tomato,Vegan
yellow pear tomatoes,Vegan
yellow pepper,Vegan
yellow peppers,Vegan
yellow pike,Vegan
yellow plums,Vegan
yellow potato,Vegan
yellow potatoes,Vegan
yellow rice,Vegan
yellow rice mix,Vegan
yellow snapper fillets,Vegan
yellow split peas,Vegan
yellow squash,Vegan
yellow sugar,Vegan
yellow sweet bell pepper,Vegan
yellow sweet onion,Vegan
yellow sweet onions,Vegan
yellow sweet pepper,Vegan
yellow sweet peppers,Vegan
yellow taro root,Vegan
yellow tomatoes,Vegan
yellow wax bean,Vegan
yellow wax beans,Vegan
yellow wax chile pepper,Vegan
yellow zucchini,Vegan
yellow-eyed peas,Vegan
yellowfin tuna fillet,Non-Vegetarian
yellowfin tuna fillets,Non-Vegetarian
yellowfin tuna steak,Non-Vegetarian
yellowfin tuna steaks,Non-Vegetarian
yellowtail fish fillets,Non-Vegetarian
yigandes beans,Vegan
yoghurt,Vegetarian
yogurt,Vegetarian
yogurt cheese,Vegetarian
yogurt spread,Vegetarian
yogurt starter,Vegetarian
yogurt-covered peanuts,Vegetarian
yogurt-covered pretzels,Vegetarian
yogurt-covered raisins,Vegetarian
yolk-free egg noodles,Vegetarian
yolk-free wide egg noodles,Vegetarian
yoplait custard style creme caramel yogurt,Vegetarian
yoshida gourmet sauce,Vegan
young fresh baby carrots,Vegan
young ginger root,Vegan
young roasting chickens,Vegan
young tender corn,Vegan
your favorite barbecue rub,Vegan
your favorite dressing,Vegan
your favorite liqueur,Vegan
your favorite sauce,Vegan
yucca root,Vegan
yukon gold potato,Vegan
yukon gold potatoes,Vegan
yuzu,Vegan
yuzu juice,Vegan
yve's veggie ground round,Vegan
za'atar spice mix,Vegan
zatarain cajun seasoning,Vegan
zatarain's dry mix for coating meats,Vegan
zatarain's jambalaya mix,Vegan
zatarain's yellow rice,Vegan
zatarains bake and crisp mix,Vegan
zatarians gumbo base mix,Vegan
zesty hot sausage roll,Non-Vegetarian
zinfandel,Vegan
ziploc bag,Vegan
ziploc bags,Vegan
ziti pasta,Vegan
ziti rigati,Vegan
zoom quick hot cereal,Vegan
zucchini,Vegan
zucchini with italian-style tomato sauce,Vegan
zwieback toast,Vegan
zwieback toast crumbs,Vegan
